quantity,bin,binBarcode,barcode,shelf,level,productName,productType,sku,option1,option2,option3,lotName,expiration,warehouse,minCost,avgCost,maxCost,price,committed,incoming,velocity,lastReceivedAt,lastReceivedPO
3,ALL INVENTORY,1787926575498,040102223302,Eliot's Trailer,1,Andis AGC Super 2-Speed Clipper with T-84 Blade,"Horse Care > Grooming & Bathing > Clippers, Blades & Accessories",23330,Title: Default Title,,,,,Corro Trailer 1,144.31,144.31,144.31,209.99,0,0,,,
2,ALL INVENTORY,1787926575498,823313023258,Eliot's Trailer,1,Lucky Braids All-in-One Horse Shampoo,"Horse Care > Grooming & Bathing > Shampoos, Conditioners, & Sprays > Shampoos",2325,Size: 1 Quart,,,,,Corro Trailer 1,20.00,20.00,20.00,30.99,0,0,0.050632913,,
2,ALL INVENTORY,1787926575498,,Eliot's Trailer,1,Finish Line Apple-A-Day Electrolytes,Horse Care > Supplements > Electrolytes & Salt,2030,Size: 30 Pounds,,,,,Corro Trailer 1,49.38,49.38,49.38,70.95,0,0,0.11940298,,
4,ALL INVENTORY,1787926575498,715401020051,Eliot's Trailer,1,Finish Line Apple-A-Day Electrolytes,Horse Care > Supplements > Electrolytes & Salt,2005,Size: 5 Pounds,,,,,Corro Trailer 1,11.93,11.93,11.93,16.49,0,0,0.08955224,,
12,ALL INVENTORY,1787926575498,5021544000887,Eliot's Trailer,1,Carr & Day & Martin Belvoir Glycerin Conditioning Soap,Tack & Equipment > Leather Care,10020,Size: 250 Milligrams,,,,,Corro Trailer 1,5.45,5.45,5.45,9.99,0,0,,,
12,ALL INVENTORY,1787926575498,5425016901953,Eliot's Trailer,1,Cavalor Bianco Wash,"Horse Care > Grooming & Bathing > Shampoos, Conditioners, & Sprays > Stain Removers",82193050,Size: 500 Milliliters,,,,,Corro Trailer 1,21.09,21.09,21.09,30.99,0,0,0.028571429,,
15,ALL INVENTORY,1787926575498,086621023284,Eliot's Trailer,1,Farnam Bronco Equine Fly Spray,Horse Care > Fly & Insect Control > Fly Sprays & Traps,100502328,Size: 1 Quart,,,,,Corro Trailer 1,5.45,5.45,5.45,12.99,0,0,,,
5,ALL INVENTORY,1787926575498,86621023277,Eliot's Trailer,1,Farnam Bronco Equine Fly Spray,Horse Care > Fly & Insect Control > Fly Sprays & Traps,100502327,Size: 1 Gallon,,,,,Corro Trailer 1,18.38,18.38,18.38,29.97,0,0,0.125,,
3,ALL INVENTORY,1787926575498,841095052952,Eliot's Trailer,1,Centaur Fleece Cuff Bell Boots,Tack & Equipment > Boots & Wraps > Bell Boots,470790WHT SML,Size: Small,Color: White,,,,Corro Trailer 1,14.98,14.98,14.98,21.99,0,0,,,
4,ALL INVENTORY,1787926575498,841095046463,Eliot's Trailer,1,Centaur Fleece Cuff Bell Boots,Tack & Equipment > Boots & Wraps > Bell Boots,470790BLK SML,Size: Small,Color: Black,,,,Corro Trailer 1,14.98,14.98,14.98,21.99,0,0,,,
20,ALL INVENTORY,1787926575498,724004612501,Eliot's Trailer,1,Andover CoFlex Vet Cohesive Bandages - Single Roll,Horse Care > First Aid & Wellness > First Aid Supplies,3540WH-018,Size: 4-inch x 5 Yards,Color: White,,,,Corro Trailer 1,1.50,1.50,1.50,1.99,0,0,,,
8,ALL INVENTORY,1787926575498,040102121081,Eliot's Trailer,1,Andis Clipper Oil,"Horse Care > Grooming & Bathing > Clippers, Blades & Accessories",12501,Size: 4 Ounces,,,,,Corro Trailer 1,1.29,1.29,1.29,2.35,0,0,0.055555556,,
4,ALL INVENTORY,1787926575498,810611000234,Eliot's Trailer,1,Sore No-More Classic Herbal Gelotion Liniment,Horse Care > First Aid & Wellness > Liniments,AD005,Size: 1 Gallon,,,,,Corro Trailer 1,73.37,73.37,73.37,132.92,0,0,,,
28,ALL INVENTORY,1787926575498,724004611924,Eliot's Trailer,1,Andover CoFlex Vet Cohesive Bandages - Single Roll,Horse Care > First Aid & Wellness > First Aid Supplies,3540BK-018,Size: 4-inch x 5 Yards,Color: Black,,,,Corro Trailer 1,1.46,1.46,1.46,1.99,0,0,0.42307693,,
4,ALL INVENTORY,1787926575498,011444524014,Eliot's Trailer,1,Absorbine CoolDown Herbal Rinse,Horse Care > First Aid & Wellness > Liniments,427870,Size: 32 Ounces,,,,,Corro Trailer 1,18.53,18.69,18.80,24.49,0,0,0.027027028,,
1,ALL INVENTORY,1787926575498,872836007894,Eliot's Trailer,1,Lettia Coolmax Clik Girth,Tack & Equipment > Girths & Cinches > English Girths > Hunter/Jumper Girths,7894,Size: 44 inch,,,,,Corro Trailer 1,40.00,40.00,40.00,59.99,0,0,,,
1,ALL INVENTORY,1787926575498,8728360028688,Eliot's Trailer,1,Lettia CoolMax Fleece-lined Girth,Tack & Equipment > Girths & Cinches > English Girths > Hunter/Jumper Girths,GM48,Size: 48-inch,,,,,Corro Trailer 1,31.50,31.50,31.50,59.99,0,0,,,
1,ALL INVENTORY,1787926575498,872836002820,Eliot's Trailer,1,Lettia CoolMax Fleece-lined Girth,Tack & Equipment > Girths & Cinches > English Girths > Hunter/Jumper Girths,GM40,Size: 40-inch,,,,,Corro Trailer 1,31.50,31.50,31.50,59.99,0,0,,,
1,ALL INVENTORY,1787926575498,8728360028374,Eliot's Trailer,1,Lettia CoolMax Fleece-lined Girth,Tack & Equipment > Girths & Cinches > English Girths > Hunter/Jumper Girths,GM42,Size: 42-inch,,,,,Corro Trailer 1,31.50,31.50,31.50,59.99,0,0,,,
6,ALL INVENTORY,1787926575498,5425016902073,Eliot's Trailer,1,Cavalor CoolSens Liniment,Horse Care > First Aid & Wellness > Liniments,82193605,Size: 500 ml,,,,,Corro Trailer 1,20.39,20.39,20.39,29.99,0,0,0.037037037,,
6,ALL INVENTORY,1787926575498,606786010129,Eliot's Trailer,1,Cowboy Magic Detangler & Shine,"Horse Care > Grooming & Bathing > Shampoos, Conditioners & Sprays > Detanglers, Shines & Sprays",11815-2,Size: 16 Ounces,,,,,Corro Trailer 1,21.08,21.88,23.48,28.99,0,0,0.01923077,,
2,ALL INVENTORY,1787926575498,606786041284,Eliot's Trailer,1,Cowboy Magic GreenSpot Remover,"Horse Care > Grooming & Bathing > Shampoos, Conditioners, & Sprays > Stain Removers",320444,Size: Gallon,,,,,Corro Trailer 1,24.47,24.76,25.04,39.99,0,0,,,
6,ALL INVENTORY,1787926575498,606786010327,Eliot's Trailer,1,Cowboy Magic Detangler & Shine,"Horse Care > Grooming & Bathing > Shampoos, Conditioners & Sprays > Detanglers, Shines & Sprays",11815-3,Size: 32 Ounces,,,,,Corro Trailer 1,38.30,39.95,43.24,49.99,0,0,,,
2,ALL INVENTORY,1787926575498,606786400005,Eliot's Trailer,1,Cowboy Magic GreenSpot Remover,"Horse Care > Grooming & Bathing > Shampoos, Conditioners, & Sprays > Stain Removers",013-4000,Size: 32 Ounces,,,,,Corro Trailer 1,7.41,7.41,7.41,14.99,0,0,0.036144577,,
5,ALL INVENTORY,1787926575498,"5410340724767, 5410340724767",Eliot's Trailer,1,Cavalor Crunchies Healthy Horse Snacks,Horse Care > Treats & Toys > Treats,82696309,Size: 1.5 Kilograms,,,Lot# LL099,2026-09-10,Corro Trailer 1,13.45,13.45,13.45,19.99,0,0,0.028571429,,
4,ALL INVENTORY,1787926575498,078631731389,Eliot's Trailer,1,Probios Dispersible Powder,Horse Care > Supplements > Digestive & Gut Health,CHR-403,Size: 5 Pounds,,,Lot# 3793603,2027-07-15,Corro Trailer 1,56.39,56.39,56.39,70.37,0,0,,,
6,ALL INVENTORY,1787926575498,"1776267187007, 1776267187007",Eliot's Trailer,1,Cavalor An Energy Boost,Horse Care > Supplements > Performance & Energy,82193806,"Size: 60 cc, 6-pack",,,Lot# 25070021,2027-09-30,Corro Trailer 1,57.19,57.19,57.19,83.99,0,0,0.05882353,,
3,ALL INVENTORY,1787926575498,180434000224,Eliot's Trailer,1,Kentucky Performance Elevate Maintenance Powder,Horse Care > Supplements > Vitamins & Minerals,14526-1,Size: 2 Pounds Powder,,,Lot# 550,2027-10-01,Corro Trailer 1,39.94,39.94,39.95,54.99,0,0,0.037037037,,
1,ALL INVENTORY,1787926575498,180434000224,Eliot's Trailer,1,Kentucky Performance Elevate Maintenance Powder,Horse Care > Supplements > Vitamins & Minerals,14526-1,Size: 2 Pounds Powder,,,Lot# 3306115,2027-06-01,Corro Trailer 1,39.94,39.94,39.95,54.99,0,0,0.037037037,,
5,ALL INVENTORY,1787926575498,788169141412,Eliot's Trailer,1,Horsemen's Pride Equine Jolly Tug,Horse Care > Treats & Toys > Toys & Licks,JT14BL,Size: 14-inch,Color: Blue,,,,Corro Trailer 1,23.20,23.20,23.20,35.99,0,0,,,
6,ALL INVENTORY,1787926575498,5425016901915,Eliot's Trailer,1,Cavalor Equi Wash,"Horse Care > Grooming & Bathing > Shampoos, Conditioners, & Sprays > Shampoos",82193101,Size: 500 Milliliters,,,,,Corro Trailer 1,14.29,14.29,14.29,16.99,0,0,,,
11,ALL INVENTORY,1787926575498,791738114595,Eliot's Trailer,1,Pyranha Equine Spray & Wipe Water Based Formula,Horse Care > Fly & Insect Control > Fly Sprays & Traps,001EQSPRAY,Size: 1 Quart,,,,,Corro Trailer 1,13.63,13.63,13.63,17.99,0,0,,,
11,ALL INVENTORY,1787926575498,791738114694,Eliot's Trailer,1,Pyranha Equine Spray & Wipe Water Based Formula,Horse Care > Fly & Insect Control > Fly Sprays & Traps,001EQS15,Size: 15 Ounces,,,,,Corro Trailer 1,0.00,0.00,0.00,10.99,0,0,,,
2,ALL INVENTORY,1787926575498,078631731365,Eliot's Trailer,1,Probios Feed Granules,Horse Care > Supplements > Digestive & Gut Health,022-CHR406,Size: 5 Pounds,,,Lot #3759228,2026-10-30,Corro Trailer 1,36.78,36.78,36.78,44.99,0,0,,,
2,ALL INVENTORY,1787926575498,000399132870,Eliot's Trailer,1,Weaver Leather Flat Nylon Lunge Line with Snap,Tack & Equipment > Training & Lunging > Lunge Lines,35-7062-BK,Size: 1-inch x 24 Feet,Color: Black,,,,Corro Trailer 1,15.90,15.90,15.90,27.99,0,0,,,
4,ALL INVENTORY,1787926575498,5425016902165,Eliot's Trailer,1,Cavalor FreeBute Pain Relief Gel,Horse Care > First Aid & Wellness > Liniments,82194852,Size: 200 Milliliters,,,,,Corro Trailer 1,26.59,26.59,26.59,38.99,0,0,,,
4,ALL INVENTORY,1787926575498,5036486000017,Eliot's Trailer,1,Keratex Hoof Hardener,Horse Care > Grooming & Bathing > Hoof Oils & Conditioner,13477-1,Size: 250 Millileters,,,,,Corro Trailer 1,29.14,29.14,29.14,39.99,0,0,0.083333336,,
1,ALL INVENTORY,1787926575498,4102460111404,Eliot's Trailer,1,Effol Hoof Oil,Horse Care > Grooming & Bathing > Hoof Oils & Conditioner,111475,Size: 475 Milliliters,,,,,Corro Trailer 1,14.20,14.20,14.20,24.99,0,0,0.039473683,,
11,ALL INVENTORY,1787926575498,311444029046,Eliot's Trailer,1,Absorbine Hooflex Thrush Remedy,Horse Care > First Aid & Wellness > Hoof Care > Thrush,428455,Size: 12 Ounces,,,,,Corro Trailer 1,11.70,11.70,11.70,16.99,0,0,0.057142857,,
0,ALL INVENTORY,1787926575498,011444134039,Eliot's Trailer,1,Absorbine Hooflex All Natural Dressing And Conditioner,Horse Care > Grooming & Bathing > Hoof Oils & Conditioner,14496-1,Size: 15 Ounces,,,,,Corro Trailer 1,13.97,13.97,13.97,20.89,0,0,0.036144577,,
2,ALL INVENTORY,1787926575498,4102460110124,Eliot's Trailer,1,Effol Hoof Ointment,Horse Care > Grooming & Bathing > Hoof Oils & Conditioner,110112,Size: 1 Liter,Color: Green,,,,Corro Trailer 1,13.48,13.48,13.48,21.99,0,0,,,
2,ALL INVENTORY,1787926575498,011444056010,Eliot's Trailer,1,Absorbine Hooflex Therapeutic Conditioner Liquid,Horse Care > Grooming & Bathing > Hoof Oils & Conditioner,11713-1,Size: 15 Ounces,,,,,Corro Trailer 1,12.72,12.72,12.72,19.79,0,0,,,
0,ALL INVENTORY,1787926575498,5425016902066,Eliot's Trailer,1,Cavalor Ice Clay,Horse Care > First Aid & Wellness > Poultices & Hoof Packing,82191704,Size: 4 kg,,,,,Corro Trailer 1,44.19,44.19,44.19,64.99,0,0,,,
6,ALL INVENTORY,1787926575498,791738114564,Eliot's Trailer,1,Pyranha Insecticide,Horse Care > Fly & Insect Control > Fly Sprays & Traps,001AERO,Size: 15 Ounces,,,,,Corro Trailer 1,17.26,17.26,17.26,24.99,0,0,0.45833334,,
2,ALL INVENTORY,1787926575498,788169041088,Eliot's Trailer,1,Horsemen's Pride Jolly Ball,Horse Care > Treats & Toys > Toys & Licks,410PK,Flavor: Bubble Gum,Size: 10-inch,,,,Corro Trailer 1,15.72,15.72,15.72,22.99,0,0,0.041666668,,
3,ALL INVENTORY,1787926575498,011444300021,Eliot's Trailer,1,Absorbine Magic Cushion,Horse Care > First Aid & Wellness > Poultices & Hoof Packing,13671-2,Size: 4 Pounds,,,,,Corro Trailer 1,38.32,41.70,45.08,56.19,0,0,0.060240965,,
5,ALL INVENTORY,1787926575498,011444300052,Eliot's Trailer,1,Absorbine Magic Cushion,Horse Care > First Aid & Wellness > Poultices & Hoof Packing,13671-3,Size: 8 Pounds,,,,,Corro Trailer 1,64.93,69.66,74.38,96.19,0,0,,,
6,ALL INVENTORY,1787926575498,185034000025,Eliot's Trailer,1,Mare Magic Calming Supplement,Horse Care > Supplements > Calming & Focus,12416-3,Size: 32 Ounces,,,Lot #1623833,2027-04-01,Corro Trailer 1,34.15,34.15,34.15,49.99,0,0,0.055555556,,
3,ALL INVENTORY,1787926575498,011444301028,Eliot's Trailer,1,Absorbine Magic Cushion Xtreme,Horse Care > First Aid & Wellness > Poultices & Hoof Packing,13670-2,Size: 4 Pounds,,,,,Corro Trailer 1,50.07,50.07,50.07,67.59,0,0,0.046511628,,
6,ALL INVENTORY,1787926575498,312090000984,Eliot's Trailer,1,MannaPro Corona Multi-Purpose Ointment,Horse Care > First Aid & Wellness > Wound Care & Topicals,11170-4,Size: 36 Ounces,,,,,Corro Trailer 1,34.04,34.04,34.04,53.99,0,0,0.125,,
6,ALL INVENTORY,1787926575498,095668001315,Eliot's Trailer,1,MannaPro Corona Multi-Purpose Ointment,Horse Care > First Aid & Wellness > Wound Care & Topicals,1000140,Size: 14 Ounces,,,,,Corro Trailer 1,0.00,8.08,16.15,26.99,0,0,0.014084507,,
0,ALL INVENTORY,1787926575498,708852000352,Eliot's Trailer,1,Mrs. Pastures Cookies for Horses,Horse Care > Treats & Toys > Treats,708852000352,Size: 32 Ounces,,,,,Corro Trailer 1,7.30,7.30,7.30,14.99,0,0,0.06097561,,
8,ALL INVENTORY,1787926575498,021784471572,Eliot's Trailer,1,Panacur Powerpac Equine Dewormer,Horse Care > Supplements > Wormer,001-069276,"Size: 57 Grams, 5-Pack",,,Lot# A535B01,2028-06-01,Corro Trailer 1,79.50,80.03,81.09,95.99,0,0,,,
6,ALL INVENTORY,1787926575498,786232103800,Eliot's Trailer,1,EQyss Premier Conditioner,"Horse Care > Grooming & Bathing > Shampoos, Conditioners, & Sprays > Conditioners",091-10380,Size: 16 Ounces,,,,,Corro Trailer 1,9.85,9.85,9.85,13.99,0,0,0.05263158,,
12,ALL INVENTORY,1787926575498,786232103503,Eliot's Trailer,1,EQyss Premier Equine Shampoo,"Horse Care > Grooming & Bathing > Shampoos, Conditioners, & Sprays > Shampoos",091-10350,Size: 32 Ounces,,,,,Corro Trailer 1,13.29,13.29,13.29,19.95,0,0,0.03508772,,
2,ALL INVENTORY,1787926575498,722424321096,Eliot's Trailer,1,exhibitor's QUIC CONDITIONER Moisturizer & Strengthener,"Horse Care > Grooming & Bathing > Shampoos, Conditioners, & Sprays > Conditioners",321096,Size: 32 Ounces,,,,,Corro Trailer 1,9.27,9.27,9.27,13.99,0,0,,,
4,ALL INVENTORY,1787926575498,722424064115,Eliot's Trailer,1,exhibitor's QUIC BRAID Total Mane & Tail Control,Horse Care > Grooming & Bathing > Brushes & Tools > Braiding,12028-2,Size: 64 Ounces,,,,,Corro Trailer 1,19.09,19.09,19.09,29.99,0,0,,,
7,ALL INVENTORY,1787926575498,722424016114,Eliot's Trailer,1,exhibitor's QUIC BRAID Total Mane & Tail Control,Horse Care > Grooming & Bathing > Brushes & Tools > Braiding,321326,Size: 16 Ounces,,,,,Corro Trailer 1,8.06,8.06,8.06,15.34,0,0,0.039473683,,
2,ALL INVENTORY,1787926575498,722424032091,Eliot's Trailer,1,exhibitor's QUIC SHEEN Coat Polish,"Horse Care > Grooming & Bathing > Shampoos, Conditioners & Sprays > Detanglers, Shines & Sprays",013-321386,Size: 32 Ounces,,,,,Corro Trailer 1,9.99,9.99,9.99,16.99,0,0,,,
1,ALL INVENTORY,1787926575498,086621397019,Eliot's Trailer,1,Farnam Rain Maker Triple Action Hoof Moisturizer and Conditioner,Horse Care > Grooming & Bathing > Hoof Oils & Conditioner,39701,Size: 32 Ounces,,,,,Corro Trailer 1,16.88,16.88,16.88,30.99,0,0,,,
27,ALL INVENTORY,1787926575498,722424064016,Eliot's Trailer,1,exhibitor's QUIC SILVER Whitening Intensifier & Shampoo,"Horse Care > Grooming & Bathing > Shampoos, Conditioners, & Sprays > Shampoos",321164,Size: 64 Ounces,,,,,Corro Trailer 1,23.23,23.23,23.23,35.99,0,0,0.024096385,,
5,ALL INVENTORY,1787926575498,722424016015,Eliot's Trailer,1,exhibitor's QUIC SILVER Whitening Intensifier & Shampoo,"Horse Care > Grooming & Bathing > Shampoos, Conditioners, & Sprays > Shampoos",12029-1,Size: 16 Ounces,,,,,Corro Trailer 1,7.63,7.63,7.63,13.99,0,0,0.036363635,,
9,ALL INVENTORY,1787926575498,086621103306,Eliot's Trailer,1,Farnam Repel-X Insecticide and Repellent,Horse Care > Fly & Insect Control > Fly Sprays & Traps,100551184,Size: 1 Quart,,,,,Corro Trailer 1,10.56,10.56,10.56,15.99,0,0,,,
4,ALL INVENTORY,1787926575498,086621741102,Eliot's Trailer,1,Horse Health Products Red Cell Vitamin-Iron-Mineral Supplement,Horse Care > Supplements > Performance & Energy,74110,Size: 1 Gallon,,,,,Corro Trailer 1,21.84,21.84,21.84,34.97,0,0,,,
2,Cycle Counts Grooming,1785512013430,674422115279,Eliot's Trailer,1,Shapley's Show Touch Ups,"Horse Care > Grooming & Bathing > Shampoos, Conditioners, & Sprays > Stain Removers",STUGDS,Size: 10 Ounces,Color: Gray,,,,Corro Trailer 1,9.94,9.94,9.94,12.99,0,0,,Fri Jul 31 2026 15:56:50 GMT+0000 (Coordinated Universal Time),NWW00016
2,Cycle Counts Grooming,1785512013430,674422115255,Eliot's Trailer,1,Shapley's Show Touch Ups,"Horse Care > Grooming & Bathing > Shampoos, Conditioners, & Sprays > Stain Removers",13018-3,Size: 10 Ounces,Color: Dark Brown,,,,Corro Trailer 1,9.94,9.94,9.94,12.99,0,0,,Fri Jul 31 2026 15:56:50 GMT+0000 (Coordinated Universal Time),NWW00016
4,ALL INVENTORY,1787926575498,011444146063,Eliot's Trailer,1,Absorbine ShowSheen Miracle Groom Bath in a Bottle,"Horse Care > Grooming & Bathing > Shampoos, Conditioners & Sprays > Detanglers, Shines & Sprays",450150,Size: 16 Ounces,,,,,Corro Trailer 1,6.33,6.33,6.33,17.29,0,0,0.023255814,,
2,Cycle Counts Grooming,1785512013430,674422115224,Eliot's Trailer,1,Shapley's Show Touch Ups,"Horse Care > Grooming & Bathing > Shampoos, Conditioners, & Sprays > Stain Removers",STUSDS,Size: 10 Ounces,Color: Sorrel,,,,Corro Trailer 1,9.94,9.94,9.94,12.99,0,0,,Fri Jul 31 2026 15:56:50 GMT+0000 (Coordinated Universal Time),NWW00016
2,Cycle Counts Grooming,1785512013430,674422115231,Eliot's Trailer,1,Shapley's Show Touch Ups,"Horse Care > Grooming & Bathing > Shampoos, Conditioners, & Sprays > Stain Removers",STU-C DS,Size: 10 Ounces,Color: Chestnut,,,,Corro Trailer 1,9.94,9.94,9.94,12.99,0,0,,Fri Jul 31 2026 15:56:50 GMT+0000 (Coordinated Universal Time),NWW00016
2,Cycle Counts Grooming,1785512013430,674422115262,Eliot's Trailer,1,Shapley's Show Touch Ups,"Horse Care > Grooming & Bathing > Shampoos, Conditioners, & Sprays > Stain Removers",STUPDS,Size: 10 Ounces,Color: Palomino,,,,Corro Trailer 1,9.94,9.94,9.94,12.99,0,0,0.012048192,Fri Jul 31 2026 15:56:50 GMT+0000 (Coordinated Universal Time),NWW00016
5,Cycle Counts Grooming,1785512013430,674422115248,Eliot's Trailer,1,Shapley's Show Touch Ups,"Horse Care > Grooming & Bathing > Shampoos, Conditioners, & Sprays > Stain Removers",13018-5,Size: 10 Ounces,Color: Medium Brown,,,,Corro Trailer 1,9.94,9.94,9.94,12.99,0,0,,Fri Jul 31 2026 15:56:50 GMT+0000 (Coordinated Universal Time),NWW00016
0,ALL INVENTORY,1787926575498,311444032046,Eliot's Trailer,1,Absorbine ShowSheen Hair Polish & Detangler,"Horse Care > Grooming & Bathing > Shampoos, Conditioners & Sprays > Detanglers, Shines & Sprays",428940,Size: 1 Gallon,,,,,Corro Trailer 1,30.16,30.16,30.16,43.59,0,0,0.048780486,,
15,Cycle Counts Grooming,1785512013430,311444032046,Eliot's Trailer,1,Absorbine ShowSheen Hair Polish & Detangler,"Horse Care > Grooming & Bathing > Shampoos, Conditioners & Sprays > Detanglers, Shines & Sprays",428940,Size: 1 Gallon,,,,,Corro Trailer 1,30.16,30.16,30.16,43.59,0,0,0.048780486,,
5,Cycle Counts Grooming,1785512013430,674422115200,Eliot's Trailer,1,Shapley's Show Touch Ups,"Horse Care > Grooming & Bathing > Shampoos, Conditioners, & Sprays > Stain Removers",13018-8,Size: 10 Ounces,Color: White,,,,Corro Trailer 1,9.94,9.94,9.94,12.99,0,0,0.012048192,Fri Jul 31 2026 15:56:50 GMT+0000 (Coordinated Universal Time),NWW00016
11,ALL INVENTORY,1787926575498,311444032039,Eliot's Trailer,1,Absorbine ShowSheen Hair Polish & Detangler,"Horse Care > Grooming & Bathing > Shampoos, Conditioners & Sprays > Detanglers, Shines & Sprays",11094-1,Size: 32-Ounce Spray,,,,,Corro Trailer 1,11.94,11.94,11.94,17.99,0,0,0.023529412,,
7,Cycle Counts Grooming,1785512013430,674422115194,Eliot's Trailer,1,Shapley's Show Touch Ups,"Horse Care > Grooming & Bathing > Shampoos, Conditioners, & Sprays > Stain Removers",STU-BDS,Size: 10 Ounces,Color: Black,,,,Corro Trailer 1,9.94,9.94,9.94,12.99,0,0,,Fri Jul 31 2026 15:56:50 GMT+0000 (Coordinated Universal Time),NWW00016
2,ALL INVENTORY,1787926575498,010576000229,Eliot's Trailer,1,Hawthorne Products Sole Pack Medicated Liquid Hoof Dressing,Horse Care > First Aid & Wellness > Poultices & Hoof Packing,1003,Size: 16 Ounces,,,,,Corro Trailer 1,8.22,8.22,8.22,22.99,0,0,0.023255814,,
10,ALL INVENTORY,1787926575498,010576000236,Eliot's Trailer,1,Hawthorne Products Sole Pack Medicated Hoof Packing Paste,Horse Care > First Aid & Wellness > Poultices & Hoof Packing,16824-2,Size: 8 Pounds,,,,,Corro Trailer 1,74.77,74.77,74.77,94.99,0,0,0.06779661,,
5,ALL INVENTORY,1787926575498,788169020311,Eliot's Trailer,1,Horsemen's Pride Stall Snack Combo,Horse Care > Treats & Toys > Toys & Licks,SS203APPLE,Size: 1 Combo,,,,,Corro Trailer 1,25.47,25.47,25.47,44.45,0,0,0.015625,,
6,ALL INVENTORY,1787926575498,086621123021,Eliot's Trailer,1,Farnam SWAT Fly Repellent Ointment,Horse Care > Fly & Insect Control > Fly Sprays & Traps,100532426,Size: 7 Ounces,Color: Clear,,,,Corro Trailer 1,0.00,4.92,9.84,15.49,0,0,0.014925373,,
2,ALL INVENTORY,1787926575498,"5410340724774, 5410340724774",Eliot's Trailer,1,Cavalor Sweeties Healthy Horse Snacks,Horse Care > Treats & Toys > Treats,82696304,Size: 750 Grams,,,Lot# LL297,2027-04-24,Corro Trailer 1,7.29,7.29,7.29,10.95,0,0,0.05,,
3,ALL INVENTORY,1787926575498,7340041110447,Eliot's Trailer,1,Back on Track Therapeutic No Bow Wraps,Tack & Equipment > Boots & Wraps > Leg Wraps,20500006,Size: 12 Inches x 30 Inches,Color: Black,,,,Corro Trailer 1,34.00,34.00,34.00,68.00,0,0,0.018518519,,
5,ALL INVENTORY,1787926575498,7340041110454,Eliot's Trailer,1,Back on Track Therapeutic No Bow Wraps,Tack & Equipment > Boots & Wraps > Leg Wraps,20500007,Size: 14 Inches x 30 Inches,Color: Black,,,,Corro Trailer 1,34.00,34.00,34.00,68.00,0,0,0.018518519,,
2,ALL INVENTORY,1787926575498,7340041110461,Eliot's Trailer,1,Back on Track Therapeutic No Bow Wraps,Tack & Equipment > Boots & Wraps > Leg Wraps,20500008,Size: 16 Inches x 30 Inches,Color: Black,,,,Corro Trailer 1,34.00,34.00,34.00,68.00,0,0,,,
2,ALL INVENTORY,1787926575498,7340041172568,Eliot's Trailer,1,Back on Track Therapeutic No Bow Wraps,Tack & Equipment > Boots & Wraps > Leg Wraps,20500009,Size: 10 Inches x 30 Inches,Color: Black,,,,Corro Trailer 1,34.00,34.00,34.00,68.00,0,0,,,
0,ALL INVENTORY,1787926575498,757475332685,Eliot's Trailer,1,Epona Tiger’s Tongue Horse Groomer,"Horse Care > Grooming & Bathing > Brushes & Tools > Grooming Gloves, Curry Combs & Deshedding Tools",TIGER-1010,Title: Default Title,,,,,Corro Trailer 1,3.75,3.75,3.75,9.95,0,0,0.06097561,,
46,Cycle Counts Grooming,1785512013430,757475332685,Eliot's Trailer,1,Epona Tiger’s Tongue Horse Groomer,"Horse Care > Grooming & Bathing > Brushes & Tools > Grooming Gloves, Curry Combs & Deshedding Tools",TIGER-1010,Title: Default Title,,,,,Corro Trailer 1,3.75,3.75,3.75,9.95,0,0,0.06097561,,
2,ALL INVENTORY,1787926575498,011444220015,Eliot's Trailer,1,Absorbine UltraShield Green Natural Fly Repellent,Horse Care > Fly & Insect Control > Fly Sprays & Traps,429501,Size: 32 Ounces,,,,,Corro Trailer 1,15.48,15.48,15.48,23.59,0,0,,,
31,ALL INVENTORY,1787926575498,350604600190,Eliot's Trailer,1,Merial UlcerGard Oral Paste,Horse Care > Supplements > Digestive & Gut Health,126652,Size: 1 Syringe,,,Lot# AD017/25,2026-11-01,Corro Trailer 1,36.65,38.24,39.22,42.99,0,0,0.325,,
4,ALL INVENTORY,1787926575498,4064035091880,Eliot's Trailer,1,3M Vetrap Bandaging Tape,Horse Care > First Aid & Wellness > First Aid Supplies,1410BK,Size: 4-inch x 5 Yards,Color: Black,,,,Corro Trailer 1,2.05,2.16,2.27,2.89,0,0,0.18181819,,
10,ALL INVENTORY,1787926575498,311444075012,Eliot's Trailer,1,Absorbine Veterinary Liniment Gel,Horse Care > First Aid & Wellness > Liniments,11015-2,Size: 12 Ounces,,,,,Corro Trailer 1,11.14,11.14,11.14,15.45,0,0,0.028169014,,
2,ALL INVENTORY,1787926575498,086621049598,Eliot's Trailer,1,Farnam Vetrolin Green Spot Out Spray-On Dry Clean Shampoo,"Horse Care > Grooming & Bathing > Shampoos, Conditioners, & Sprays > Stain Removers",3004959,Size: 16 Ounces,,,,,Corro Trailer 1,5.61,5.61,5.61,9.99,0,0,,,
20,ALL INVENTORY,1787926575498,051115048609,Eliot's Trailer,1,3M Vetrap Bandaging Tape,Horse Care > First Aid & Wellness > First Aid Supplies,1410B,Size: 4-inch x 5 Yards,Color: Blue,,,,Corro Trailer 1,2.05,2.16,2.27,2.89,0,0,,,
5,ALL INVENTORY,1787926575498,086621801936,Eliot's Trailer,1,Farnam Vetrolin Liniment,Horse Care > First Aid & Wellness > Liniments,80193,Size: 1 Gallon,,,,,Corro Trailer 1,35.59,35.59,35.59,44.99,0,0,0.039473683,,
2,ALL INVENTORY,1787926575498,823313023609,Eliot's Trailer,1,Lucky Braids Whitener & Dry Wash Spray,"Horse Care > Grooming & Bathing > Shampoos, Conditioners, & Sprays > Stain Removers",2360,Size: 1 Gallon,,,,,Corro Trailer 1,52.00,52.00,52.00,99.95,0,0,0.011904762,,
2,ALL INVENTORY,1787926575498,086621803084,Eliot's Trailer,1,Farnam Vetrolin Shine,"Horse Care > Grooming & Bathing > Shampoos, Conditioners & Sprays > Detanglers, Shines & Sprays",80308,Size: 64 Ounces,,,,,Corro Trailer 1,14.20,14.20,14.20,19.99,0,0,,,
4,ALL INVENTORY,1787926575498,086621801929,Eliot's Trailer,1,Farnam Vetrolin Liniment,Horse Care > First Aid & Wellness > Liniments,80192,Size: 32 Ounces,,,,,Corro Trailer 1,12.73,12.73,12.73,15.99,0,0,0.051948052,,
23,ALL INVENTORY,1787926575498,791738114519,Eliot's Trailer,1,Pyranha Wipe n' Spray,Horse Care > Fly & Insect Control > Fly Sprays & Traps,001WIPEG,Size: 1 Gallon,,,,,Corro Trailer 1,40.52,40.52,40.52,77.95,0,0,0.057142857,,
8,ALL INVENTORY,1787926575498,791738114526,Eliot's Trailer,1,Pyranha Wipe n' Spray,Horse Care > Fly & Insect Control > Fly Sprays & Traps,001WIPE,Size: 32 Ounces,,,,,Corro Trailer 1,13.82,13.82,13.82,23.99,0,0,0.041666668,,
1,ALL INVENTORY,1787926575498,086621803077,Eliot's Trailer,1,Farnam Vetrolin Shine,"Horse Care > Grooming & Bathing > Shampoos, Conditioners & Sprays > Detanglers, Shines & Sprays",80307,Size: 32 Ounces,,,,,Corro Trailer 1,0.00,0.00,0.00,11.99,0,0,,,
0,ALL INVENTORY,1787926575498,823313023623,Eliot's Trailer,1,Lucky Braids Whitener & Dry Wash Spray,"Horse Care > Grooming & Bathing > Shampoos, Conditioners, & Sprays > Stain Removers",2362,Size: 1 Quart,,,,,Corro Trailer 1,25.00,25.00,25.00,39.95,0,0,0.02631579,,
3,Cycle Counts Grooming,1785512013430,823313023623,Eliot's Trailer,1,Lucky Braids Whitener & Dry Wash Spray,"Horse Care > Grooming & Bathing > Shampoos, Conditioners, & Sprays > Stain Removers",2362,Size: 1 Quart,,,,,Corro Trailer 1,25.00,25.00,25.00,39.95,0,0,0.02631579,,
4,ALL INVENTORY,1787926575498,086621311015,Eliot's Trailer,1,Farnam Wonder Dust Wound Powder,Horse Care > First Aid & Wellness > Wound Care & Topicals,31101,Size: 4 Ounces,,,,,Corro Trailer 1,5.03,5.03,5.03,7.99,0,0,0.012658228,,
4,ALL INVENTORY,1787926575498,"086621020184, 086621020184",Eliot's Trailer,1,Equicare Flysect Super-7 Repellent Spray,Horse Care > Fly & Insect Control > Fly Sprays & Traps,100502018,Size: 1 Gallon,,,,,Corro Trailer 1,63.22,63.22,63.22,78.99,0,0,0.032258064,,
1,ALL INVENTORY,1787926575498,086621113015,Eliot's Trailer,1,Equicare Flysect Citronella Spray with Lanolin,Horse Care > Fly & Insect Control > Fly Sprays & Traps,11301,Size: 32 Ounces,,,,,Corro Trailer 1,15.53,15.53,15.53,25.99,0,0,0.05263158,,
8,ALL INVENTORY,1787926575498,"086621020191, 086621020191",Eliot's Trailer,1,Equicare Flysect Super-7 Repellent Spray,Horse Care > Fly & Insect Control > Fly Sprays & Traps,100502019,Size: 32 Ounce,,,,,Corro Trailer 1,20.06,20.06,20.06,29.95,0,0,0.072289154,,
2,ALL INVENTORY,1787926575498,086621101241,Eliot's Trailer,1,Farnam Wipe Original Formula Fly Protectant,Horse Care > Fly & Insect Control > Fly Sprays & Traps,10124,Size: 1 Gallon,,,,,Corro Trailer 1,80.49,80.49,80.49,115.99,0,0,,,
13,ALL INVENTORY,1787926575498,084369187428,Eliot's Trailer,1,Little Giant Plastic 20 Quart Flat Back Bucket,Stable > Stable Supplies > Feed & Water Buckets,P20FBNAVY6,Size: 20 Quarts,Color: Navy,,,,Corro Trailer 1,5.84,6.47,7.09,12.99,0,0,0.16666667,,
20,ALL INVENTORY,1787926575498,012891260012,Eliot's Trailer,1,Fortiflex 8-Quart Utility Pail,Stable > Stable Supplies > Feed & Water Buckets,N400-8BX,Size: 8 Quarts,Color: Black,,,,Corro Trailer 1,3.99,3.99,3.99,6.99,0,0,0.08571429,,
13,ALL INVENTORY,1787926575498,084369187312,Eliot's Trailer,1,Little Giant Plastic 20 Quart Flat Back Bucket,Stable > Stable Supplies > Feed & Water Buckets,P20FBBLACK6,Size: 20 Quarts,Color: Black,,,,Corro Trailer 1,5.84,6.47,7.09,12.99,0,0,0.03125,,
2,ALL INVENTORY,1787926575498,890347002177,Eliot's Trailer,1,Ramard Total Calm & Focus Supplement,Horse Care > Supplements > Calming & Focus,RAM-04J,Size: 1.12LB (30 day supply),,,Lot #F242422,2027-03-01,Corro Trailer 1,42.15,42.15,42.15,63.48,0,0,,,
10,ALL INVENTORY,1787926575498,084369007856,Eliot's Trailer,1,Little Giant Plastic 8 Quart Flat Back Bucket,Stable > Stable Supplies > Feed & Water Buckets,P8FBBLACK,Size: 8 Quarts,Color: Black,,,,Corro Trailer 1,3.73,4.11,4.49,6.99,0,0,0.06666667,,
24,ALL INVENTORY,1787926575498,890347002184,Eliot's Trailer,1,Ramard Total Calm & Focus Show Safe Syringe,Horse Care > Supplements > Calming & Focus,RAM-04S,Size: 1 Ounce,,,,,Corro Trailer 1,8.03,8.03,8.03,11.99,0,0,0.375,,
3,ALL INVENTORY,1787926575498,012891141113,Eliot's Trailer,1,Fortiflex Rubber Stall Feeder Reinforced Rubber Pan,Stable > Stable Supplies > Feed & Water Buckets,CR-80,Size: 8 Quarts,Color: Black,,,,Corro Trailer 1,5.54,5.54,5.54,8.99,0,0,0.057971016,,
2,ALL INVENTORY,1787926575498,890347002191,Eliot's Trailer,1,Ramard Total Calm & Focus Supplement,Horse Care > Supplements > Calming & Focus,RAM-04P,Size: 6.75LB (180 day supply),,,Lot# F253607,2028-04-01,Corro Trailer 1,259.97,259.97,259.97,315.99,0,0,,,
1,ALL INVENTORY,1787926575498,798304227826,Eliot's Trailer,1,Sore No-More Performance Liniment,Horse Care > First Aid & Wellness > Liniments,14900-2,Size: 16 Ounces,,,,,Corro Trailer 1,15.23,15.89,16.54,28.13,0,0,0.045454547,,
1,ALL INVENTORY,1787926575498,610395266310,Eliot's Trailer,1,E3 All Natural Fly Repellent Spray,Horse Care > Fly & Insect Control > Fly Sprays & Traps,30128,Size: Gallon,,,,,Corro Trailer 1,25.89,25.89,25.89,34.99,0,0,0.084337346,,
24,ALL INVENTORY,1787926575498,736211267917,Eliot's Trailer,1,E3 Tea Tree Shampoo,"Horse Care > Grooming & Bathing > Shampoos, Conditioners, & Sprays > Shampoos",E3-40032,Size: 32 Ounces,,,,,Corro Trailer 1,11.01,11.01,11.01,16.00,0,0,0.038961038,,
9,ALL INVENTORY,1787926575498,736211267818,Eliot's Trailer,1,E3 Tea Tree Shampoo,"Horse Care > Grooming & Bathing > Shampoos, Conditioners, & Sprays > Shampoos",001-40128,Size: 1 Gallon,,,,,Corro Trailer 1,23.79,27.36,30.92,38.99,0,0,1,,
24,ALL INVENTORY,1787926575498,610395266372,Eliot's Trailer,1,E3 Argan Oil Shampoo Waterless Spray,"Horse Care > Grooming & Bathing > Shampoos, Conditioners, & Sprays > Shampoos",001-130032,Size: 32 Ounces,,,,,Corro Trailer 1,8.85,8.85,8.85,14.85,0,0,0.024691358,,
4,ALL INVENTORY,1787926575498,736211268518,Eliot's Trailer,1,E3 All Natural Fly Repellent Spray,Horse Care > Fly & Insect Control > Fly Sprays & Traps,30032,Size: 32 Ounces,,,,,Corro Trailer 1,10.40,10.40,10.40,17.00,0,0,0.025,,
4,ALL INVENTORY,1787926575498,736211267610,Eliot's Trailer,1,E3 Antibacterial & Antifungal Shampoo,"Horse Care > Grooming & Bathing > Shampoos, Conditioners, & Sprays > Shampoos",17230-2,Size: 1 Gallon,,,,,Corro Trailer 1,31.82,31.82,31.82,47.78,0,0,0.14705883,,
8,ALL INVENTORY,1787926575498,040232253256,Eliot's Trailer,1,E3 Argan Oil Conditioner,"Horse Care > Grooming & Bathing > Shampoos, Conditioners, & Sprays > Conditioners",17235-1,Size: 32 Ounces,,,,,Corro Trailer 1,9.62,9.62,9.62,17.98,0,0,0.013888889,,
16,ALL INVENTORY,1787926575498,051497006075,Eliot's Trailer,1,E3 Argan Oil Shampoo,"Horse Care > Grooming & Bathing > Shampoos, Conditioners, & Sprays > Shampoos",17231-3,Size: 1 Gallon,,,,,Corro Trailer 1,28.67,28.67,28.67,49.95,0,0,0.10666667,,
13,ALL INVENTORY,1787926575498,736211267719,Eliot's Trailer,1,E3 Antibacterial & Antifungal Shampoo,"Horse Care > Grooming & Bathing > Shampoos, Conditioners, & Sprays > Shampoos",17230-1,Size: 32 Ounces,,,,,Corro Trailer 1,0.00,6.95,13.90,25.17,0,0,0.060240965,,
11,ALL INVENTORY,1787926575498,610395266396,Eliot's Trailer,1,E3 Argan Oil Shampoo,"Horse Care > Grooming & Bathing > Shampoos, Conditioners, & Sprays > Shampoos",120032,Size: 32 Ounces,,,,,Corro Trailer 1,12.04,12.04,12.04,21.29,0,0,0.034883723,,
1,ALL INVENTORY,1787926575498,823313024408,Eliot's Trailer,1,Lucky Braids Horse Braiding Yarn,Horse Care > Grooming & Bathing > Brushes & Tools > Braiding,2440,Color: Charcoal/Salt & Pepper,,,,,Corro Trailer 1,5.75,5.75,5.75,17.95,0,0,,,
11,ALL INVENTORY,1787926575498,856519002246,Eliot's Trailer,1,German Horse Minty Muffins,Horse Care > Treats & Toys > Treats,15497-1,Size: 1 Pound,,,,,Corro Trailer 1,7.53,7.53,7.53,10.99,0,0,0.19277108,,
2,ALL INVENTORY,1787926575498,823313024200,Eliot's Trailer,1,Lucky Braids Horse Braiding Yarn,Horse Care > Grooming & Bathing > Brushes & Tools > Braiding,2420,Color: Chestnut/Sorrel,,,,,Corro Trailer 1,5.75,5.75,5.75,17.95,0,0,,,
1,ALL INVENTORY,1787926575498,823313024248,Eliot's Trailer,1,Lucky Braids Horse Braiding Yarn,Horse Care > Grooming & Bathing > Brushes & Tools > Braiding,2422,Color: Liver Chestnut,,,,,Corro Trailer 1,5.75,5.75,5.75,17.95,0,0,,,
2,ALL INVENTORY,1787926575498,823313024309,Eliot's Trailer,1,Lucky Braids Horse Braiding Yarn,Horse Care > Grooming & Bathing > Brushes & Tools > Braiding,2430,Color: Light Grey/Flaxen,,,,,Corro Trailer 1,5.75,5.75,5.75,17.95,0,0,0.013333334,,
28,ALL INVENTORY,1787926575498,856519002000,Eliot's Trailer,1,German Horse Muffins,Horse Care > Treats & Toys > Treats,011-1001001,Size: 1 Pound,,,,,Corro Trailer 1,5.12,5.12,5.12,9.99,0,0,0.20481928,,
2,ALL INVENTORY,1787926575498,823313024101,Eliot's Trailer,1,Lucky Braids Horse Braiding Yarn,Horse Care > Grooming & Bathing > Brushes & Tools > Braiding,2410,Color: Black,,,,,Corro Trailer 1,5.75,5.75,5.75,17.95,0,0,,,
1,ALL INVENTORY,1787926575498,892277180970,Eliot's Trailer,1,EquiFit Belly Band,Tack & Equipment > Girths & Cinches > English Girths > Hunter/Jumper Girths,02018O,Size: Oversized,,,,,Corro Trailer 1,81.18,81.18,81.18,164.00,0,0,,,
1,ALL INVENTORY,1787926575498,"00892277180802, 00892277180802",Eliot's Trailer,1,EquiFit Ear Bonnet,Tack & Equipment > Ear Plugs & Bonnets > Bonnets,02016O,Size: Oversized,Color: Black,,,,Corro Trailer 1,54.97,54.97,54.97,108.00,0,0,0.011363637,,
2,ALL INVENTORY,1787926575498,892277185166,Eliot's Trailer,1,EquiFit Essential Everyday Front Boots,Tack & Equipment > Boots & Wraps > Protective Boots > Front Boots,11277FMB,Size: Medium,Color: Black,,,,Corro Trailer 1,57.49,57.49,57.49,116.00,0,0,,,
1,ALL INVENTORY,1787926575498,"00892277180796, 00892277180796",Eliot's Trailer,1,EquiFit Ear Bonnet,Tack & Equipment > Ear Plugs & Bonnets > Bonnets,02016H,Size: Horse,Color: Black,,,,Corro Trailer 1,54.97,54.97,54.97,108.00,0,0,,,
2,ALL INVENTORY,1787926575498,"00892277182233, 00892277182233",Eliot's Trailer,1,EquiFit D-Teq Hind Boots with ImpacTeq Liners,Tack & Equipment > Boots & Wraps > Protective Boots > Hind Boots,01602HLB,Size: Large,Color: Black with Black Binding,,,,Corro Trailer 1,156.45,156.45,156.45,302.00,0,0,,,
2,ALL INVENTORY,1787926575498,892277185180,Eliot's Trailer,1,EquiFit Essential Everyday Front Boots,Tack & Equipment > Boots & Wraps > Protective Boots > Front Boots,11277FXLB,Size: Extra Large,Color: Black,,,,Corro Trailer 1,57.49,57.49,57.49,116.00,0,0,,,
2,ALL INVENTORY,1787926575498,"00892277177918, 00892277177918",Eliot's Trailer,1,EquiFit D-Teq Hind Boots with ImpacTeq Liners,Tack & Equipment > Boots & Wraps > Protective Boots > Hind Boots,01604-LGBLKOST,Size: Large,Color: Black Ostrich with Black Binding,,,,Corro Trailer 1,156.45,156.45,156.45,302.00,0,0,,,
1,ALL INVENTORY,1787926575498,00892277177895,Eliot's Trailer,1,EquiFit D-Teq Front Boot with ImpacTeq Liner,Tack & Equipment > Boots & Wraps > Protective Boots > Front Boots,01601FXLB,Size: Extra Large,Color: Black with Black Binding,,,,Corro Trailer 1,162.75,162.75,162.75,314.00,0,0,,,
1,ALL INVENTORY,1787926575498,"00892277181205, 00892277181205",Eliot's Trailer,1,EquiFit D-Teq Hind Boots with ImpacTeq Liners,Tack & Equipment > Boots & Wraps > Protective Boots > Hind Boots,01608-LGBN,Size: Large,Color: Black Ostrich with Brown Binding,,,,Corro Trailer 1,156.45,156.45,156.45,302.00,0,0,,,
1,ALL INVENTORY,1787926575498,892277180956,Eliot's Trailer,1,EquiFit Belly Band,Tack & Equipment > Girths & Cinches > English Girths > Hunter/Jumper Girths,02018C,Size: Cob,,,,,Corro Trailer 1,81.18,81.18,81.18,164.00,0,0,,,
1,ALL INVENTORY,1787926575498,00892277182271,Eliot's Trailer,1,EquiFit D-Teq Front Boot with ImpacTeq Liner,Tack & Equipment > Boots & Wraps > Protective Boots > Front Boots,01603-Large,Size: Large,Color: Black Ostrich with Black Binding,,,,Corro Trailer 1,162.75,162.75,162.75,314.00,0,0,,,
2,ALL INVENTORY,1787926575498,892277185227,Eliot's Trailer,1,EquiFit Essential Everyday Hind Boot,Tack & Equipment > Boots & Wraps > Protective Boots > Hind Boots,11278HXLB,Size: Extra Large,Color: Black,,,,Corro Trailer 1,51.22,51.22,51.22,103.00,0,0,,,
1,ALL INVENTORY,1787926575498,892277185203,Eliot's Trailer,1,EquiFit Essential Everyday Hind Boot,Tack & Equipment > Boots & Wraps > Protective Boots > Hind Boots,11278HMB,Size: Medium,Color: Black,,,,Corro Trailer 1,51.22,51.22,51.22,103.00,0,0,,,
3,ALL INVENTORY,1787926575498,8408750963538,Eliot's Trailer,1,Likit Holder,Horse Care > Treats & Toys > Toys & Licks,LH01US10,Color: Red,,,,,Corro Trailer 1,11.43,11.43,11.43,21.99,0,0,0.07317073,,
3,ALL INVENTORY,1787926575498,9329028216653,Eliot's Trailer,1,Kincade Fleece Girth,Tack & Equipment > Girths & Cinches > English Girths > Hunter/Jumper Girths,344051,Size: 42 Inches,Color: White/Brown,,,,Corro Trailer 1,29.00,29.00,29.00,52.99,0,0,,,
4,ALL INVENTORY,1787926575498,688499326216,Eliot's Trailer,1,Tough-1 Great Grip Finishing Brush,Horse Care > Grooming & Bathing > Brushes & Tools > Brushes & Combs,68-905-4-0,Color: Royal Blue,,,,,Corro Trailer 1,4.19,4.19,4.19,7.99,0,0,1.6666666,,
2,ALL INVENTORY,1787926575498,688499326179,Eliot's Trailer,1,Tough-1 Great Grip Finishing Brush,Horse Care > Grooming & Bathing > Brushes & Tools > Brushes & Combs,68-905-10-0,Color: Purple,,,,,Corro Trailer 1,4.19,4.19,4.19,7.99,0,0,0.015625,,
4,ALL INVENTORY,1787926575498,688499326148,Eliot's Trailer,1,Tough-1 Great Grips Stiff Brush,Horse Care > Grooming & Bathing > Brushes & Tools > Brushes & Combs,68-900-4-0,Color: Royal Blue,,,,,Corro Trailer 1,4.09,4.09,4.09,8.99,0,0,,,
2,ALL INVENTORY,1787926575498,688499335560,Eliot's Trailer,1,Tough-1 Great Grip Mane & Tail Brush,Horse Care > Grooming & Bathing > Brushes & Tools > Brushes & Combs,68-907-10-0,Color: Purple,,,,,Corro Trailer 1,3.69,3.69,3.69,6.99,0,0,0.032786883,,
2,ALL INVENTORY,1787926575498,688499335607,Eliot's Trailer,1,Tough-1 Great Grip Mane & Tail Brush,Horse Care > Grooming & Bathing > Brushes & Tools > Brushes & Combs,68-907-4-0,Color: Royal Blue,,,,,Corro Trailer 1,3.69,3.69,3.69,6.99,0,0,,,
2,ALL INVENTORY,1787926575498,086621023307,Eliot's Trailer,1,Farnam Repel-X Pe Emulsifiable Fly Spray,Horse Care > Fly & Insect Control > Fly Sprays & Traps,100512028,Size: 32 Ounces,,,,,Corro Trailer 1,27.21,27.21,27.21,46.99,0,0,,,
6,ALL INVENTORY,1787926575498,011444451013,Eliot's Trailer,1,Silver Honey Rapid Wound Repair,Horse Care > First Aid & Wellness > Wound Care & Topicals,18471-2,Size: 8 Ounces - Spray Gel,,,,,Corro Trailer 1,14.65,14.65,14.65,24.09,0,0,,,
2,ALL INVENTORY,1787926575498,011444426035,Eliot's Trailer,1,Absorbine Fungasol Anti Fungal Spray,Horse Care > First Aid & Wellness > Wound Care & Topicals,430430,Size: 22 fl oz,,,,,Corro Trailer 1,13.03,13.03,13.03,17.09,0,0,0.012820513,,
4,ALL INVENTORY,1787926575498,011444450016,Eliot's Trailer,1,Silver Honey Rapid Wound Repair,Horse Care > First Aid & Wellness > Wound Care & Topicals,18471-1,Size: 2 Ounces - Ointment Tube,,,,,Corro Trailer 1,14.38,14.38,14.38,24.09,0,0,0.026666667,,
6,ALL INVENTORY,1787926575498,011444505013,Eliot's Trailer,1,Absorbine Leather Therapy Wash,Tack & Equipment > Leather Care,450501,Size: 8 Ounces,,,,,Corro Trailer 1,8.53,8.53,8.53,9.99,0,0,,,
4,ALL INVENTORY,1787926575498,000399674219,Eliot's Trailer,1,Weaver Leather Goods Slow Feed Hay Net,Stable > Stable Supplies > Hay Nets & Bags,35-4043-BL,Color: Blue,,,,,Corro Trailer 1,9.33,9.33,9.33,12.99,0,0,0.16071428,,
12,ALL INVENTORY,1787926575498,011444504023,Eliot's Trailer,1,Absorbine Leather Therapy Restorer & Conditioner,Tack & Equipment > Leather Care,16003-2,Size: 16 Ounces,,,,,Corro Trailer 1,16.90,16.90,16.90,19.99,0,0,,,
1,ALL INVENTORY,1787926575498,"5425016902554, 5425016902554",Eliot's Trailer,1,Cavalor Lactatec Powder,Horse Care > Supplements > Inflammation & Pain Relief,82194702,Size: 2 Kilograms,,,Lot# 25100024,2027-10-30,Corro Trailer 1,164.59,164.59,164.59,241.99,0,0,0.012987013,,
28,ALL INVENTORY,1787926575498,"5425016902479, 5425016902479",Eliot's Trailer,1,Cavalor Take It Easy Forte,Horse Care > Supplements > Calming & Focus,82194676-SINGLE,Size: 1 tube,,,Lot# 2507002,2027-09-30,Corro Trailer 1,19.62,19.62,19.62,28.99,0,0,0.34146342,,
2,ALL INVENTORY,1787926575498,"5425016902646, 5425016902646",Eliot's Trailer,1,Cavalor Lactatec Powder,Horse Care > Supplements > Inflammation & Pain Relief,82194705,Size: 5 Kilograms,,,Lot# US25080001,2027-06-30,Corro Trailer 1,305.39,305.39,305.39,448.99,0,0,,,
6,ALL INVENTORY,1787926575498,704158003165,Eliot's Trailer,1,SBS Equine Sav-A-Hoof Spray,Horse Care > First Aid & Wellness > Hoof Care > Thrush,316-1,Size: 16 Ounces,,,,,Corro Trailer 1,16.63,16.63,16.63,22.99,0,0,0.020833334,,
6,ALL INVENTORY,1787926575498,688673010207,Eliot's Trailer,1,"Healthy HairCare Horse Moisturizer Concentrate for Coat, Mane, and Tail","Horse Care > Grooming & Bathing > Shampoos, Conditioners & Sprays > Detanglers, Shines & Sprays",16906-3,Size: 32 Ounces,,,,,Corro Trailer 1,17.50,17.50,17.50,27.99,0,0,0.023255814,,
24,ALL INVENTORY,1787926575498,688673012508,Eliot's Trailer,1,Healthy HairCare Sunflower Suncoat SPF Spray,"Horse Care > Grooming & Bathing > Shampoos, Conditioners & Sprays > Detanglers, Shines & Sprays",13508-1,Size: 32 Ounces,,,,,Corro Trailer 1,9.17,9.17,9.17,14.99,0,0,0.084745765,,
16,ALL INVENTORY,1787926575498,688673010306,Eliot's Trailer,1,"Healthy HairCare Horse Moisturizer Concentrate for Coat, Mane, and Tail","Horse Care > Grooming & Bathing > Shampoos, Conditioners & Sprays > Detanglers, Shines & Sprays",16906-4,Size: 1 Gallon,,,,,Corro Trailer 1,37.06,39.51,40.74,59.99,0,0,0.027027028,,
10,ALL INVENTORY,1787926575498,040102223051,Eliot's Trailer,1,Andis UltraEdge Detachable Blade,"Horse Care > Grooming & Bathing > Clippers, Blades & Accessories",13235-10,Size: T-10,,,,,Corro Trailer 1,29.72,29.72,29.72,47.99,0,0,0.012048192,,
10,ALL INVENTORY,1787926575498,040102216411,Eliot's Trailer,1,Andis UltraEdge Detachable Blade,"Horse Care > Grooming & Bathing > Clippers, Blades & Accessories",13235-11,Size: T-84,,,,,Corro Trailer 1,25.02,25.02,25.02,39.99,0,0,,,
10,ALL INVENTORY,1787926575498,040102640711,Eliot's Trailer,1,Andis UltraEdge Detachable Blade,"Horse Care > Grooming & Bathing > Clippers, Blades & Accessories",64071,Size: #10 (Medium),,,,,Corro Trailer 1,18.50,18.50,18.50,30.95,0,0,,,
10,ALL INVENTORY,1787926575498,MAHBOX10,Eliot's Trailer,1,Nupafeed Magnesium Horse Calming Concentrated Paste,Horse Care > Supplements > Calming & Focus,MAHBOX10,Size: 10-Pack,,,,,Corro Trailer 1,92.00,92.00,92.00,131.00,0,0,0.2857143,,
0,ALL INVENTORY,1787926575498,"MAH5, MAH5",Eliot's Trailer,1,Nupafeed MAH Magnesium Daily Liquid,Horse Care > Supplements > Calming & Focus,MAH5,Size: 5 Liters,,,,,Corro Trailer 1,161.00,161.00,161.00,233.00,0,4,0.06329114,,
1,ALL INVENTORY,1787926575498,"MAH3, MAH3",Eliot's Trailer,1,Nupafeed MAH Magnesium Daily Liquid,Horse Care > Supplements > Calming & Focus,MAH3,Size: 3 Liters,,,Lot# 038981,2028-02-01,Corro Trailer 1,107.00,107.00,107.00,165.00,0,0,0.0875,,
2,ALL INVENTORY,1787926575498,"MAH3, MAH3",Eliot's Trailer,1,Nupafeed MAH Magnesium Daily Liquid,Horse Care > Supplements > Calming & Focus,MAH3,Size: 3 Liters,,,,,Corro Trailer 1,107.00,107.00,107.00,165.00,0,0,0.0875,,
6,ALL INVENTORY,1787926575498,666183100052,Eliot's Trailer,1,Equiderma Neem & Aloe Spray,Horse Care > Fly & Insect Control > Fly Sprays & Traps,TEOS,Size: 32-Ounce Spray,,,,,Corro Trailer 1,15.98,17.41,18.13,22.99,0,0,0.46341464,,
3,ALL INVENTORY,1787926575498,862364000405,Eliot's Trailer,1,Orvus Paste Soap,"Horse Care > Grooming & Bathing > Shampoos, Conditioners, & Sprays > Shampoos",11068-1,Size: 120 Ounces,,,,,Corro Trailer 1,22.21,22.21,22.21,31.99,0,0,,,
3,ALL INVENTORY,1787926575498,086621826038,Eliot's Trailer,1,Horse Health Products Cool Pack Green Jelly Liniment,Horse Care > First Aid & Wellness > Liniments,82603,Size: 64 fl oz,,,,,Corro Trailer 1,23.59,24.90,25.55,29.99,0,0,0.102564104,,
0,ALL INVENTORY,1787926575498,757475560095,Eliot's Trailer,1,Epona April Power Shower Horse Sponge,Horse Care > Grooming & Bathing > Brushes & Tools > Sponges,1089,Title: Default Title,,,,,Corro Trailer 1,3.75,3.75,3.75,9.95,0,0,0.051948052,,
23,Cycle Counts Grooming,1785512013430,757475560095,Eliot's Trailer,1,Epona April Power Shower Horse Sponge,Horse Care > Grooming & Bathing > Brushes & Tools > Sponges,1089,Title: Default Title,,,,,Corro Trailer 1,3.75,3.75,3.75,9.95,0,0,0.051948052,,
4,ALL INVENTORY,1787926575498,757475954214,Eliot's Trailer,1,Epona Ulta Mitt,"Horse Care > Grooming & Bathing > Brushes & Tools > Grooming Gloves, Curry Combs & Deshedding Tools",12423-1,Title: Default Title,,,,,Corro Trailer 1,7.26,7.26,7.26,14.97,0,0,0.036144577,,
2,ALL INVENTORY,1787926575498,736211268211,Eliot's Trailer,1,E3 Detangles & Shines,"Horse Care > Grooming & Bathing > Shampoos, Conditioners & Sprays > Detanglers, Shines & Sprays",001-50128,Size: Gallon,,,,,Corro Trailer 1,21.37,23.52,25.66,31.99,0,0,0.027777778,,
6,ALL INVENTORY,1787926575498,736211268716,Eliot's Trailer,1,E3 Hoof Oil Conditioner and Dressing,Horse Care > Grooming & Bathing > Hoof Oils & Conditioner,001-80032,Size: 32 Ounces,,,,,Corro Trailer 1,16.11,18.81,21.51,30.41,0,0,,,
8,ALL INVENTORY,1787926575498,815756020833,Eliot's Trailer,1,Likit Granola Horse Treat Refill,Horse Care > Treats & Toys > Toys & Licks,GRANAPX8US,Size: 550 Grams,Flavor: Apple,,,,Corro Trailer 1,0.00,1.85,3.70,7.99,0,0,0.035714287,,
9,ALL INVENTORY,1787926575498,815756020697,Eliot's Trailer,1,Likit Granola Horse Treat Refill,Horse Care > Treats & Toys > Toys & Licks,GRANORX8US,Size: 550 Grams,Flavor: Multigrain,,,,Corro Trailer 1,3.70,3.84,3.98,7.99,0,0,0.11111111,,
9,ALL INVENTORY,1787926575498,815756020840,Eliot's Trailer,1,Likit Granola Horse Treat Refill,Horse Care > Treats & Toys > Toys & Licks,GRANMBX8US,Size: 550 Grams,Flavor: Mixed Berry,,,,Corro Trailer 1,0.00,1.85,3.70,7.99,0,0,0.023809524,,
3,ALL INVENTORY,1787926575498,815756020857,Eliot's Trailer,1,Likit Granola Horse Treat Refill,Horse Care > Treats & Toys > Toys & Licks,GRANMIX8US,Size: 550 Grams,Flavor: Mixed Peppermint,,,,Corro Trailer 1,0.00,1.85,3.70,7.99,0,0,0.083333336,,
1,ALL INVENTORY,1787926575498,5060667800004,Eliot's Trailer,1,Kelcie's Treats Pumpkin Spice Horse Treat,Horse Care > Treats & Toys > Treats,19718-3,Size: 5 Pounds,,,,,Corro Trailer 1,23.87,24.94,26.00,42.95,0,0,0.04,,
4,ALL INVENTORY,1787926575498,5060667800011,Eliot's Trailer,1,Kelcie's Treats Pumpkin Spice Horse Treat,Horse Care > Treats & Toys > Treats,19718-2,Size: 1 Pound,,,,,Corro Trailer 1,8.00,8.00,8.00,18.49,0,0,0.055555556,,
-2,,,5060667800028,,,Kelcie's Treats Pumpkin Spice Horse Treat,Horse Care > Treats & Toys > Treats,WINTER411,Size: 8 Ounces,,,,,Corro Trailer 1,4.00,4.00,4.00,13.95,0,0,0.055555556,,
8,ALL INVENTORY,1787926575498,715401590011,Eliot's Trailer,1,Finish Line Fura-Free Sweat & Salve for Horses,Horse Care > First Aid & Wellness > Wound Care & Topicals,59001,Size: 16 Ounces,,,,,Corro Trailer 1,7.94,7.94,7.94,9.95,0,0,0.28787878,,
21,ALL INVENTORY,1787926575498,851393005024,Eliot's Trailer,1,Perfect Prep EQ Gold Calming Paste,Horse Care > Supplements > Calming & Focus,851393005024,Size: 60 cc (1-2 Doses),,,Lot# 3386755,2027-11-01,Corro Trailer 1,17.00,17.00,17.00,25.49,0,0,0.17021276,,
1,ALL INVENTORY,1787926575498,851393005420,Eliot's Trailer,1,Perfect Prep EQ Gold Pellets,Horse Care > Supplements > Calming & Focus,851393005420,Size: 10 Pounds,,,3326811,2027-02-01,Corro Trailer 1,270.00,270.00,270.00,429.00,0,0,0.037037037,,
19,ALL INVENTORY,1787926575498,851393005017,Eliot's Trailer,1,Perfect Prep EQ Supreme Paste,Horse Care > Supplements > Calming & Focus,851393005017,Size: 80 cc (1 Dose),,,Lot#3385399,2027-11-01,Corro Trailer 1,15.60,15.60,15.60,23.99,0,0,0.27083334,,
3,ALL INVENTORY,1787926575498,852664402283,Eliot's Trailer,1,SORE NO-MORE Performance Poultice,Horse Care > First Aid & Wellness > Poultices & Hoof Packing,AE007,Size: 23 Pounds,,,,,Corro Trailer 1,108.77,108.77,108.77,177.02,0,0,0.026666667,,
8,ALL INVENTORY,1787926575498,040102127502,Eliot's Trailer,1,Andis Cool Care Plus for Clipper Blades,"Horse Care > Grooming & Bathing > Clippers, Blades & Accessories",12750,Size: 15.5 Ounces,,,,,Corro Trailer 1,5.87,5.87,5.87,12.99,0,0,0.012048192,,
0,ALL INVENTORY,1787926575498,852664402276,Eliot's Trailer,1,SORE NO-MORE Performance Poultice,Horse Care > First Aid & Wellness > Poultices & Hoof Packing,AE006,Size: 5 Pounds,,,,,Corro Trailer 1,27.78,27.78,27.78,44.40,0,0,0.05263158,,
2,ALL INVENTORY,1787926575498,782146221593,Eliot's Trailer,1,Professional's Choice SMx English Girth Merino,Tack & Equipment > Girths & Cinches > English Girths > Hunter/Jumper Girths,EGM52-CHO,Color: Chocolate,Size: 52-Inch,,,,Corro Trailer 1,58.50,58.50,58.50,122.99,0,0,,,
5,ALL INVENTORY,1787926575498,782146221616,Eliot's Trailer,1,Professional's Choice SMx English Girth Merino,Tack & Equipment > Girths & Cinches > English Girths > Hunter/Jumper Girths,EGM54-CHO,Color: Chocolate,Size: 54-Inch,,,,Corro Trailer 1,58.50,58.50,58.50,122.99,0,0,,,
12,ALL INVENTORY,1787926575498,782146237273,Eliot's Trailer,1,Professional's Choice SMx VenTECH English Girth,Tack & Equipment > Girths & Cinches > English Girths > Hunter/Jumper Girths,EGV50-CHO,Color: Chocolate Brown,Size: 50-Inch,,,,Corro Trailer 1,61.75,61.75,61.75,129.99,0,0,,,
2,ALL INVENTORY,1787926575498,782146237242,Eliot's Trailer,1,Professional's Choice SMx VenTECH English Girth,Tack & Equipment > Girths & Cinches > English Girths > Hunter/Jumper Girths,EGV48-BLA,Color: Black,Size: 48-Inch,,,,Corro Trailer 1,61.75,61.75,61.75,129.99,0,0,,,
3,ALL INVENTORY,1787926575498,782146120353,Eliot's Trailer,1,Professional's Choice SMx English Girth,Tack & Equipment > Girths & Cinches > English Girths > Hunter/Jumper Girths,EG42-BROWN,Color: Brown,Size: 42-Inch,,,,Corro Trailer 1,53.25,53.25,53.25,111.99,0,0,,,
7,ALL INVENTORY,1787926575498,782146221579,Eliot's Trailer,1,Professional's Choice SMx English Girth Merino,Tack & Equipment > Girths & Cinches > English Girths > Hunter/Jumper Girths,EGM50-CHO,Color: Chocolate,Size: 50-Inch,,,,Corro Trailer 1,58.50,58.50,58.50,122.99,0,0,,,
4,ALL INVENTORY,1787926575498,782146120438,Eliot's Trailer,1,Professional's Choice SMx English Girth,Tack & Equipment > Girths & Cinches > English Girths > Hunter/Jumper Girths,EG50-BROWN,Color: Brown,Size: 50-Inch,,,,Corro Trailer 1,53.25,53.25,53.25,111.99,0,0,,,
2,ALL INVENTORY,1787926575498,782146237600,Eliot's Trailer,1,Professional's Choice SMx VenTECH English Girth,Tack & Equipment > Girths & Cinches > English Girths > Hunter/Jumper Girths,EGV44-CHO,Color: Chocolate Brown,Size: 44-Inch,,,,Corro Trailer 1,61.75,61.75,61.75,129.99,0,0,,,
4,ALL INVENTORY,1787926575498,782146237310,Eliot's Trailer,1,Professional's Choice SMx VenTECH English Girth,Tack & Equipment > Girths & Cinches > English Girths > Hunter/Jumper Girths,EGV54-CHO,Color: Chocolate Brown,Size: 54-Inch,,,,Corro Trailer 1,61.75,61.75,61.75,129.99,0,0,,,
1,ALL INVENTORY,1787926575498,782146154440,Eliot's Trailer,1,Professional's Choice SMx English Girth,Tack & Equipment > Girths & Cinches > English Girths > Hunter/Jumper Girths,EG54-BROWN,Color: Brown,Size: 54-Inch,,,,Corro Trailer 1,53.25,53.25,53.25,111.99,0,0,,,
3,ALL INVENTORY,1787926575498,782146221517,Eliot's Trailer,1,Professional's Choice SMx English Girth Merino,Tack & Equipment > Girths & Cinches > English Girths > Hunter/Jumper Girths,EGM44-CHO,Color: Chocolate,Size: 44-Inch,,,,Corro Trailer 1,58.50,58.50,58.50,122.99,0,0,,,
9,ALL INVENTORY,1787926575498,782146221555,Eliot's Trailer,1,Professional's Choice SMx English Girth Merino,Tack & Equipment > Girths & Cinches > English Girths > Hunter/Jumper Girths,EGM48-CHO,Color: Chocolate,Size: 48-Inch,,,,Corro Trailer 1,58.50,58.50,58.50,122.99,0,0,,,
4,ALL INVENTORY,1787926575498,782146221494,Eliot's Trailer,1,Professional's Choice SMx English Girth Merino,Tack & Equipment > Girths & Cinches > English Girths > Hunter/Jumper Girths,EGM42-CHO,Color: Chocolate,Size: 42-Inch,,,,Corro Trailer 1,58.50,58.50,58.50,122.99,0,0,,,
5,ALL INVENTORY,1787926575498,782146237303,Eliot's Trailer,1,Professional's Choice SMx VenTECH English Girth,Tack & Equipment > Girths & Cinches > English Girths > Hunter/Jumper Girths,EGV54-BLA,Color: Black,Size: 54-Inch,,,,Corro Trailer 1,61.75,61.75,61.75,129.99,0,0,,,
3,ALL INVENTORY,1787926575498,782146221470,Eliot's Trailer,1,Professional's Choice SMx English Girth Merino,Tack & Equipment > Girths & Cinches > English Girths > Hunter/Jumper Girths,EGM40-CHO,Color: Chocolate,Size: 40-Inch,,,,Corro Trailer 1,58.50,58.50,58.50,122.99,0,0,,,
5,ALL INVENTORY,1787926575498,782146237266,Eliot's Trailer,1,Professional's Choice SMx VenTECH English Girth,Tack & Equipment > Girths & Cinches > English Girths > Hunter/Jumper Girths,EGV50-BLA,Color: Black,Size: 50-Inch,,,,Corro Trailer 1,61.75,61.75,61.75,129.99,0,0,,,
6,ALL INVENTORY,1787926575498,782146120414,Eliot's Trailer,1,Professional's Choice SMx English Girth,Tack & Equipment > Girths & Cinches > English Girths > Hunter/Jumper Girths,EG48-BROWN,Color: Brown,Size: 48-Inch,,,,Corro Trailer 1,53.25,53.25,53.25,111.99,0,0,,,
4,ALL INVENTORY,1787926575498,782146237297,Eliot's Trailer,1,Professional's Choice SMx VenTECH English Girth,Tack & Equipment > Girths & Cinches > English Girths > Hunter/Jumper Girths,EGV52-CHO,Color: Chocolate Brown,Size: 52-Inch,,,,Corro Trailer 1,61.75,61.75,61.75,129.99,0,0,,,
6,ALL INVENTORY,1787926575498,782146237259,Eliot's Trailer,1,Professional's Choice SMx VenTECH English Girth,Tack & Equipment > Girths & Cinches > English Girths > Hunter/Jumper Girths,EGV48-CHO,Color: Chocolate Brown,Size: 48-Inch,,,,Corro Trailer 1,61.75,61.75,61.75,129.99,0,0,,,
2,ALL INVENTORY,1787926575498,782146237181,Eliot's Trailer,1,Professional's Choice SMx VenTECH English Girth,Tack & Equipment > Girths & Cinches > English Girths > Hunter/Jumper Girths,EGV40-CHO,Color: Chocolate Brown,Size: 40-Inch,,,,Corro Trailer 1,61.75,61.75,61.75,129.99,0,0,,,
5,ALL INVENTORY,1787926575498,782146237280,Eliot's Trailer,1,Professional's Choice SMx VenTECH English Girth,Tack & Equipment > Girths & Cinches > English Girths > Hunter/Jumper Girths,EGV52-BLA,Color: Black,Size: 52-Inch,,,,Corro Trailer 1,61.75,61.75,61.75,129.99,0,0,,,
3,ALL INVENTORY,1787926575498,782146237235,Eliot's Trailer,1,Professional's Choice SMx VenTECH English Girth,Tack & Equipment > Girths & Cinches > English Girths > Hunter/Jumper Girths,EGV46-CHO,Color: Chocolate Brown,Size: 46-Inch,,,,Corro Trailer 1,61.75,61.75,61.75,129.99,0,0,,,
9,ALL INVENTORY,1787926575498,705756600503,Eliot's Trailer,1,Tail Tamer Slick Bands,Horse Care > Grooming & Bathing > Brushes & Tools > Braiding,SBND-BLK,Quantity: 400-count,Color: Black,,,,Corro Trailer 1,3.75,3.75,3.75,6.95,0,0,0.041666668,,
1,ALL INVENTORY,1787926575498,9329029405162,Eliot's Trailer,1,Kincade Chafeless Fleece Girth,Tack & Equipment > Girths & Cinches > English Girths > Hunter/Jumper Girths,340277,Color: Brown/White,"Size: 56""",,,,Corro Trailer 1,30.00,30.00,30.00,45.99,0,0,,,
2,ALL INVENTORY,1787926575498,9329029405094,Eliot's Trailer,1,Kincade Chafeless Fleece Girth,Tack & Equipment > Girths & Cinches > English Girths > Hunter/Jumper Girths,340270,Color: Brown/White,"Size: 42""",,,,Corro Trailer 1,30.00,30.00,30.00,45.99,0,0,,,
2,ALL INVENTORY,1787926575498,9329029405155,Eliot's Trailer,1,Kincade Chafeless Fleece Girth,Tack & Equipment > Girths & Cinches > English Girths > Hunter/Jumper Girths,340276,Color: Brown/White,"Size: 54""",,,,Corro Trailer 1,30.00,30.00,30.00,45.99,0,0,,,
3,ALL INVENTORY,1787926575498,5425016902721,Eliot's Trailer,1,Cavalor Dry Feet Natural,Horse Care > First Aid & Wellness > Hoof Care > Thrush,82990904,Size: 250 Milliliters,,,,,Corro Trailer 1,20.39,20.39,20.39,29.99,0,0,0.05263158,,
1,ALL INVENTORY,1787926575498,4022853203670,Eliot's Trailer,1,Herm Sprenger KK ULTRA Baucher 16 mm Double-Jointed,Tack & Equipment > Bits > English Bits,41081 145 78,Material: Sensogan,Size: 5 3/4 inches,,,,Corro Trailer 1,115.80,115.80,115.80,235.90,0,0,,,
9,ALL INVENTORY,1787926575498,815756020710,Eliot's Trailer,1,Likit Himalayan Rock Salt,Horse Care > Treats & Toys > Toys & Licks,BLIC6US,Title: Default Title,,,,,Corro Trailer 1,4.68,4.68,4.68,7.99,0,0,0.14285715,,
24,ALL INVENTORY,1787926575498,688673001557,Eliot's Trailer,1,Super Bands Braiding Bands,Horse Care > Grooming & Bathing > Brushes & Tools > Braiding,BNDWH,Color: White,,,,,Corro Trailer 1,4.59,4.83,5.06,8.99,0,0,0.05,,
6,ALL INVENTORY,1787926575498,688673001458,Eliot's Trailer,1,Super Bands Braiding Bands,Horse Care > Grooming & Bathing > Brushes & Tools > Braiding,BNDRD,Color: Red/Sorrel,,,,,Corro Trailer 1,5.06,5.06,5.06,8.99,0,0,,,
18,ALL INVENTORY,1787926575498,688673001151,Eliot's Trailer,1,Super Bands Braiding Bands,Horse Care > Grooming & Bathing > Brushes & Tools > Braiding,BNDBK,Color: Black,,,,,Corro Trailer 1,4.59,4.83,5.06,8.99,0,0,0.12195122,,
12,ALL INVENTORY,1787926575498,688673001250,Eliot's Trailer,1,Super Bands Braiding Bands,Horse Care > Grooming & Bathing > Brushes & Tools > Braiding,BNDBN,Color: Brown/Chestnut,,,,,Corro Trailer 1,4.59,4.89,5.19,8.99,0,0,0.09876543,,
16,ALL INVENTORY,1787926575498,688673001359,Eliot's Trailer,1,Super Bands Braiding Bands,Horse Care > Grooming & Bathing > Brushes & Tools > Braiding,13446-3,Color: Grey,,,,,Corro Trailer 1,5.06,5.06,5.06,8.99,0,0,0.027027028,,
5,ALL INVENTORY,1787926575498,086621326026,Eliot's Trailer,1,Farnam Leather New Glycerine Saddle Soap,Tack & Equipment > Leather Care,32602,Size: 32 Ounces,,,,,Corro Trailer 1,11.78,11.78,11.78,14.95,0,0,0.027777778,,
3,ALL INVENTORY,1787926575498,076775009074,Eliot's Trailer,1,Hydra Honeycomb Tack Sponge,Tack & Equipment > Leather Care,HST-1,Title: Default Title,,,,,Corro Trailer 1,0.00,1.63,3.26,5.99,0,0,0.060240965,,
21,ALL INVENTORY,1787926575498,011444165019,Eliot's Trailer,1,Absorbine Santa Fe Coat Conditioner and Sunscreen,"Horse Care > Grooming & Bathing > Shampoos, Conditioners & Sprays > Detanglers, Shines & Sprays",12319-1,Size: 32 Ounces,,,,,Corro Trailer 1,11.38,11.62,12.09,15.09,0,0,0.1923077,,
6,ALL INVENTORY,1787926575498,813049003457,Eliot's Trailer,1,Aloe Advantage Concentrated Shampoo,"Horse Care > Grooming & Bathing > Shampoos, Conditioners, & Sprays > Shampoos",077-00345,Size: 1 Gallon,,,,,Corro Trailer 1,12.88,12.88,12.88,16.49,0,0,0.2,,
0,Cycle Counts Grooming,1785512013430,813049003457,Eliot's Trailer,1,Aloe Advantage Concentrated Shampoo,"Horse Care > Grooming & Bathing > Shampoos, Conditioners, & Sprays > Shampoos",077-00345,Size: 1 Gallon,,,,,Corro Trailer 1,12.88,12.88,12.88,16.49,0,0,0.2,,
2,ALL INVENTORY,1787926575498,00892277174436,Eliot's Trailer,1,EquiFit T-Sport Wrap,Tack & Equipment > Boots & Wraps > Leg Wraps,01267HW,Size: Horse,Color: White,,,,Corro Trailer 1,53.03,53.03,53.03,124.00,0,0,,,
2,ALL INVENTORY,1787926575498,00892277180338,Eliot's Trailer,1,EquiFit Pack-N-Stick Hoof Tape,Horse Care > First Aid & Wellness > First Aid Supplies,02009,Size: 24-pack,Color: Black,,,,Corro Trailer 1,88.40,88.40,88.40,140.00,0,0,0.033333335,,
1,ALL INVENTORY,1787926575498,00892277177826,Eliot's Trailer,1,EquiFit HorseSox Individual Pack,Tack & Equipment > Boots & Wraps > Leg Wraps,20045,Size: Horse,Color: White,,,,Corro Trailer 1,12.25,12.25,12.25,25.00,0,0,,,
2,ALL INVENTORY,1787926575498,00892277180321,Eliot's Trailer,1,EquiFit Pack-N-Stick Hoof Tape,Horse Care > First Aid & Wellness > First Aid Supplies,2008,Size: 6-pack,Color: Black,,,,Corro Trailer 1,22.10,22.10,22.10,44.00,0,0,0.104166664,,
3,ALL INVENTORY,1787926575498,00892277179202,Eliot's Trailer,1,EquiFit HorseSox Individual Pack,Tack & Equipment > Boots & Wraps > Leg Wraps,20046,Size: Pony,Color: Black,,,,Corro Trailer 1,12.25,12.25,12.25,25.00,0,0,,,
1,ALL INVENTORY,1787926575498,025784303024,Eliot's Trailer,1,Fiebing's Hoof Dressing,Horse Care > Grooming & Bathing > Hoof Oils & Conditioner,11017-1,Size: 32 Ounces,,,,,Corro Trailer 1,12.65,12.65,12.65,15.99,0,0,0.04761905,,
7,ALL INVENTORY,1787926575498,"099355008786, 099355008786",Eliot's Trailer,1,Aspen 70% Isopropyl Alcohol,Horse Care > First Aid & Wellness > Wound Care & Topicals,21263874,Size: 1 Gallon,,,,,Corro Trailer 1,9.91,9.91,9.91,17.99,0,0,0.016949153,,
4,ALL INVENTORY,1787926575498,890347002597,Eliot's Trailer,1,Ramard Total Tendon Repair for Horses,Horse Care > Supplements > Inflammation & Pain Relief,RAM-TTR,Size: 30 Day (1.12lb),,,,,Corro Trailer 1,71.24,71.24,71.24,101.64,0,0,,,
29,ALL INVENTORY,1787926575498,890347002399,Eliot's Trailer,1,Ramard Total Equine Relief Paste,Horse Care > Supplements > Inflammation & Pain Relief,RAM-TERS,Size: 15 cc,,,,,Corro Trailer 1,10.30,10.30,10.30,14.99,0,0,0.013513514,,
2,ALL INVENTORY,1787926575498,890347002313,Eliot's Trailer,1,Ramard Total Tendon Repair for Horses,Horse Care > Supplements > Inflammation & Pain Relief,RAM-TTR-P,Size: 90 Day (3.36lb),,,,,Corro Trailer 1,199.10,199.10,199.10,299.97,0,0,0.03508772,,
4,ALL INVENTORY,1787926575498,688499141673,Eliot's Trailer,1,Tough-1 Ultimate Sweat Scraper,Horse Care > Grooming & Bathing > Brushes & Tools > Sweat Scrapers,68-7082-4-0,Color: Royal Blue,,,,,Corro Trailer 1,1.19,1.19,1.19,1.99,0,0,,,
8,ALL INVENTORY,1787926575498,688499141666,Eliot's Trailer,1,Tough-1 Ultimate Sweat Scraper,Horse Care > Grooming & Bathing > Brushes & Tools > Sweat Scrapers,68-7082-2-0,Color: Black,,,,,Corro Trailer 1,0.99,0.99,0.99,1.99,0,0,0.09375,,
8,ALL INVENTORY,1787926575498,688499141628,Eliot's Trailer,1,Tough-1 Aluminum Sweat Scraper,Horse Care > Grooming & Bathing > Brushes & Tools > Sweat Scrapers,68-7081-0-0,Title: Default Title,,,,,Corro Trailer 1,1.69,1.69,1.69,3.99,0,0,0.039473683,,
8,ALL INVENTORY,1787926575498,688499140706,Eliot's Trailer,1,Tough-1 Rubber Grooming Glove,"Horse Care > Grooming & Bathing > Brushes & Tools > Grooming Gloves, Curry Combs & Deshedding Tools",68-24485-2-0,Color: Black,,,,,Corro Trailer 1,1.99,1.99,1.99,3.95,0,0,0.10526316,,
2,ALL INVENTORY,1787926575498,733569414338,Eliot's Trailer,1,ManeJane Spur Straps,Tack & Equipment > Spurs & Straps > Spur Straps,MJ218,Style: Sail Boat,,,,,Corro Trailer 1,13.95,13.95,13.95,23.95,0,0,,,
4,ALL INVENTORY,1787926575498,"1782312135713, 1782312135713",Eliot's Trailer,1,ManeJane Spur Straps,Tack & Equipment > Spurs & Straps > Spur Straps,HCH,Style: Chestnut Horse,,,,,Corro Trailer 1,13.95,13.95,13.95,23.95,0,0,,,
4,ALL INVENTORY,1787926575498,733569696482,Eliot's Trailer,1,ManeJane Spur Straps,Tack & Equipment > Spurs & Straps > Spur Straps,WS314,Style: Red Clear Round,,,,,Corro Trailer 1,13.95,13.95,13.95,23.95,0,0,,,
1,ALL INVENTORY,1787926575498,00892277182141,Eliot's Trailer,1,EquiFit Eq-Teq Front Boot with ImpacTeq Liner,Tack & Equipment > Boots & Wraps > Protective Boots > Front Boots,11254FMBL,Size: Medium,Color: Black,,,,Corro Trailer 1,184.53,184.53,184.53,365.00,0,0,,,
4,ALL INVENTORY,1787926575498,00892277187047,Eliot's Trailer,1,Equifit HoofIce,Tack & Equipment > Boots & Wraps > Therapeutic Boots,52593,Size: 1 Pair,Color: Black,,,,Corro Trailer 1,9.00,9.00,9.00,26.00,0,0,0.020833334,,
2,ALL INVENTORY,1787926575498,764782003900,Eliot's Trailer,1,Valhoma DMSO Dimethyl Sulfoxide Solution 99%,Horse Care > First Aid & Wellness > Liniments,DMSOROLLON,Size: 3 Ounces (Roll On),,,,,Corro Trailer 1,6.88,6.88,6.88,9.95,0,0,0.07272727,,
1,ALL INVENTORY,1787926575498,890347002207,Eliot's Trailer,1,Ramard ReliefGel,Horse Care > First Aid & Wellness > Liniments,17183-1,Size: 16 Ounces,,,,,Corro Trailer 1,52.08,52.08,52.08,69.99,0,0,0.048780486,,
2,ALL INVENTORY,1787926575498,764782016993,Eliot's Trailer,1,Valhoma DMSO Dimethyl Sulfoxide Solution 99%,Horse Care > First Aid & Wellness > Liniments,SO99PT,Size: 16 Ounces,,,,,Corro Trailer 1,14.60,14.60,14.60,18.95,0,0,0.015151516,,
4,ALL INVENTORY,1787926575498,180434000057,Eliot's Trailer,1,Kentucky Performance Products Summer Games Electrolyte,Horse Care > Supplements > Electrolytes & Salt,630995,Size: 5 Pounds,,,Lot #0001179099,2027-07-01,Corro Trailer 1,13.74,13.74,13.74,19.95,0,0,0.025316456,,
2,ALL INVENTORY,1787926575498,815487010332,Eliot's Trailer,1,Tenda Witch Hazel,Horse Care > First Aid & Wellness > Wound Care & Topicals,8022,Size: 32 Ounces,,,,,Corro Trailer 1,12.85,12.85,12.85,21.99,0,0,0.012658228,,
1,ALL INVENTORY,1787926575498,764782001906,Eliot's Trailer,1,Valhoma DMSO Gel,Horse Care > First Aid & Wellness > Liniments,764782001906,Size: 16 Ounces,,,,,Corro Trailer 1,18.39,18.39,18.39,24.99,0,0,0.0754717,,
6,ALL INVENTORY,1787926575498,099355014749,Eliot's Trailer,1,Aspen Alu-Mend Spray-on Bandage,Horse Care > First Aid & Wellness > Wound Care & Topicals,21278832,Size: 120 Grams,,,,,Corro Trailer 1,10.36,10.41,10.51,16.99,0,0,0.078125,,
1,ALL INVENTORY,1787926575498,00892277184879,Eliot's Trailer,1,EquiFit Essential Bell Boot with Ultrawool Top,Tack & Equipment > Boots & Wraps > Bell Boots,11270MD,Size: Medium,Color: Black / Natural,,,,Corro Trailer 1,32.17,32.17,32.17,62.00,0,0,,,
2,ALL INVENTORY,1787926575498,7640131362160,Eliot's Trailer,1,Stubben Glycerin Saddle Soap,Tack & Equipment > Leather Care,31132011,Size: 250 Grams,,,,,Corro Trailer 1,9.00,9.00,9.00,18.00,0,0,0.051948052,,
10,ALL INVENTORY,1787926575498,840539020045,Eliot's Trailer,1,Jack's Aluminum Mane Pulling Comb,Horse Care > Grooming & Bathing > Brushes & Tools > Brushes & Combs,10238-JM,Title: Default Title,,,,,Corro Trailer 1,0.87,0.87,0.87,1.95,0,0,0.036144577,,
140,ALL INVENTORY,1787926575498,465829683,Eliot's Trailer,1,Corro Hat,,CORRO-HAT-BLK,Color: Black,,,,,Corro Trailer 1,2.99,2.99,2.99,0.00,0,0,,,
140,ALL INVENTORY,1787926575498,473967048,Eliot's Trailer,1,Corro Hat,,CORRO-HAT-W,Color: White,,,,,Corro Trailer 1,2.99,2.99,2.99,0.00,0,0,,,
3,ALL INVENTORY,1787926575498,851007066960,Eliot's Trailer,1,Belle & Bow Equestrian Bows,Rider > Accessories & Apparel > Accessories,851007066960,Color: Smarties Navy,,,,,Corro Trailer 1,17.00,17.00,17.00,35.00,0,0,0.011494253,,
1,ALL INVENTORY,1787926575498,853900000126,Eliot's Trailer,1,Belle & Bow Equestrian Bows,Rider > Accessories & Apparel > Accessories,853900000126,Color: Bit of Blue,,,,,Corro Trailer 1,17.00,17.00,17.00,35.00,0,0,,,
3,ALL INVENTORY,1787926575498,4102460126026,Eliot's Trailer,1,Effax Glycerin-Soap,Tack & Equipment > Leather Care,12602000,Size: 250 Milliliters,,,,,Corro Trailer 1,9.50,9.50,9.50,14.99,0,0,0.028571429,,
24,ALL INVENTORY,1787926575498,035585800172,Eliot's Trailer,1,Kong Equine Mega Wubba Horse Toy,Horse Care > Treats & Toys > Toys & Licks,WBM,Size: 12 Inches,Color: Assorted,,,,Corro Trailer 1,13.52,13.52,13.52,29.99,0,0,0.125,,
5,ALL INVENTORY,1787926575498,867553000006,Eliot's Trailer,1,Pomms Original,Tack & Equipment > Ear Plugs & Bonnets > Ear Plugs,1000_EHI,Size: Horse,Color: Black,,,,Corro Trailer 1,6.50,6.50,6.50,11.00,0,0,0.03797468,,
5,ALL INVENTORY,1787926575498,860000826471,Eliot's Trailer,1,"Pomms Smooth Style, 4 Pack",Tack & Equipment > Ear Plugs & Bonnets > Ear Plugs,1301,Size: Pony,Color: Black,,,,Corro Trailer 1,6.50,6.50,6.50,13.99,0,0,,,
2,ALL INVENTORY,1787926575498,860000826464,Eliot's Trailer,1,"Pomms Smooth Style, 4 Pack",Tack & Equipment > Ear Plugs & Bonnets > Ear Plugs,1300,Size: Horse,Color: Black,,,,Corro Trailer 1,5.67,5.67,5.67,13.99,0,0,,,
4,ALL INVENTORY,1787926575498,867553000037,Eliot's Trailer,1,Pomms Original,Tack & Equipment > Ear Plugs & Bonnets > Ear Plugs,1001_EHI,Size: Pony,Color: Black,,,,Corro Trailer 1,6.50,6.50,6.50,8.99,0,0,0.012048192,,
2,ALL INVENTORY,1787926575498,635901212933,Eliot's Trailer,1,Toklat Thin D-Ring Snaffle,Tack & Equipment > Bits > English Bits,88-18325,Size: 5-Inch,,,,,Corro Trailer 1,21.95,21.95,21.95,29.99,0,0,,,
3,ALL INVENTORY,1787926575498,635901212384,Eliot's Trailer,1,Toklat Full Cheek Snaffle,Tack & Equipment > Bits > English Bits,88-15255,Size: 5-Inch,,,,,Corro Trailer 1,22.95,22.95,22.95,37.99,0,0,,,
2,ALL INVENTORY,1787926575498,635901212186,Eliot's Trailer,1,Toklat 16mm Eggbutt French Link Snaffle,Tack & Equipment > Bits > English Bits,88-15195,Size: 5-Inch,,,,,Corro Trailer 1,21.95,21.95,21.95,34.99,0,0,,,
4,ALL INVENTORY,1787926575498,635901342623,Eliot's Trailer,1,Toklat 16mm 3-Piece Eggbutt Snaffle,Tack & Equipment > Bits > English Bits,88-18385,Size: 5-Inch,,,,,Corro Trailer 1,29.50,29.50,29.50,49.99,0,0,,,
1,ALL INVENTORY,1787926575498,635901335328,Eliot's Trailer,1,Toklat 16mm Eggbutt French Link Snaffle,Tack & Equipment > Bits > English Bits,88-15197,Size: 5 1/2-Inch,,,,,Corro Trailer 1,21.95,21.95,21.95,34.99,0,0,,,
4,ALL INVENTORY,1787926575498,635901212223,Eliot's Trailer,1,Toklat 16mm Eggbutt Snaffle with 3 1/2-Inch Ring,Tack & Equipment > Bits > English Bits,88-15205,Size: 5-Inch,,,,,Corro Trailer 1,20.95,20.95,20.95,34.99,0,0,,,
2,ALL INVENTORY,1787926575498,635901212254,Eliot's Trailer,1,Toklat 16mm Eggbutt Snaffle with 3 1/2-Inch Ring,Tack & Equipment > Bits > English Bits,88-15207,Size: 5 1/2-Inch,,,,,Corro Trailer 1,20.95,20.95,20.95,34.99,0,0,,,
3,ALL INVENTORY,1787926575498,635901342630,Eliot's Trailer,1,Toklat 16mm 3-Piece Eggbutt Snaffle,Tack & Equipment > Bits > English Bits,88-18387,Size: 5 1/2-Inch,,,,,Corro Trailer 1,29.50,29.50,29.50,49.99,0,0,,,
1,ALL INVENTORY,1787926575498,635901213145,Eliot's Trailer,1,Toklat Western D-Ring Snaffle,Tack & Equipment > Bits > Western Bits,88-18705,Size: 5-Inch,,,,,Corro Trailer 1,23.50,23.50,23.50,39.95,0,0,,,
2,ALL INVENTORY,1787926575498,635901213749,Eliot's Trailer,1,Toklat Stainless Steel Tom Thumb Shank with Curb Ring and Snaffle Mouthpiece,Tack & Equipment > Bits > Western Bits,88-51107,Size: 5 1/2-Inch,,,,,Corro Trailer 1,23.95,23.95,23.95,37.99,0,0,,,
7,ALL INVENTORY,1787926575498,635901213480,Eliot's Trailer,1,"Toklat 12mm Snaffle with 3"" Rings",Tack & Equipment > Bits > English Bits,88-29035,Size: 5-Inch,,,,,Corro Trailer 1,12.95,12.95,12.95,19.99,0,0,,,
2,ALL INVENTORY,1787926575498,635901214036,Eliot's Trailer,1,Toklat Stainless Steel Hunt D-Ring Snaffle,Tack & Equipment > Bits > English Bits,88-55205,Size: 5-Inch,,,,,Corro Trailer 1,19.95,19.95,19.95,39.95,0,0,,,
2,ALL INVENTORY,1787926575498,635901213503,Eliot's Trailer,1,"Toklat 12mm Snaffle with 3"" Rings",Tack & Equipment > Bits > English Bits,88-29037,Size: 5 1/2-Inch,,,,,Corro Trailer 1,12.95,12.95,12.95,19.99,0,0,,,
3,ALL INVENTORY,1787926575498,635901214050,Eliot's Trailer,1,Toklat Stainless Steel Hunt D-Ring Snaffle,Tack & Equipment > Bits > English Bits,88-55206,Size: 5 1/4-Inch,,,,,Corro Trailer 1,19.95,19.95,19.95,39.95,0,0,,,
2,ALL INVENTORY,1787926575498,635901335489,Eliot's Trailer,1,Toklat Slow Twist Hunt D-Ring,Tack & Equipment > Bits > English Bits,88-55277,Size: 5 1/2-Inch,,,,,Corro Trailer 1,22.95,22.95,22.95,39.99,0,0,,,
2,ALL INVENTORY,1787926575498,635901189730,Eliot's Trailer,1,Toklat Tom Thumb with Large Copper Roller,Tack & Equipment > Bits > Western Bits,88-93235,Size: 5-Inch,,,,,Corro Trailer 1,26.50,26.50,26.50,39.99,0,0,,,
12,ALL INVENTORY,1787926575498,786232102650,Eliot's Trailer,1,EQyss Avocado Mist Conditioning Spray,"Horse Care > Grooming & Bathing > Shampoos, Conditioners & Sprays > Detanglers, Shines & Sprays",10265,Size: 32 Ounces,,,,,Corro Trailer 1,13.77,13.93,14.01,20.95,0,0,0.031746034,,
3,ALL INVENTORY,1787926575498,00892277180307,Eliot's Trailer,1,EquiFit PasternWrap,Tack & Equipment > Boots & Wraps > Leg Wraps,02011-WD,Size: Wide,,,,,Corro Trailer 1,15.29,15.29,15.29,34.00,0,0,0.035714287,,
4,ALL INVENTORY,1787926575498,00892277180314,Eliot's Trailer,1,EquiFit PasternWrap,Tack & Equipment > Boots & Wraps > Leg Wraps,02011-REG,Size: Regular,,,,,Corro Trailer 1,15.29,15.29,15.29,34.00,0,0,,,
-2,,,759687538305,,,EnviroEquine ElectroBalance,Horse Care > Supplements > Electrolytes & Salt,759687538305,Size: 8 Pound Bucket,,,,,Corro Trailer 1,94.00,94.00,94.00,145.00,0,0,0.026666667,,
-1,,,691037928070,,,EnviroEquine Stain Away Spray,"Horse Care > Grooming & Bathing > Shampoos, Conditioners, & Sprays > Stain Removers",691037928070,Size: 32 Ounces,,,,,Corro Trailer 1,22.72,22.72,22.72,34.95,0,0,0.035714287,,
-2,,,707129259448,,,EnviroEquine CocoTea Hoof Oil,Horse Care > Grooming & Bathing > Hoof Oils & Conditioner,707129259448,Size: 16 Ounces,,,,,Corro Trailer 1,26.00,26.00,26.00,39.95,0,0,0.051282052,,
-3,,,707129259479,,,EnviroEquine CocoTea Salve,Horse Care > First Aid & Wellness > Wound Care & Topicals,707129259479,Size: 16 Ounces,,,,,Corro Trailer 1,22.75,22.75,22.75,34.95,0,0,0.071428575,,
4,ALL INVENTORY,1787926575498,658456000138,Eliot's Trailer,1,Walsh Leather Lead with 24-Inch Chain,Tack & Equipment > Halters & Leads > Lead Ropes,58024-HV,Color: Havana,,,,,Corro Trailer 1,47.00,47.00,47.00,85.00,0,0,,,
0,ALL INVENTORY,1787926575498,559109717,Eliot's Trailer,1,Walsh Quarter Boots,Tack & Equipment > Boots & Wraps > Hoof Boots,RT485M,Size: Medium,Color: Black,,,,Corro Trailer 1,25.00,25.00,25.00,49.00,0,0,0.024390243,,
2,ALL INVENTORY,1787926575498,00892277187580,Eliot's Trailer,1,EquiFit Essential FlyMask,Horse Wear > Fly & Insect Control > Fly Masks,52600,Size: Pony,Color: Black,,,,Corro Trailer 1,22.05,22.05,22.05,40.00,0,0,,,
2,ALL INVENTORY,1787926575498,00892277187597,Eliot's Trailer,1,EquiFit Essential FlyMask,Horse Wear > Fly & Insect Control > Fly Masks,52601,Size: Cob,Color: Black,,,,Corro Trailer 1,22.05,22.05,22.05,40.00,0,0,,,
2,ALL INVENTORY,1787926575498,00892277187610,Eliot's Trailer,1,EquiFit Essential FlyMask,Horse Wear > Fly & Insect Control > Fly Masks,52603,Size: Oversize,Color: Black,,,,Corro Trailer 1,22.05,22.05,22.05,40.00,0,0,0.014084507,,
4,ALL INVENTORY,1787926575498,860000581509,Eliot's Trailer,1,"Spitfire Poultice Paper, Single Roll",Horse Care > First Aid & Wellness > Poultices & Hoof Packing,SFPP,Title: Default Title,,,,,Corro Trailer 1,5.50,5.50,5.50,9.99,0,0,0.026666667,,
4,ALL INVENTORY,1787926575498,086621304017,Eliot's Trailer,1,Farnam Wound Kote Blue Lotion Spray,Horse Care > First Aid & Wellness > Wound Care & Topicals,30401,Size: 5 Ounces,,,,,Corro Trailer 1,6.40,6.40,6.40,8.49,0,0,0.016666668,,
12,ALL INVENTORY,1787926575498,1379301921661,Eliot's Trailer,1,Free Ride Equestrian D-Ring Bit Belt,Rider > Accessories & Apparel > Belts,FALL406,Color: Burgundy,,,,,Corro Trailer 1,6.00,6.00,6.00,25.00,0,0,,,
12,ALL INVENTORY,1787926575498,2560401921661,Eliot's Trailer,1,Free Ride Equestrian D-Ring Bit Belt,Rider > Accessories & Apparel > Belts,FALL405,Color: Hunter Green,,,,,Corro Trailer 1,6.00,6.00,6.00,25.00,0,0,0.04,,
2,ALL INVENTORY,1787926575498,00892277187771,Eliot's Trailer,1,Equifit Belly Band +,Tack & Equipment > Girths & Cinches > English Girths > Hunter/Jumper Girths,52614HORSE,Size: Horse,,,,,Corro Trailer 1,99.75,99.75,99.75,194.00,0,0,,,
1,ALL INVENTORY,1787926575498,00892277187764,Eliot's Trailer,1,Equifit Belly Band +,Tack & Equipment > Girths & Cinches > English Girths > Hunter/Jumper Girths,52614COB,Size: Cob,,,,,Corro Trailer 1,99.75,99.75,99.75,194.00,0,0,,,
10,ALL INVENTORY,1787926575498,011444200017,Eliot's Trailer,1,Absorbine UltraShield EX Insecticide and Repellent,Horse Care > Fly & Insect Control > Fly Sprays & Traps,430854,Size: 32 Ounces,,,,,Corro Trailer 1,18.20,18.20,18.20,26.99,0,0,0.14285715,,
15,ALL INVENTORY,1787926575498,011444200031,Eliot's Trailer,1,Absorbine UltraShield EX Insecticide and Repellent,Horse Care > Fly & Insect Control > Fly Sprays & Traps,430870,Size: Gallon,,,,,Corro Trailer 1,54.83,54.83,54.83,79.19,0,0,0.027777778,,
12,ALL INVENTORY,1787926575498,4042809819847,Eliot's Trailer,1,Elastikon Elastic Tape,Horse Care > First Aid & Wellness > First Aid Supplies,16711494,"Size: 4"" x 2.5yd",,,,,Corro Trailer 1,9.69,9.69,9.69,13.99,0,0,0.17391305,,
3,ALL INVENTORY,1787926575498,,Eliot's Trailer,1,One Knot Hair Net,Rider > Accessories & Apparel > Accessories,18911-4,Color: Dark Brown,,,,,Corro Trailer 1,5.96,5.96,5.96,9.99,0,0,0.048780486,,
4,ALL INVENTORY,1787926575498,761914200145,Eliot's Trailer,1,Epsom Salt Poultice,Horse Care > First Aid & Wellness > Poultices & Hoof Packing,15640544,Size: 20 Ounces,,,,,Corro Trailer 1,9.96,9.96,9.96,15.99,0,0,0.03846154,,
4,ALL INVENTORY,1787926575498,,Eliot's Trailer,1,One Knot Hair Net,Rider > Accessories & Apparel > Accessories,18911-2,Color: Light Brown,,,,,Corro Trailer 1,5.96,5.96,5.96,9.99,0,0,0.037037037,,
3,ALL INVENTORY,1787926575498,,Eliot's Trailer,1,One Knot Hair Net,Rider > Accessories & Apparel > Accessories,18911-1,Color: Blonde,,,,,Corro Trailer 1,5.96,5.96,5.96,9.99,0,0,0.035714287,,
5,ALL INVENTORY,1787926575498,,Eliot's Trailer,1,One Knot Hair Net,Rider > Accessories & Apparel > Accessories,18911-3,Color: Medium Brown,,,,,Corro Trailer 1,5.96,5.96,5.96,9.99,0,0,0.013888889,,
6,ALL INVENTORY,1787926575498,025784200507,Eliot's Trailer,1,Fiebing's Glycerine Saddle Soap,Tack & Equipment > Leather Care,088-20050,Title: Default Title,,,,,Corro Trailer 1,4.77,4.77,4.77,9.99,0,0,,,
4,ALL INVENTORY,1787926575498,099355013612,Eliot's Trailer,1,Aspen Nitrile Gloves,Horse Care > First Aid & Wellness > First Aid Supplies,21274982,Size: Large,,,,,Corro Trailer 1,5.25,5.25,5.25,9.99,0,0,0.012820513,,
2,ALL INVENTORY,1787926575498,099355013605,Eliot's Trailer,1,Aspen Nitrile Gloves,Horse Care > First Aid & Wellness > First Aid Supplies,21274981,Size: Medium,,,,,Corro Trailer 1,5.25,5.25,5.25,9.99,0,0,0.08571429,,
4,ALL INVENTORY,1787926575498,099355013629,Eliot's Trailer,1,Aspen Nitrile Gloves,Horse Care > First Aid & Wellness > First Aid Supplies,21274983,Size: Extra Large,,,,,Corro Trailer 1,5.25,5.25,5.25,9.99,0,0,,,
4,ALL INVENTORY,1787926575498,099355013599,Eliot's Trailer,1,Aspen Nitrile Gloves,Horse Care > First Aid & Wellness > First Aid Supplies,21274980,Size: Small,,,,,Corro Trailer 1,5.25,5.25,5.25,9.99,0,0,0.5,,
5,ALL INVENTORY,1787926575498,,Eliot's Trailer,1,TackHack Half Dozen Donut Tack Sponges,Tack & Equipment > Leather Care,SUM502,Title: Default Title,,,,,Corro Trailer 1,6.67,6.67,6.67,13.95,0,0,0.033333335,,
96,ALL INVENTORY,1787926575498,645457482025,Eliot's Trailer,1,Stop Bugg'n Fly Spray 16oz,Horse Care > Fly & Insect Control > Fly Sprays & Traps,SPR504,Title: Default Title,,,,,Corro Trailer 1,3.50,3.50,3.50,12.99,0,0,2.819277,,
40,ALL INVENTORY,1787926575498,50837050,Eliot's Trailer,1,"Quick Knot Deluxe Braiding Pins, Multi-Pack",Horse Care > Grooming & Bathing > Brushes & Tools > Braiding,SUM408,Color: Black,,,,,Corro Trailer 1,3.00,3.00,3.00,9.99,0,0,0.064935066,,
1,ALL INVENTORY,1787926575498,,Eliot's Trailer,1,Walsh 50' Cotton Lunge Line with Chain,Tack & Equipment > Training & Lunging > Lunge Lines,5830-50-CH,Title: Default Title,,,,,Corro Trailer 1,80.00,80.00,80.00,144.00,0,0,,,
5,ALL INVENTORY,1787926575498,025784110011,Eliot's Trailer,1,Fiebing's Boot Cream Polish,Tack & Equipment > Leather Care,088-11001,Color: Black,,,,,Corro Trailer 1,2.79,2.79,2.79,4.99,0,0,0.035714287,,
8,ALL INVENTORY,1787926575498,025784110288,Eliot's Trailer,1,Fiebing's Boot Cream Polish,Tack & Equipment > Leather Care,088-11028,Color: Dark Brown,,,,,Corro Trailer 1,2.79,2.79,2.79,4.99,0,0,0.023809524,,
5,ALL INVENTORY,1787926575498,7340041122518,Eliot's Trailer,1,Back On Track Physio Nikki Support Boot Socks,Rider > Accessories & Apparel > Socks,15700001,Size: Small,,,,,Corro Trailer 1,19.00,19.00,19.00,38.00,0,0,,,
5,ALL INVENTORY,1787926575498,7340041122532,Eliot's Trailer,1,Back On Track Physio Nikki Support Boot Socks,Rider > Accessories & Apparel > Socks,15700002,Size: Medium,,,,,Corro Trailer 1,19.00,19.00,19.00,38.00,0,0,,,
8,ALL INVENTORY,1787926575498,5390119090173,Eliot's Trailer,1,Carr & Day & Martin Belvoir Tack Cleaning Mitt,Tack & Equipment > Leather Care,LC053,Title: Default Title,,,,,Corro Trailer 1,7.20,7.20,7.20,15.95,0,0,0.3604651,,
5,ALL INVENTORY,1787926575498,7340041122549,Eliot's Trailer,1,Back On Track Physio Nikki Support Boot Socks,Rider > Accessories & Apparel > Socks,SPR403Large,Size: Large,,,,,Corro Trailer 1,19.00,19.00,19.00,38.00,0,0,,,
0,ALL INVENTORY,1787926575498,,Eliot's Trailer,1,Jack's Pull On Ribbed Bell Boots,Tack & Equipment > Boots & Wraps > Bell Boots,2126Large,Size: Large,,,,,Corro Trailer 1,8.50,8.50,8.50,16.99,0,0,0.05263158,,
5,ALL INVENTORY,1787926575498,,Eliot's Trailer,1,Jack's Pull On Ribbed Bell Boots,Tack & Equipment > Boots & Wraps > Bell Boots,2126Medium,Size: Medium,,,,,Corro Trailer 1,8.50,8.50,8.50,16.99,0,0,,,
10,ALL INVENTORY,1787926575498,,Eliot's Trailer,1,Cavali Club Junior Elastic Belt,Rider > Accessories & Apparel > Belts,FALL508,Title: Default Title,,,,,Corro Trailer 1,3.15,3.15,3.15,19.99,0,0,0.051282052,,
8,ALL INVENTORY,1787926575498,,Eliot's Trailer,1,Cavali Club Exclusive Bows,Rider > Accessories & Apparel > Accessories,FALL507,Title: Default Title,,,,,Corro Trailer 1,2.69,2.69,2.69,14.99,0,0,0.06,,
3,ALL INVENTORY,1787926575498,7340041160589,Eliot's Trailer,1,Back on Track Royal Deluxe Quick Wraps,Tack & Equipment > Boots & Wraps > Leg Wraps,20335003,Size: 16,Color: Navy,,,,Corro Trailer 1,49.50,49.50,49.50,99.00,0,0,0.05263158,,
3,ALL INVENTORY,1787926575498,7340041180792,Eliot's Trailer,1,Back on Track Royal Deluxe Quick Wraps,Tack & Equipment > Boots & Wraps > Leg Wraps,20339000,Size: 10,Color: Black,,,,Corro Trailer 1,49.50,49.50,49.50,99.00,0,0,0.018518519,,
-1,,,,,,EnviroEquine Ulcer+,Horse Care > Supplements > Digestive & Gut Health,ULPA,Size: 1 Gallon,,,,,Corro Trailer 1,81.25,81.25,81.25,155.00,0,0,,,
1,ALL INVENTORY,1787926575498,7340041160442,Eliot's Trailer,1,Back on Track Royal Deluxe Quick Wraps,Tack & Equipment > Boots & Wraps > Leg Wraps,20339001,Size: 12,Color: Black,,,,Corro Trailer 1,49.50,49.50,49.50,99.00,0,0,0.018867925,,
1,ALL INVENTORY,1787926575498,7340041160473,Eliot's Trailer,1,Back on Track Royal Deluxe Quick Wraps,Tack & Equipment > Boots & Wraps > Leg Wraps,20339004,Size: 18,Color: Black,,,,Corro Trailer 1,49.50,49.50,49.50,99.00,0,0,,,
1,ALL INVENTORY,1787926575498,5404022031298,Eliot's Trailer,1,Dy'on Figure 8 Noseband Bridle - D Collection,"Tack & Equipment > Bridles, Headstalls & Reins > English Bridles & Reins > Bridles",DYAAAC-BR-F,Size: Full,Color: Brown,,,,Corro Trailer 1,193.77,193.77,193.77,629.99,0,0,,,
3,ALL INVENTORY,1787926575498,7340041160626,Eliot's Trailer,1,Back on Track Royal Deluxe Quick Wraps,Tack & Equipment > Boots & Wraps > Leg Wraps,20336803,Size: 16,Color: Green,,,,Corro Trailer 1,49.50,49.50,49.50,99.00,0,0,0.018867925,,
2,ALL INVENTORY,1787926575498,7340041160534,Eliot's Trailer,1,Back on Track Royal Deluxe Quick Wraps,Tack & Equipment > Boots & Wraps > Leg Wraps,20334802,Size: 14,Color: Wine,,,,Corro Trailer 1,49.50,49.50,49.50,99.00,0,0,0.03448276,,
2,ALL INVENTORY,1787926575498,7340041160596,Eliot's Trailer,1,Back on Track Royal Deluxe Quick Wraps,Tack & Equipment > Boots & Wraps > Leg Wraps,20335004,Size: 18,Color: Navy,,,,Corro Trailer 1,49.50,49.50,49.50,99.00,0,0,,,
2,ALL INVENTORY,1787926575498,7340041160633,Eliot's Trailer,1,Back on Track Royal Deluxe Quick Wraps,Tack & Equipment > Boots & Wraps > Leg Wraps,20336804,Size: 18,Color: Green,,,,Corro Trailer 1,49.50,49.50,49.50,99.00,0,0,,,
2,ALL INVENTORY,1787926575498,7340041180822,Eliot's Trailer,1,Back on Track Royal Deluxe Quick Wraps,Tack & Equipment > Boots & Wraps > Leg Wraps,20335000,Size: 10,Color: Navy,,,,Corro Trailer 1,49.50,49.50,49.50,99.00,0,0,,,
1,ALL INVENTORY,1787926575498,5404022045547,Eliot's Trailer,1,Dy'on Cavesson Noseband Bridle - US Collection,"Tack & Equipment > Bridles, Headstalls & Reins > English Bridles & Reins > Bridles",USKDAJ-BR-F,Size: Full,Color: Brown,,,,Corro Trailer 1,186.85,186.85,186.85,604.99,0,0,,,
1,ALL INVENTORY,1787926575498,5404022035166,Eliot's Trailer,1,Dy'on Bridge Breastplate - D Collection,Tack & Equipment > Martingales & Breastplates,DY06D-BR-C,Size: Cob,Color: Brown,,,,Corro Trailer 1,152.24,152.24,152.24,494.99,0,0,,,
1,ALL INVENTORY,1787926575498,5404022045530,Eliot's Trailer,1,Dy'on Cavesson Noseband Bridle - US Collection,"Tack & Equipment > Bridles, Headstalls & Reins > English Bridles & Reins > Bridles",USKDAJ-BR-C,Size: Cob,Color: Brown,,,,Corro Trailer 1,186.85,186.85,186.85,604.99,0,0,0.025,,
0,ALL INVENTORY,1787926575498,5404022047299,Eliot's Trailer,1,Dy'on Standing Martingale - US Collection,Tack & Equipment > Martingales & Breastplates,US07H-BR-C,Size: Cob,Color: Brown,,,,Corro Trailer 1,100.34,100.34,100.34,324.99,0,0,0.025,,
2,ALL INVENTORY,1787926575498,5404022034282,Eliot's Trailer,1,Dy'on 5/8 Rubber Reins - D Collection,"Tack & Equipment > Bridles, Headstalls & Reins > English Bridles & Reins > Reins",DY05B-BR-C,Size: Cob,Color: Brown,,,,Corro Trailer 1,72.66,72.66,72.66,234.99,0,0,,,
1,ALL INVENTORY,1787926575498,5404022033971,Eliot's Trailer,1,Dy'on Double Noseband - D Collection,"Tack & Equipment > Bridles, Headstalls & Reins > English Bridles & Reins > Bridles",DY04HBRF,Size: Full,Color: Brown,,,,Corro Trailer 1,86.50,86.50,86.50,279.99,0,0,,,
1,ALL INVENTORY,1787926575498,5404022034299,Eliot's Trailer,1,Dy'on 5/8 Rubber Reins - D Collection,"Tack & Equipment > Bridles, Headstalls & Reins > English Bridles & Reins > Reins",DY05B-BR-F,Size: Full,Color: Brown,,,,Corro Trailer 1,72.66,72.66,72.66,234.99,0,0,0.028571429,,
1,ALL INVENTORY,1787926575498,5404022035173,Eliot's Trailer,1,Dy'on Bridge Breastplate - D Collection,Tack & Equipment > Martingales & Breastplates,DY06D-BR-F,Size: Full,Color: Brown,,,,Corro Trailer 1,152.24,152.24,152.24,494.99,0,0,,,
1,ALL INVENTORY,1787926575498,5404022059605,Eliot's Trailer,1,Dy'on Running Martingale - D Collection,Tack & Equipment > Martingales & Breastplates,DY07G-BR-C,Size: Cob,Color: Brown,,,,Corro Trailer 1,83.04,83.04,83.04,269.99,0,0,,,
2,ALL INVENTORY,1787926575498,5425030832394,Eliot's Trailer,1,Kentucky Horsewear Sheepskin Breastplate Cover,Tack & Equipment > Martingales & Breastplates,42601-02-60,Color: Natural,,,,,Corro Trailer 1,30.42,30.42,30.42,79.99,0,0,0.051282052,,
2,ALL INVENTORY,1787926575498,5425030832431,Eliot's Trailer,1,Kentucky Horsewear Sheepskin Noseband Cover,"Tack & Equipment > Bridles, Headstalls & Reins > English Bridles & Reins > Bridle Accessories",42602-05-28,Color: Brown,,,,,Corro Trailer 1,17.38,17.38,17.38,44.99,0,0,,,
3,ALL INVENTORY,1787926575498,5404022046988,Eliot's Trailer,1,Dy'on 5/8 Laced Reins - US Collection,"Tack & Equipment > Bridles, Headstalls & Reins > English Bridles & Reins > Reins",US05RBRF,Size: Full,Color: Brown,,,,Corro Trailer 1,93.42,93.42,93.42,304.99,0,0,,,
2,ALL INVENTORY,1787926575498,5425030835920,Eliot's Trailer,1,Kentucky Horsewear Stable Guard,Stable > Stable Supplies > Stall Supplies,82102-17,Color: Bordeaux,,,,,Corro Trailer 1,43.47,43.47,43.47,119.99,0,0,,,
1,,,5425030834855,,,Kentucky Horsewear Cotton Sheet,Horse Wear > Blankets & Sheets > Stable Blankets & Sheets > Lightweight,52115-03-130,Size: 72-Inch,Color: Navy,,,,Corro Trailer 1,121.71,121.71,121.71,324.99,0,0,0.01369863,,
2,ALL INVENTORY,1787926575498,5425030832424,Eliot's Trailer,1,Kentucky Horsewear Sheepskin Noseband Cover,"Tack & Equipment > Bridles, Headstalls & Reins > English Bridles & Reins > Bridle Accessories",42602-02-28,Color: Natural,,,,,Corro Trailer 1,17.38,17.38,17.38,44.99,0,0,0.0952381,,
2,ALL INVENTORY,1787926575498,5404022031779,Eliot's Trailer,1,Dy'on Anatomic Flash Noseband Bridle - D Collection,"Tack & Equipment > Bridles, Headstalls & Reins > English Bridles & Reins > Bridles",DYABAB-BR-F,Size: Full,Color: Brown,,,,Corro Trailer 1,207.61,207.61,207.61,674.99,0,0,0.04225352,,
2,ALL INVENTORY,1787926575498,"5404022031762, 5404022031762",Eliot's Trailer,1,Dy'on Anatomic Flash Noseband Bridle - D Collection,"Tack & Equipment > Bridles, Headstalls & Reins > English Bridles & Reins > Bridles",DYABAB-BR-C,Size: Cob,Color: Brown,,,,Corro Trailer 1,207.61,207.61,207.61,674.99,0,0,,,
1,ALL INVENTORY,1787926575498,5404022046971,Eliot's Trailer,1,Dy'on 5/8 Laced Reins - US Collection,"Tack & Equipment > Bridles, Headstalls & Reins > English Bridles & Reins > Reins",US05RBRC,Size: Cob,Color: Brown,,,,Corro Trailer 1,93.42,93.42,93.42,304.99,0,0,0.025,,
1,ALL INVENTORY,1787926575498,5407008896485,Eliot's Trailer,1,Kentucky Horsewear Bamboo Elastic Tendon Boots,Tack & Equipment > Boots & Wraps > Protective Boots > Front Boots,88101-01-L,Size: Large,Color: Black,,,,Corro Trailer 1,62.49,62.49,62.49,349.99,0,0,,,
2,ALL INVENTORY,1787926575498,,Eliot's Trailer,1,Walsh Velcro Bell Boots,Tack & Equipment > Boots & Wraps > Bell Boots,147-M-BLK,Size: Medium,Color: Black,,,,Corro Trailer 1,19.00,19.00,19.00,34.00,0,0,0.033898305,,
2,ALL INVENTORY,1787926575498,5407008895136,Eliot's Trailer,1,Kentucky Horsewear Vegan Sheepskin Bamboo Elastic Tendon Boots,Tack & Equipment > Boots & Wraps > Protective Boots > Front Boots,88102-01-M,Size: Medium,Color: Black,,,,Corro Trailer 1,74.99,74.99,74.99,414.99,0,0,,,
2,ALL INVENTORY,1787926575498,5407008895112,Eliot's Trailer,1,Kentucky Horsewear Bamboo Elastic Tendon Boots,Tack & Equipment > Boots & Wraps > Protective Boots > Front Boots,88101-01-M,Size: Medium,Color: Black,,,,Corro Trailer 1,62.49,62.49,62.49,349.99,0,0,,,
2,ALL INVENTORY,1787926575498,5407008896539,Eliot's Trailer,1,Kentucky Horsewear Vegan Sheepskin Bamboo Elastic Tendon Boots,Tack & Equipment > Boots & Wraps > Protective Boots > Front Boots,88102-01-L,Size: Large,Color: Black,,,,Corro Trailer 1,74.99,74.99,74.99,414.99,0,0,,,
3,ALL INVENTORY,1787926575498,5407007532100,Eliot's Trailer,1,Kentucky Horsewear Leather Rope Halter,Tack & Equipment > Halters & Leads > Halters > Leather Halters,42540-05-COB,Size: Cob,,,,,Corro Trailer 1,95.63,95.63,95.63,259.99,0,0,0.012987013,,
2,ALL INVENTORY,1787926575498,5425030830819,Eliot's Trailer,1,Kentucky Horsewear Sheepskin Leather Overreach Boots,Tack & Equipment > Boots & Wraps > Bell Boots,88295-01-L,Size: Large,Color: Black/Natural,,,,Corro Trailer 1,52.15,52.15,52.15,144.99,0,0,,,
2,ALL INVENTORY,1787926575498,5425030835012,Eliot's Trailer,1,Kentucky Horsewear Leather Anatomic Halter,Tack & Equipment > Halters & Leads > Halters > Leather Halters,42513-05-COB,Size: Cob,Color: Brown,,,,Corro Trailer 1,76.12,76.12,76.12,259.99,0,0,0.024390243,,
2,ALL INVENTORY,1787926575498,5407010741896,Eliot's Trailer,1,Kentucky Horsewear Waterproof Saddle Cover,"Tack & Equipment > Bags, Cases & Covers",82152-01-SJ,Color: Black,,,,,Corro Trailer 1,56.51,56.51,56.51,159.99,0,0,,,
1,ALL INVENTORY,1787926575498,5425030834404,Eliot's Trailer,1,Kentucky Horsewear Sheepskin Leather Overreach Boots,Tack & Equipment > Boots & Wraps > Bell Boots,88295-01-01-M,Size: Medium,Color: Black/Black,,,,Corro Trailer 1,52.15,52.15,52.15,144.99,0,0,0.024390243,,
2,ALL INVENTORY,1787926575498,5425030830963,Eliot's Trailer,1,Kentucky Horsewear Sheepskin Leather Overreach Boots,Tack & Equipment > Boots & Wraps > Bell Boots,88295-01-XXL,Size: Extra Extra Large,Color: Black/Natural,,,,Corro Trailer 1,52.15,52.15,52.15,144.99,0,0,,,
2,ALL INVENTORY,1787926575498,5425030830710,Eliot's Trailer,1,Kentucky Horsewear Sheepskin Leather Overreach Boots,Tack & Equipment > Boots & Wraps > Bell Boots,88295-01-M,Size: Medium,Color: Black/Natural,,,,Corro Trailer 1,52.15,52.15,52.15,144.99,0,0,,,
2,ALL INVENTORY,1787926575498,5425030830833,Eliot's Trailer,1,Kentucky Horsewear Sheepskin Leather Overreach Boots,Tack & Equipment > Boots & Wraps > Bell Boots,88295-01-XL,Size: Extra Large,Color: Black/Natural,,,,Corro Trailer 1,52.15,52.15,52.15,144.99,0,0,0.016949153,,
3,ALL INVENTORY,1787926575498,5425030835029,Eliot's Trailer,1,Kentucky Horsewear Leather Anatomic Halter,Tack & Equipment > Halters & Leads > Halters > Leather Halters,42513-05-F,Size: Full,Color: Brown,,,,Corro Trailer 1,76.12,76.12,76.12,259.99,0,0,,,
2,ALL INVENTORY,1787926575498,5407010741889,Eliot's Trailer,1,Kentucky Horsewear Waterproof Saddle Cover,"Tack & Equipment > Bags, Cases & Covers",82152-03-SJ,Color: Navy,,,,,Corro Trailer 1,56.51,56.51,56.51,159.99,0,0,,,
15,ALL INVENTORY,1787926575498,5425030833322,Eliot's Trailer,1,Tesa Tape,Horse Care > First Aid & Wellness > First Aid Supplies,44541-50-50,Size: 50mm x 50m,,,,,Corro Trailer 1,30.66,30.66,30.66,114.99,0,0,,,
20,ALL INVENTORY,1787926575498,040102206597,Eliot's Trailer,1,Andis Quad Force Replacement Blade Drive,"Horse Care > Grooming & Bathing > Clippers, Blades & Accessories",20659,Title: Default Title,,,,,Corro Trailer 1,5.07,5.07,5.07,10.51,0,0,,,
1,ALL INVENTORY,1787926575498,70921018,Eliot's Trailer,1,Uline Electrical Tape,Stable > Stable Supplies > Misc,S-10521,Size: 20-Yard Length x 3/4-Inch Width,Color: Brown,,,,Corro Trailer 1,1.00,1.00,1.00,2.95,0,0,0.03125,,
4,ALL INVENTORY,1787926575498,17804090,Eliot's Trailer,1,Uline Electrical Tape,Stable > Stable Supplies > Misc,S-5143,Size: 20-Yard Length x 3/4-Inch Width,Color: Black,,,,Corro Trailer 1,1.15,1.15,1.15,2.95,0,0,,,
1,ALL INVENTORY,1787926575498,70953786,Eliot's Trailer,1,Uline Electrical Tape,Stable > Stable Supplies > Misc,S-7858,Size: 20-Yard Length x 3/4-Inch Width,Color: White,,,,Corro Trailer 1,1.00,1.00,1.00,2.95,0,0,0.03125,,
2,ALL INVENTORY,1787926575498,,Eliot's Trailer,1,Equishield IBH Salve,Horse Care > First Aid & Wellness > Wound Care & Topicals,9009-06-00,Size: 4 Ounces,,,,,Corro Trailer 1,19.65,19.65,19.65,37.79,0,0,,,
2,ALL INVENTORY,1787926575498,"8881251840, 8881251840",Eliot's Trailer,1,Monojet Poly Hub Needle,Horse Care > First Aid & Wellness > First Aid Supplies > Needles and Syringes,8881251840,Size: 21 Gauge x 1 Inch,Quantity: Box of 100,,,,Corro Trailer 1,10.65,10.65,10.65,15.99,0,0,,,
2,ALL INVENTORY,1787926575498,"8881251790, 8881251790",Eliot's Trailer,1,Monojet Poly Hub Needle,Horse Care > First Aid & Wellness > First Aid Supplies > Needles and Syringes,8881251790,Size: 20 Gauge x 1 1/2 Inch,Quantity: Box of 100,,,,Corro Trailer 1,10.65,10.65,10.65,18.99,0,0,,,
4,ALL INVENTORY,1787926575498,"8881250081, 8881250081",Eliot's Trailer,1,Monojet Poly Hub Needle,Horse Care > First Aid & Wellness > First Aid Supplies > Needles and Syringes,8881250081,Size: 19 Gauge x 1 Inch,Quantity: Box of 100,,,,Corro Trailer 1,10.60,10.60,10.60,14.99,0,0,,,
2,ALL INVENTORY,1787926575498,8881251782,Eliot's Trailer,1,Monojet Poly Hub Needle,Horse Care > First Aid & Wellness > First Aid Supplies > Needles and Syringes,8881251782,Size: 20 Gauge x 1 Inch,Quantity: Box of 100,,,,Corro Trailer 1,9.54,9.54,9.54,15.99,0,0,0.026666667,,
3,ALL INVENTORY,1787926575498,757475723148,Eliot's Trailer,1,Epona Queen's Brush,Horse Care > Grooming & Bathing > Brushes & Tools > Brushes & Combs,1096,Title: Default Title,,,,,Corro Trailer 1,7.26,8.05,8.84,14.99,0,0,0.023255814,,
4,ALL INVENTORY,1787926575498,635913044911,Eliot's Trailer,1,Mustang Poly Lead,Tack & Equipment > Halters & Leads > Lead Ropes,6000-F,Color: Navy,,,,,Corro Trailer 1,5.20,5.20,5.20,9.99,0,0,0.02631579,,
-1,,,,,,Veltri Sport Bedford Boot Bag,Rider > Bags > Boot Bags,sku-45594331349213,Color: Black/Rose Gold,,,,,Corro Trailer 1,84.36,84.36,84.36,148.00,0,0,0.025641026,,
2,ALL INVENTORY,1787926575498,"20388815128527, 20388815128527",Eliot's Trailer,1,Monoject Disposable Regular Tip Syringe,Horse Care > First Aid & Wellness > First Aid Supplies > Needles and Syringes,8881512852,Size: 12cc / Box of 80,,,,,Corro Trailer 1,27.05,27.05,27.05,35.99,0,0,,,
8,ALL INVENTORY,1787926575498,815756021014,Eliot's Trailer,1,Likit Granola Stall Ball,Horse Care > Treats & Toys > Toys & Licks,GRANBALLMIUS,Size: 3.53 Pounds,Flavor: Peppermint,,,,Corro Trailer 1,0.00,7.74,15.48,22.99,0,0,0.032258064,,
2,ALL INVENTORY,1787926575498,,Eliot's Trailer,1,Monoject Disposable Regular Tip Syringe,Horse Care > First Aid & Wellness > First Aid Supplies > Needles and Syringes,8881516911,Size: 6cc / Box of 50,,,,,Corro Trailer 1,12.50,12.50,12.50,18.99,0,0,0.01754386,,
7,ALL INVENTORY,1787926575498,815756021021,Eliot's Trailer,1,Likit Granola Stall Ball,Horse Care > Treats & Toys > Toys & Licks,GRANBALLNAUS,Size: 3.53 Pounds,Flavor: Molasses,,,,Corro Trailer 1,15.48,15.48,15.48,22.99,0,0,0.16666667,,
4,ALL INVENTORY,1787926575498,011088452101419,Eliot's Trailer,1,Monoject Disposable Luer Lock Tip Syringe,Horse Care > First Aid & Wellness > First Aid Supplies > Needles and Syringes,8881516937,Size: 6cc / Box of 50,,,,,Corro Trailer 1,11.53,11.53,11.53,16.95,0,0,0.018518519,,
5,ALL INVENTORY,1787926575498,5037648002665,Eliot's Trailer,1,Likit Granola Stall Ball,Horse Care > Treats & Toys > Toys & Licks,GRANBALLAP,Size: 3.53 Pounds,Flavor: Apple,,,,Corro Trailer 1,15.48,15.48,15.48,22.99,0,0,0.11904762,,
1,ALL INVENTORY,1787926575498,,Eliot's Trailer,1,Monoject Disposable Regular Tip Syringe,Horse Care > First Aid & Wellness > First Aid Supplies > Needles and Syringes,8881560224,Size: 60cc / Box of 20,,,,,Corro Trailer 1,24.74,24.74,24.74,36.99,0,0,,,
0,ALL INVENTORY,1787926575498,000399389410,Eliot's Trailer,1,Rubber Curry Comb,"Horse Care > Grooming & Bathing > Brushes & Tools > Grooming Gloves, Curry Combs & Deshedding Tools",65-2141,Title: Default Title,,,,,Corro Trailer 1,4.41,4.41,4.41,6.99,0,0,,,
4,Cycle Counts Grooming,1785512013430,000399389410,Eliot's Trailer,1,Rubber Curry Comb,"Horse Care > Grooming & Bathing > Brushes & Tools > Grooming Gloves, Curry Combs & Deshedding Tools",65-2141,Title: Default Title,,,,,Corro Trailer 1,4.41,4.41,4.41,6.99,0,0,,,
2,ALL INVENTORY,1787926575498,851559000719,Eliot's Trailer,1,Equishield CK Spray,Horse Care > First Aid & Wellness > Wound Care & Topicals,9005-03-00,Size: 16 Ounces,,,,,Corro Trailer 1,18.63,18.63,18.63,33.69,0,0,,,
1,ALL INVENTORY,1787926575498,688499252843,Eliot's Trailer,1,"Tough-1 Professional 15"" Shoe Puller",Horse Care > Grooming & Bathing > Brushes & Tools > Hoof Picks & Hoof Brushes,79-716-0-0,Title: Default Title,,,,,Corro Trailer 1,25.98,25.98,25.98,44.95,0,0,,,
2,ALL INVENTORY,1787926575498,8033141237723,Eliot's Trailer,1,Equiline Ozzy Stable Head Protector,Stable > Stable Supplies > Stall Supplies,F03018-002,Color: Navy,,,,,Corro Trailer 1,45.00,45.00,45.00,89.00,0,0,0.019607844,,
2,ALL INVENTORY,1787926575498,8033141099048,Eliot's Trailer,1,Equiline Cotton Quilted Leg Wraps (Set of 4),Tack & Equipment > Boots & Wraps > Leg Wraps,EC018-D00071-006,Color: Black,,,,,Corro Trailer 1,129.00,129.00,129.00,259.00,0,0,,,
0,ALL INVENTORY,1787926575498,8033141421085,Eliot's Trailer,1,Equiline Fleece Polo Wraps (Set of 4),Tack & Equipment > Boots & Wraps > Leg Wraps,EC018-D04000-006,Color: Black,,,,,Corro Trailer 1,37.50,37.50,37.50,75.00,0,0,0.027777778,,
1,ALL INVENTORY,1787926575498,8033141236627,Eliot's Trailer,1,Equiline Dave Soundproof Ear Net With Square Edge,Tack & Equipment > Ear Plugs & Bonnets > Bonnets,E01043-006F,Color: Black,Size: Full,,,,Corro Trailer 1,55.00,55.00,55.00,109.00,0,0,,,
1,ALL INVENTORY,1787926575498,8033141863625,Eliot's Trailer,1,Equiline Loop Tie Down Ear Bonnet,Tack & Equipment > Ear Plugs & Bonnets > Bonnets,E00057-006,Color: Black,,,,,Corro Trailer 1,42.50,42.50,42.50,85.00,0,0,,,
1,ALL INVENTORY,1787926575498,860004400097,Eliot's Trailer,1,ShowBarn Secret Braiding Spray,Horse Care > Grooming & Bathing > Brushes & Tools > Braiding,SBSBS32,Size: 32 Ounces,,,,,Corro Trailer 1,10.50,10.50,10.50,20.99,0,0,,,
2,ALL INVENTORY,1787926575498,5425030830888,Eliot's Trailer,1,Kentucky Horsewear Sheepskin Girth,Tack & Equipment > Girths & Cinches > English Girths > Hunter/Jumper Girths,42401-05-135,Color: Brown,Size: 54-Inch,,,,Corro Trailer 1,78.24,78.24,78.24,214.99,0,0,,,
2,ALL INVENTORY,1787926575498,5425030830918,Eliot's Trailer,1,Kentucky Horsewear Sheepskin Girth,Tack & Equipment > Girths & Cinches > English Girths > Hunter/Jumper Girths,42401-01-125,Color: Black,Size: 50-Inch,,,,Corro Trailer 1,78.24,78.24,78.24,214.99,0,0,0.11111111,,
2,ALL INVENTORY,1787926575498,5425030830901,Eliot's Trailer,1,Kentucky Horsewear Sheepskin Girth,Tack & Equipment > Girths & Cinches > English Girths > Hunter/Jumper Girths,42401-01-120,Color: Black,Size: 48-Inch,,,,Corro Trailer 1,78.24,78.24,78.24,214.99,0,0,,,
1,ALL INVENTORY,1787926575498,5425030830925,Eliot's Trailer,1,Kentucky Horsewear Sheepskin Girth,Tack & Equipment > Girths & Cinches > English Girths > Hunter/Jumper Girths,42401-01-130,Color: Black,Size: 52-Inch,,,,Corro Trailer 1,78.24,78.24,78.24,214.99,0,0,,,
2,ALL INVENTORY,1787926575498,5425030830864,Eliot's Trailer,1,Kentucky Horsewear Sheepskin Girth,Tack & Equipment > Girths & Cinches > English Girths > Hunter/Jumper Girths,42401-05-125,Color: Brown,Size: 50-Inch,,,,Corro Trailer 1,78.24,78.24,78.24,214.99,0,0,1,,
2,ALL INVENTORY,1787926575498,5425030830932,Eliot's Trailer,1,Kentucky Horsewear Sheepskin Girth,Tack & Equipment > Girths & Cinches > English Girths > Hunter/Jumper Girths,42401-01-135,Color: Black,Size: 54-Inch,,,,Corro Trailer 1,78.24,78.24,78.24,214.99,0,0,,,
2,ALL INVENTORY,1787926575498,5425030830871,Eliot's Trailer,1,Kentucky Horsewear Sheepskin Girth,Tack & Equipment > Girths & Cinches > English Girths > Hunter/Jumper Girths,42401-05-130,Color: Brown,Size: 52-Inch,,,,Corro Trailer 1,78.24,78.24,78.24,214.99,0,0,,,
2,ALL INVENTORY,1787926575498,5407008899486,Eliot's Trailer,1,Kentucky Horseware Vegan Sheepskin Fetlock Boots Elastic,Tack & Equipment > Boots & Wraps > Protective Boots > Hind Boots,88208-01-M,Size: Medium,Color: Black,,,,Corro Trailer 1,96.88,96.88,96.88,324.99,0,0,,,
0,ALL INVENTORY,1787926575498,00892277188518,Eliot's Trailer,1,Equifit Belly Band+ With Fleece,Tack & Equipment > Girths & Cinches > English Girths > Hunter/Jumper Girths,52615H,Size: Horse,,,,,Corro Trailer 1,104.25,104.25,104.25,208.00,0,0,,,
1,ALL INVENTORY,1787926575498,00892277188525,Eliot's Trailer,1,Equifit Belly Band+ With Fleece,Tack & Equipment > Girths & Cinches > English Girths > Hunter/Jumper Girths,52615O,Size: Oversize,,,,,Corro Trailer 1,104.25,104.25,104.25,208.00,0,0,,,
3,ALL INVENTORY,1787926575498,5404022035814,Eliot's Trailer,1,Dy'on 5/8 Leather/Nylon Draw Reins - D Collection,"Tack & Equipment > Bridles, Headstalls & Reins > English Bridles & Reins > Reins",DY08B-BR-F,Size: Full,Color: Brown,,,,Corro Trailer 1,76.12,76.12,76.12,249.99,0,0,,,
3,ALL INVENTORY,1787926575498,5404022030123,Eliot's Trailer,1,Dy'on Blinkers,"Tack & Equipment > Bridles, Headstalls & Reins > English Bridles & Reins > Bridle Accessories",AB99KBRC,Size: Cob,Color: Brown,,,,Corro Trailer 1,17.29,17.29,17.29,59.99,0,0,,,
1,ALL INVENTORY,1787926575498,5404022034695,Eliot's Trailer,1,Dy'on 5/8 Web Reins With 9 Leather Loops - D Collection,"Tack & Equipment > Bridles, Headstalls & Reins > English Bridles & Reins > Reins",DY05K-BR-F,Size: Full,Color: Brown,,,,Corro Trailer 1,65.74,65.74,65.74,214.99,0,0,,,
1,ALL INVENTORY,1787926575498,5404022035807,Eliot's Trailer,1,Dy'on 5/8 Leather/Nylon Draw Reins - D Collection,"Tack & Equipment > Bridles, Headstalls & Reins > English Bridles & Reins > Reins",DY08B-BR-C,Size: Cob,Color: Brown,,,,Corro Trailer 1,76.12,76.12,76.12,249.99,0,0,,,
2,ALL INVENTORY,1787926575498,5404022033803,Eliot's Trailer,1,Dy'on Rope Noseband - D Collection,"Tack & Equipment > Bridles, Headstalls & Reins > English Bridles & Reins > Bridles",DY04F-BR-C,Size: Cob,Color: Brown,,,,Corro Trailer 1,51.90,51.90,51.90,169.99,0,0,,,
1,ALL INVENTORY,1787926575498,5404022033810,Eliot's Trailer,1,Dy'on Rope Noseband - D Collection,"Tack & Equipment > Bridles, Headstalls & Reins > English Bridles & Reins > Bridles",DY04F-BR-F,Size: Full,Color: Brown,,,,Corro Trailer 1,51.90,51.90,51.90,169.99,0,0,0.03125,,
3,ALL INVENTORY,1787926575498,5404022035968,Eliot's Trailer,1,Dy'on 3/8 Flash Nose Strap - D Collection,"Tack & Equipment > Bridles, Headstalls & Reins > English Bridles & Reins > Bridle Accessories",DY99A-BR-C,Size: Cob,Color: Brown,,,,Corro Trailer 1,13.83,13.83,13.83,44.99,0,0,0.041666668,,
2,ALL INVENTORY,1787926575498,5404022033568,Eliot's Trailer,1,Dy'on Fig 8 Noseband- D Collection,"Tack & Equipment > Bridles, Headstalls & Reins > English Bridles & Reins > Bridles",DY04C-BR-C,Size: Cob,Color: Brown,,,,Corro Trailer 1,76.12,76.12,76.12,249.99,0,0,,,
-1,,,,,,Veltri Sport Delaire Backpack,Rider > Bags > Backpacks,VSP12001BN,Color: Black/Nickel,,,,,Corro Trailer 1,141.36,141.36,141.36,248.00,0,0,0.025,,
1,ALL INVENTORY,1787926575498,7340041117460,Eliot's Trailer,1,Back On Track Human Physio Wrist Brace,Rider > Accessories & Apparel > Accessories,13070003,Size: Large,Color: Black,,,,Corro Trailer 1,12.50,12.50,12.50,25.00,0,0,,,
2,ALL INVENTORY,1787926575498,7340041117446,Eliot's Trailer,1,Back On Track Human Physio Wrist Brace,Rider > Accessories & Apparel > Accessories,13070001,Size: Small,Color: Black,,,,Corro Trailer 1,12.50,12.50,12.50,25.00,0,0,,,
2,ALL INVENTORY,1787926575498,7340041117453,Eliot's Trailer,1,Back On Track Human Physio Wrist Brace,Rider > Accessories & Apparel > Accessories,13070002,Size: Medium,Color: Black,,,,Corro Trailer 1,12.50,12.50,12.50,25.00,0,0,,,
-1,,,,,,EnviroEquine ReLyte,Horse Care > Supplements > Performance & Energy,EEIPRL1KG5,Size: 1.5kg,,,,,Corro Trailer 1,63.70,63.70,63.70,98.00,0,0,0.03448276,,
1,ALL INVENTORY,1787926575498,"40567354, 40567354",Eliot's Trailer,1,Equisite Alesia Shirt,Rider > Accessories & Apparel > Shirts,sku-51085713244451,Size: M,Color: Eucalyptus,,,,Corro Trailer 1,58.80,58.80,58.80,98.00,0,0,,,
12,ALL INVENTORY,1787926575498,30064442,Eliot's Trailer,1,Cavali Club Sun Visor,Rider > Accessories & Apparel > Hats,SPR603,Color: Black / Adult,,,,,Corro Trailer 1,5.40,5.40,5.40,29.99,0,0,0.016393442,,
6,ALL INVENTORY,1787926575498,77104442,Eliot's Trailer,1,The Infused Equestrian Wham Bam Fly Spray,Horse Care > Fly & Insect Control > Fly Sprays & Traps,WHAMBAM16,Size: 16 Ounces,,,,,Corro Trailer 1,9.96,9.96,9.96,22.00,0,0,,,
6,ALL INVENTORY,1787926575498,30097210,Eliot's Trailer,1,Cavali Club Sun Visor,Rider > Accessories & Apparel > Hats,SPR604,Color: Pink / Youth,,,,,Corro Trailer 1,5.40,5.40,5.40,29.99,0,0,,,
6,ALL INVENTORY,1787926575498,,Eliot's Trailer,1,Equi-Care Clean & Care Saddle Soap,Tack & Equipment > Leather Care,CCSS19,Size: 19.5 Ounces,,,,,Corro Trailer 1,9.50,9.50,9.50,15.00,0,0,0.020408163,,
2,ALL INVENTORY,1787926575498,,Eliot's Trailer,1,Equi-Care Clean & Care Ointment,Tack & Equipment > Leather Care,CCO15,Size: 15 Ounces,,,,,Corro Trailer 1,10.13,10.13,10.13,17.00,0,0,,,
4,ALL INVENTORY,1787926575498,,Eliot's Trailer,1,Equi-Care Clean & Care EquiSoft,Tack & Equipment > Leather Care,CCES15,Size: 15 Ounces,,,,,Corro Trailer 1,8.19,8.19,8.19,13.90,0,0,,,
2,ALL INVENTORY,1787926575498,649982222927,Eliot's Trailer,1,Amigo Net Cooler,"Horse Wear > Blankets & Sheets > Coolers, Fleece & Covers",ACRN24-BJI0-81,Color: Navy/Titanium Grey & Silver,Size: 81-Inch,,,,Corro Trailer 1,31.52,31.52,31.52,71.95,0,0,,,
1,ALL INVENTORY,1787926575498,649982222897,Eliot's Trailer,1,Amigo Net Cooler,"Horse Wear > Blankets & Sheets > Coolers, Fleece & Covers",ACRN24-BJI0-72,Color: Navy/Titanium Grey & Silver,Size: 72-Inch,,,,Corro Trailer 1,31.52,31.52,31.52,71.95,0,0,0.020408163,,
2,ALL INVENTORY,1787926575498,649982222910,Eliot's Trailer,1,Amigo Net Cooler,"Horse Wear > Blankets & Sheets > Coolers, Fleece & Covers",ACRN24-BJI0-78,Color: Navy/Titanium Grey & Silver,Size: 78-Inch,,,,Corro Trailer 1,31.52,31.52,31.52,71.95,0,0,,,
1,ALL INVENTORY,1787926575498,"0649982222903, 649982222903",Eliot's Trailer,1,Amigo Net Cooler,"Horse Wear > Blankets & Sheets > Coolers, Fleece & Covers",ACRN24-BJI0-75,Color: Navy/Titanium Grey & Silver,Size: 75-Inch,,,,Corro Trailer 1,31.52,31.52,31.52,71.95,0,0,,,
1,ALL INVENTORY,1787926575498,649982222934,Eliot's Trailer,1,Amigo Net Cooler,"Horse Wear > Blankets & Sheets > Coolers, Fleece & Covers",ACRN24-BJI0-84,Color: Navy/Titanium Grey & Silver,Size: 84-Inch,,,,Corro Trailer 1,31.52,31.52,31.52,71.95,0,0,0.01754386,,
6,ALL INVENTORY,1787926575498,7392557900104,Eliot's Trailer,1,ComfortMix Thrush Treatment,Horse Care > First Aid & Wellness > Hoof Care > Thrush,90.195.900100000,Size: Gel - 2 oz,,,,,Corro Trailer 1,11.20,11.20,11.20,14.95,0,0,0.06944445,,
5,ALL INVENTORY,1787926575498,840539019964,Eliot's Trailer,1,Braiding Bands,Horse Care > Grooming & Bathing > Brushes & Tools > Braiding,368-CS,Color: Chestnut,,,,,Corro Trailer 1,2.98,2.98,2.98,4.98,0,0,0.013333334,,
4,ALL INVENTORY,1787926575498,025784300559,Eliot's Trailer,1,Fiebing's 100% Pure Neatsfoot Oil,Tack & Equipment > Leather Care,088-30055,Size: 16 Ounces,,,,,Corro Trailer 1,7.13,7.13,7.13,13.99,0,0,0.027027028,,
1,ALL INVENTORY,1787926575498,"4005611035508, 4005611035508",Eliot's Trailer,1,Pharmaka Sporty Stick Spray,Rider > Accessories & Apparel > Accessories,803550,Size: 200ml,,,,,Corro Trailer 1,12.30,12.30,12.30,22.50,0,0,0.046511628,,
8,ALL INVENTORY,1787926575498,198715208719,Eliot's Trailer,1,Groom's Hand Deep Thrush Gel,Horse Care > First Aid & Wellness > Hoof Care > Thrush,GHDT3AR,Size: 3 Ounces,,,,,Corro Trailer 1,14.30,14.30,14.30,19.50,0,0,,,
6,ALL INVENTORY,1787926575498,,Eliot's Trailer,1,Hoof Pick with Brush,Horse Care > Grooming & Bathing > Brushes & Tools > Hoof Picks & Hoof Brushes,68-039312-2-0,Color: Black,,,,,Corro Trailer 1,1.19,1.19,1.19,2.99,0,0,0.10843374,,
10,ALL INVENTORY,1787926575498,,Eliot's Trailer,1,Bamboo Broom,Stable > Stable Supplies,82178,Title: Default Title,,,,,Corro Trailer 1,13.04,13.04,13.04,29.99,0,0,,,
2,ALL INVENTORY,1787926575498,688499556743,Eliot's Trailer,1,Tough-1 Box Fan Holder,Stable > Stable Supplies > Stall Supplies,88-497-0-0,Title: Default Title,,,,,Corro Trailer 1,10.98,10.98,10.98,17.99,0,0,0.15277778,,
8,ALL INVENTORY,1787926575498,840539065756,Eliot's Trailer,1,Sealtex Latex Bandage,Tack & Equipment > Bits > Bit Accessories,391,Size: 3” x 36”,,,,,Corro Trailer 1,7.95,7.95,7.95,15.95,0,0,,,
7,ALL INVENTORY,1787926575498,688499055314,Eliot's Trailer,1,Lunge Whip,Tack & Equipment > Training & Lunging > Accessories,29-206-2-0,Size: 6ft,Color: Black,,,,Corro Trailer 1,6.49,6.49,6.49,14.99,0,0,,,
12,ALL INVENTORY,1787926575498,084369000093,Eliot's Trailer,1,Little Giant DuraFork,Stable > Stable Supplies > Manure Forks,PDF1BLACK,Color: Black,,,,,Corro Trailer 1,11.62,11.62,11.62,22.99,0,0,,,
2,ALL INVENTORY,1787926575498,"1784834544246, 1784834544246",Eliot's Trailer,1,Bhoof Safety Vest 1,Rider > Accessories & Apparel > Safety Vest,BH20050000,Color: Black,Size: XX-Small,,,,Corro Trailer 1,439.00,439.00,439.00,799.00,0,0,,,
1,ALL INVENTORY,1787926575498,"7340220701022, 7340220701022",Eliot's Trailer,1,Bhoof Safety Vest 1,Rider > Accessories & Apparel > Safety Vest,BH20050003,Color: Black,Size: Medium,,,,Corro Trailer 1,439.00,439.00,439.00,799.00,0,0,,,
2,ALL INVENTORY,1787926575498,"7340220701008, 7340220701008",Eliot's Trailer,1,Bhoof Safety Vest 1,Rider > Accessories & Apparel > Safety Vest,BH20050001,Color: Black,Size: X-Small,,,,Corro Trailer 1,439.00,439.00,439.00,799.00,0,0,,,
1,ALL INVENTORY,1787926575498,"7340220701015, 7340220701015",Eliot's Trailer,1,Bhoof Safety Vest 1,Rider > Accessories & Apparel > Safety Vest,BH20050002,Color: Black,Size: Small,,,,Corro Trailer 1,439.00,439.00,439.00,799.00,0,0,,,
1,ALL INVENTORY,1787926575498,,Eliot's Trailer,1,Monoject 60cc Catheter Tip Syringe,Horse Care > First Aid & Wellness > First Aid Supplies > Needles and Syringes,8881560141,Size: 20 Pack,,,,,Corro Trailer 1,24.74,24.74,24.74,29.95,0,0,0.06,,
4,ALL INVENTORY,1787926575498,7340220700704,Eliot's Trailer,1,Bhoof Eyewear 1.1 Wide,Rider > Accessories & Apparel > Eyewear,BH20010001,Color: Black,,,,,Corro Trailer 1,137.00,137.00,137.00,249.00,0,0,0.057142857,,
10,ALL INVENTORY,1787926575498,7340220701282,Eliot's Trailer,1,Bhoof CO2 Cartridge 1,Rider > Accessories & Apparel > Safety Vest,BH20050007,Size: 33 Grams,,,,,Corro Trailer 1,21.00,21.00,21.00,39.00,0,0,,,
0,ALL INVENTORY,1787926575498,7340220700735,Eliot's Trailer,1,Bhoof Eyewear 2 Slim,Rider > Accessories & Apparel > Eyewear,BH20010004,Color: Slate Grey/Brown Contrast,,,,,Corro Trailer 1,148.00,148.00,148.00,269.00,0,0,,,
10,ALL INVENTORY,1787926575498,7340220701275,Eliot's Trailer,1,Bhoof CO2 Cartridge 1,Rider > Accessories & Apparel > Safety Vest,BH20050006,Size: 24 Grams,,,,,Corro Trailer 1,21.00,21.00,21.00,39.00,0,0,0.048780486,,
1,ALL INVENTORY,1787926575498,7340220700124,Eliot's Trailer,1,Bhoof Bridle 2 - Y-fit,"Tack & Equipment > Bridles, Headstalls & Reins > English Bridles & Reins > Bridles",BH10010012,Size: Full,,,,,Corro Trailer 1,307.00,307.00,307.00,559.00,0,0,,,
2,ALL INVENTORY,1787926575498,7316632015200,Eliot's Trailer,1,Bhoof Bit 3 Leather,Tack & Equipment > Bits > English Bits,BH10120013,Style: Titanium / Leather,Size: 125 mm,,,,Corro Trailer 1,149.00,149.00,149.00,229.00,0,0,,,
2,ALL INVENTORY,1787926575498,7316632015101,Eliot's Trailer,1,Bhoof Bit 1 Single-jointed,Tack & Equipment > Bits > English Bits,BH10120003,Size: 125 mm,,,,,Corro Trailer 1,129.00,129.00,129.00,199.00,0,0,,,
1,ALL INVENTORY,1787926575498,7316632015217,Eliot's Trailer,1,Bhoof Bit 3 Leather,Tack & Equipment > Bits > English Bits,BH10120014,Style: Titanium / Leather,Size: 135 mm,,,,Corro Trailer 1,149.00,149.00,149.00,229.00,0,0,,,
1,ALL INVENTORY,1787926575498,7316632015118,Eliot's Trailer,1,Bhoof Bit 1 Single-jointed,Tack & Equipment > Bits > English Bits,BH10120004,Size: 135 mm,,,,,Corro Trailer 1,129.00,129.00,129.00,199.00,0,0,,,
2,ALL INVENTORY,1787926575498,7316632015194,Eliot's Trailer,1,Bhoof Bit 3 Leather,Tack & Equipment > Bits > English Bits,BH10120012,Style: Titanium / Leather,Size: 115 mm,,,,Corro Trailer 1,149.00,149.00,149.00,229.00,0,0,,,
2,ALL INVENTORY,1787926575498,7316632015095,Eliot's Trailer,1,Bhoof Bit 1 Single-jointed,Tack & Equipment > Bits > English Bits,BH10120002,Size: 115 mm,,,,,Corro Trailer 1,129.00,129.00,129.00,199.00,0,0,,,
0,ALL INVENTORY,1787926575498,7340220700193,Eliot's Trailer,1,Bhoof Martingale 1 - Classic,Tack & Equipment > Martingales & Breastplates,BH10030002,Size: Cob,,,,,Corro Trailer 1,142.00,142.00,142.00,259.00,0,0,0.025,,
1,ALL INVENTORY,1787926575498,7340220700155,Eliot's Trailer,1,Bhoof Rein 1 - Safety,"Tack & Equipment > Bridles, Headstalls & Reins > English Bridles & Reins > Reins",BH10020003,Size: Full 22mm,,,,,Corro Trailer 1,98.00,98.00,98.00,179.00,0,0,,,
2,ALL INVENTORY,1787926575498,099355026735,Eliot's Trailer,1,Cotton Roll Non-Sterile,Horse Care > First Aid & Wellness > First Aid Supplies,21300729,Title: Default Title,,,,,Corro Trailer 1,3.54,3.54,3.54,8.99,0,0,,,
1,ALL INVENTORY,1787926575498,7340220701268,Eliot's Trailer,1,Ryde Adjustable Safety Stirrup,Tack & Equipment > Stirrups & Leathers > English Stirrups,002,Color: Silver,,,,,Corro Trailer 1,0.00,0.00,0.00,650.00,0,0,,,
2,ALL INVENTORY,1787926575498,7350144777225,Eliot's Trailer,1,Yagya Leather Buckle Belt,Rider > Accessories & Apparel > Belts,1000000000717,Color: Brown,Size: XS/S,,,,Corro Trailer 1,90.00,90.00,90.00,190.00,0,0,,,
1,ALL INVENTORY,1787926575498,7350144773739,Eliot's Trailer,1,Yagya Compression Performance Breeches,Rider > Accessories & Apparel > Breeches,1000000000375,Size: Medium,Color: Black,,,,Corro Trailer 1,167.00,167.00,167.00,350.00,0,0,,,
1,ALL INVENTORY,1787926575498,7350144774774,Eliot's Trailer,1,Yagya Compression Performance Breeches,Rider > Accessories & Apparel > Breeches,1000000000475,Size: Large,Color: Tan,,,,Corro Trailer 1,167.00,167.00,167.00,350.00,0,0,,,
0,ALL INVENTORY,1787926575498,7350144773722,Eliot's Trailer,1,Yagya Compression Performance Breeches,Rider > Accessories & Apparel > Breeches,1000000000374,Size: Small,Color: Black,,,,Corro Trailer 1,167.00,167.00,167.00,350.00,0,0,0.025641026,,
0,ALL INVENTORY,1787926575498,,Eliot's Trailer,1,Yagya Compression Performance Breeches,Rider > Accessories & Apparel > Breeches,1000000000294,Size: Extra Small,Color: White,,,,Corro Trailer 1,167.00,167.00,167.00,350.00,0,0,0.035714287,,
1,ALL INVENTORY,1787926575498,7350144775238,Eliot's Trailer,1,Yagya High-Rise Compression Breeches,Rider > Accessories & Apparel > Breeches,1000000000516,Size: Medium,Color: Navy,,,,Corro Trailer 1,167.00,167.00,167.00,350.00,0,0,,,
1,ALL INVENTORY,1787926575498,7350144772947,Eliot's Trailer,1,Yagya Compression Performance Breeches,Rider > Accessories & Apparel > Breeches,1000000000296,Size: Medium,Color: White,,,,Corro Trailer 1,167.00,167.00,167.00,350.00,0,0,,,
1,ALL INVENTORY,1787926575498,,Eliot's Trailer,1,Yagya High-Rise Compression Breeches,Rider > Accessories & Apparel > Breeches,1000000000509,Size: Medium,Color: Tan,,,,Corro Trailer 1,167.00,167.00,167.00,350.00,0,0,,,
1,ALL INVENTORY,1787926575498,7350144772954,Eliot's Trailer,1,Yagya Compression Performance Breeches,Rider > Accessories & Apparel > Breeches,1000000000297,Size: Large,Color: White,,,,Corro Trailer 1,167.00,167.00,167.00,350.00,0,0,,,
1,ALL INVENTORY,1787926575498,,Eliot's Trailer,1,Yagya High-Rise Compression Breeches,Rider > Accessories & Apparel > Breeches,1000000000510,Size: Large,Color: Tan,,,,Corro Trailer 1,167.00,167.00,167.00,350.00,0,0,,,
0,ALL INVENTORY,1787926575498,"7350171874645, 7350171874645",Eliot's Trailer,1,Yagya Leather Buckle Belt,Rider > Accessories & Apparel > Belts,1000000001461,Color: Black,Size: XS/S,,,,Corro Trailer 1,90.00,90.00,90.00,190.00,0,0,0.023809524,,
1,ALL INVENTORY,1787926575498,7350144770189,Eliot's Trailer,1,Yagya Signature Riding Jacket,Rider > Accessories & Apparel > Jackets,1000000000018,Size: XS,Color: Black,,,,Corro Trailer 1,144.00,144.00,144.00,260.00,0,0,,,
1,ALL INVENTORY,1787926575498,7350144777584,Eliot's Trailer,1,Yagya Performance Show Jacket,Rider > Accessories & Apparel > Jackets,1000000000753,Color: Black,Size: Medium,,,,Corro Trailer 1,250.00,250.00,250.00,580.00,0,0,,,
5,ALL INVENTORY,1787926575498,59642938,Eliot's Trailer,1,Cavali Club Body Brush,Horse Care > Grooming & Bathing > Brushes & Tools > Brushes & Combs,WINTER601,Title: Default Title,,,,,Corro Trailer 1,7.35,7.35,7.35,30.00,0,0,0.045454547,,
1,ALL INVENTORY,1787926575498,7350144779311,Eliot's Trailer,1,Yagya Short Padded Jacket,Rider > Accessories & Apparel > Jackets,1000000000995,Color: Green,Size: Medium,,,,Corro Trailer 1,150.00,150.00,150.00,340.00,0,0,,,
1,ALL INVENTORY,1787926575498,,Eliot's Trailer,1,Yagya Performance Show Jacket,Rider > Accessories & Apparel > Jackets,1000000000751,Color: Black,Size: XS,,,,Corro Trailer 1,250.00,250.00,250.00,580.00,0,0,,,
1,ALL INVENTORY,1787926575498,7350144777577,Eliot's Trailer,1,Yagya Performance Show Jacket,Rider > Accessories & Apparel > Jackets,1000000000752,Color: Black,Size: Small,,,,Corro Trailer 1,250.00,250.00,250.00,580.00,0,0,,,
1,ALL INVENTORY,1787926575498,7350144779328,Eliot's Trailer,1,Yagya Short Padded Jacket,Rider > Accessories & Apparel > Jackets,1000000000996,Color: Green,Size: Large,,,,Corro Trailer 1,150.00,150.00,150.00,340.00,0,0,,,
1,ALL INVENTORY,1787926575498,,Eliot's Trailer,1,Yagya Performance Show Jacket,Rider > Accessories & Apparel > Jackets,1000000000754,Color: Black,Size: Large,,,,Corro Trailer 1,250.00,250.00,250.00,580.00,0,0,,,
1,ALL INVENTORY,1787926575498,,Eliot's Trailer,1,Yagya Short Padded Jacket,Rider > Accessories & Apparel > Jackets,1000000000989,Color: Black,Size: Large,,,,Corro Trailer 1,150.00,150.00,150.00,340.00,0,0,,,
2,ALL INVENTORY,1787926575498,21083-1,Eliot's Trailer,1,EquiShield CK HC Salve,Horse Care > First Aid & Wellness > Wound Care & Topicals,9007-06-00,Size: 4 Ounces,,,,,Corro Trailer 1,19.44,19.44,19.44,37.79,0,0,0.036144577,,
2,ALL INVENTORY,1787926575498,4044791625178,Eliot's Trailer,1,Roeckl Roeck-Grip Riding Gloves - Unisex,Rider > Accessories & Apparel > Gloves,15-3301208BK-95,Color: Black,Size: 9.5,,,,Corro Trailer 1,30.00,30.00,30.00,59.95,0,0,0.025,,
0,ALL INVENTORY,1787926575498,4044791625123,Eliot's Trailer,1,Roeckl Roeck-Grip Riding Gloves - Unisex,Rider > Accessories & Apparel > Gloves,15-3301208BK-7,Color: Black,Size: 7,,,,Corro Trailer 1,30.00,30.00,30.00,59.95,0,0,0.029411765,,
0,ALL INVENTORY,1787926575498,4044791625109,Eliot's Trailer,1,Roeckl Roeck-Grip Riding Gloves - Unisex,Rider > Accessories & Apparel > Gloves,15-3301208BK-6,Color: Black,Size: 6,,,,Corro Trailer 1,30.00,30.00,30.00,59.95,0,0,0.071428575,,
1,ALL INVENTORY,1787926575498,4044791625147,Eliot's Trailer,1,Roeckl Roeck-Grip Riding Gloves - Unisex,Rider > Accessories & Apparel > Gloves,15-3301208BK-8,Color: Black,Size: 8,,,,Corro Trailer 1,30.00,30.00,30.00,59.95,0,0,0.026666667,,
0,ALL INVENTORY,1787926575498,4044791625116,Eliot's Trailer,1,Roeckl Roeck-Grip Riding Gloves - Unisex,Rider > Accessories & Apparel > Gloves,15-3301208BK-65,Color: Black,Size: 6.5,,,,Corro Trailer 1,30.00,30.00,30.00,59.95,0,0,0.024390243,,
0,ALL INVENTORY,1787926575498,4044791625154,Eliot's Trailer,1,Roeckl Roeck-Grip Riding Gloves - Unisex,Rider > Accessories & Apparel > Gloves,15-3301208BK-85,Color: Black,Size: 8.5,,,,Corro Trailer 1,30.00,30.00,30.00,59.95,0,0,0.028571429,,
6,ALL INVENTORY,1787926575498,025784200156,Eliot's Trailer,1,Fiebing's Saddle Soap,Tack & Equipment > Leather Care,088-20015,Size: 12 Ounces,,,,,Corro Trailer 1,4.63,4.63,4.63,9.99,0,0,,,
6,ALL INVENTORY,1787926575498,025784200804,Eliot's Trailer,1,Fiebing's Liquid Glycerine Saddle Soap,Tack & Equipment > Leather Care,088-20080,Size: 16 Ounces,,,,,Corro Trailer 1,4.68,4.68,4.68,6.95,0,0,,,
1,ALL INVENTORY,1787926575498,7340220700223,Eliot's Trailer,1,Bhoof Breastplate 1 - Mid position,Tack & Equipment > Martingales & Breastplates,BH10040002,Size: Cob,,,,,Corro Trailer 1,241.00,241.00,241.00,439.00,0,0,,,
1,ALL INVENTORY,1787926575498,7316632015170,Eliot's Trailer,1,Bhoof Bit 2 Double-jointed,Tack & Equipment > Bits > English Bits,BH10120010,Size: 145 mm,,,,,Corro Trailer 1,129.00,129.00,129.00,199.00,0,0,,,
2,ALL INVENTORY,1787926575498,7316632015163,Eliot's Trailer,1,Bhoof Bit 2 Double-jointed,Tack & Equipment > Bits > English Bits,BH10120009,Size: 135 mm,,,,,Corro Trailer 1,129.00,129.00,129.00,199.00,0,0,,,
1,ALL INVENTORY,1787926575498,7316632015149,Eliot's Trailer,1,Bhoof Bit 2 Double-jointed,Tack & Equipment > Bits > English Bits,BH10120007,Size: 115 mm,,,,,Corro Trailer 1,129.00,129.00,129.00,199.00,0,0,,,
1,ALL INVENTORY,1787926575498,7340220700308,Eliot's Trailer,1,Bhoof Breastplate 2 - High position,Tack & Equipment > Martingales & Breastplates,BH10040005,Size: Cob,,,,,Corro Trailer 1,241.00,241.00,241.00,439.00,0,0,,,
2,ALL INVENTORY,1787926575498,7316632015156,Eliot's Trailer,1,Bhoof Bit 2 Double-jointed,Tack & Equipment > Bits > English Bits,BH10120008,Size: 125 mm,,,,,Corro Trailer 1,129.00,129.00,129.00,199.00,0,0,,,
1,ALL INVENTORY,1787926575498,7340220700292,Eliot's Trailer,1,Bhoof Breastplate 2 - High position,Tack & Equipment > Martingales & Breastplates,BH10040004,Size: Pony,,,,,Corro Trailer 1,241.00,241.00,241.00,439.00,0,0,,,
1,ALL INVENTORY,1787926575498,7340220700285,Eliot's Trailer,1,Bhoof Martingale 2 - Elastic,Tack & Equipment > Martingales & Breastplates,BH10030006,Size: Full,,,,,Corro Trailer 1,142.00,142.00,142.00,259.00,0,0,,,
1,ALL INVENTORY,1787926575498,7316632015132,Eliot's Trailer,1,Bhoof Bit 2 Double-jointed,Tack & Equipment > Bits > English Bits,BH10120006,Size: 105 mm,,,,,Corro Trailer 1,129.00,129.00,129.00,199.00,0,0,,,
2,ALL INVENTORY,1787926575498,5404022041204,Eliot's Trailer,1,Dy'on Leather Covered Rope Noseband - New English Collection,"Tack & Equipment > Bridles, Headstalls & Reins > English Bridles & Reins > Bridles",NE04IBRC,Size: Cob,Color: Brown,,,,Corro Trailer 1,58.82,58.82,58.82,189.99,0,0,,,
2,ALL INVENTORY,1787926575498,5425030830727,Eliot's Trailer,1,Kentucky Horsewear Wool Bandages,Tack & Equipment > Boots & Wraps > Leg Wraps,42103-01-F,Size: Full,Color: Black,,,,Corro Trailer 1,47.81,47.81,47.81,129.99,0,0,0.011235955,,
2,ALL INVENTORY,1787926575498,5407010748642,Eliot's Trailer,1,Kentucky Horsewear Stable Bandage Wrap,Tack & Equipment > Boots & Wraps > Leg Wraps,42119-01-50X50,Size: 50 x 50cm,Color: Black,,,,Corro Trailer 1,52.15,52.15,52.15,139.99,0,0,,,
2,ALL INVENTORY,1787926575498,5425030830598,Eliot's Trailer,1,Kentucky Horsewear Tendon Grip Sock,Tack & Equipment > Boots & Wraps > Leg Wraps,42101-01,Size: Full,Color: Black,,,,Corro Trailer 1,34.77,34.77,34.77,94.99,0,0,,,
2,ALL INVENTORY,1787926575498,5425030830772,Eliot's Trailer,1,Kentucky Horsewear Tendon Grip Gel Sock,Tack & Equipment > Boots & Wraps > Leg Wraps,42101-01-GEL,Size: Full,Color: Black,,,,Corro Trailer 1,34.77,34.77,34.77,94.99,0,0,0.03448276,,
2,ALL INVENTORY,1787926575498,086621062900,Eliot's Trailer,1,Flysect Super-C Repellent Concentrate,Horse Care > Fly & Insect Control > Fly Sprays & Traps,3006290,Size: 32 Ounces,,,,,Corro Trailer 1,41.32,41.32,41.32,49.95,0,0,0.026666667,,
3,ALL INVENTORY,1787926575498,694393009193,Eliot's Trailer,1,Telfa Non-Adherent Dressing,Horse Care > First Aid & Wellness > First Aid Supplies,2132,Size: 3x4 Inch 100 Count,,,,,Corro Trailer 1,20.70,20.70,20.70,26.99,0,0,,,
7,ALL INVENTORY,1787926575498,7640139721426,Eliot's Trailer,1,HIRZL Grippp Elite Gloves,Rider > Accessories & Apparel > Gloves,HR-72176-9,Color: Black,Size: 9,,,,Corro Trailer 1,31.45,31.45,31.45,79.99,0,0,0.05263158,,
4,ALL INVENTORY,1787926575498,7640139721457,Eliot's Trailer,1,HIRZL Grippp Elite Gloves,Rider > Accessories & Apparel > Gloves,HR-72176-10.5,Color: Black,Size: 10.5,,,,Corro Trailer 1,31.45,31.45,31.45,79.99,0,0,,,
5,ALL INVENTORY,1787926575498,7640139721396,Eliot's Trailer,1,HIRZL Grippp Elite Gloves,Rider > Accessories & Apparel > Gloves,HR-72176-7.5,Color: Black,Size: 7.5,,,,Corro Trailer 1,31.45,31.45,31.45,79.99,0,0,0.014084507,,
4,ALL INVENTORY,1787926575498,7640139721464,Eliot's Trailer,1,HIRZL Grippp Elite Gloves,Rider > Accessories & Apparel > Gloves,HR-72176-11,Color: Black,Size: 11,,,,Corro Trailer 1,31.45,31.45,31.45,79.99,0,0,,,
5,ALL INVENTORY,1787926575498,7640139721419,Eliot's Trailer,1,HIRZL Grippp Elite Gloves,Rider > Accessories & Apparel > Gloves,HR-72176-8.5,Color: Black,Size: 8.5,,,,Corro Trailer 1,31.45,31.45,31.45,79.99,0,0,0.027777778,,
2,ALL INVENTORY,1787926575498,7640139728753,Eliot's Trailer,1,HIRZL Grippp Elite Driver Gloves,Rider > Accessories & Apparel > Gloves,HR-72237-7.5,Color: Brown,Size: 7.5,,,,Corro Trailer 1,31.45,31.45,31.45,79.99,0,0,0.03125,,
1,ALL INVENTORY,1787926575498,7640139728838,Eliot's Trailer,1,HIRZL Grippp Elite Driver Gloves,Rider > Accessories & Apparel > Gloves,HR-72237-12,Color: Brown,Size: 12,,,,Corro Trailer 1,31.45,31.45,31.45,79.99,0,0,,,
2,ALL INVENTORY,1787926575498,7640139728746,Eliot's Trailer,1,HIRZL Grippp Elite Driver Gloves,Rider > Accessories & Apparel > Gloves,HR-72237-7,Color: Brown,Size: 7,,,,Corro Trailer 1,31.45,31.45,31.45,79.99,0,0,0.012987013,,
1,ALL INVENTORY,1787926575498,7640139728814,Eliot's Trailer,1,HIRZL Grippp Elite Driver Gloves,Rider > Accessories & Apparel > Gloves,HR-72237-10.5,Color: Brown,Size: 10.5,,,,Corro Trailer 1,31.45,31.45,31.45,79.99,0,0,,,
1,ALL INVENTORY,1787926575498,7640139721389,Eliot's Trailer,1,HIRZL Grippp Elite Gloves,Rider > Accessories & Apparel > Gloves,HR-72176-7,Color: Black,Size: 7,,,,Corro Trailer 1,31.45,31.45,31.45,79.99,0,0,,,
2,ALL INVENTORY,1787926575498,7640139728739,Eliot's Trailer,1,HIRZL Grippp Elite Driver Gloves,Rider > Accessories & Apparel > Gloves,HR-72237-6.5,Color: Brown,Size: 6.5,,,,Corro Trailer 1,31.45,31.45,31.45,79.99,0,0,,,
3,ALL INVENTORY,1787926575498,7640139721440,Eliot's Trailer,1,HIRZL Grippp Elite Gloves,Rider > Accessories & Apparel > Gloves,HR-72176-10,Color: Black,Size: 10,,,,Corro Trailer 1,31.45,31.45,31.45,79.99,0,0,,,
2,ALL INVENTORY,1787926575498,7640139728760,Eliot's Trailer,1,HIRZL Grippp Elite Driver Gloves,Rider > Accessories & Apparel > Gloves,HR-72237-8,Color: Brown,Size: 8,,,,Corro Trailer 1,31.45,31.45,31.45,79.99,0,0,0.03125,,
2,ALL INVENTORY,1787926575498,7640139728784,Eliot's Trailer,1,HIRZL Grippp Elite Driver Gloves,Rider > Accessories & Apparel > Gloves,HR-72237-9,Color: Brown,Size: 9,,,,Corro Trailer 1,31.45,31.45,31.45,79.99,0,0,,,
1,ALL INVENTORY,1787926575498,7640139728791,Eliot's Trailer,1,HIRZL Grippp Elite Driver Gloves,Rider > Accessories & Apparel > Gloves,HR-72237-9.5,Color: Brown,Size: 9.5,,,,Corro Trailer 1,31.45,31.45,31.45,79.99,0,0,,,
2,ALL INVENTORY,1787926575498,7640139728777,Eliot's Trailer,1,HIRZL Grippp Elite Driver Gloves,Rider > Accessories & Apparel > Gloves,HR-72237-8.5,Color: Brown,Size: 8.5,,,,Corro Trailer 1,31.45,31.45,31.45,79.99,0,0,,,
1,ALL INVENTORY,1787926575498,7640139721402,Eliot's Trailer,1,HIRZL Grippp Elite Gloves,Rider > Accessories & Apparel > Gloves,HR-72176-8,Color: Black,Size: 8,,,,Corro Trailer 1,31.45,31.45,31.45,79.99,0,0,,,
5,ALL INVENTORY,1787926575498,7640139721433,Eliot's Trailer,1,HIRZL Grippp Elite Gloves,Rider > Accessories & Apparel > Gloves,HR-72176-9.5,Color: Black,Size: 9.5,,,,Corro Trailer 1,31.45,31.45,31.45,79.99,0,0,0.025,,
2,ALL INVENTORY,1787926575498,7640139721471,Eliot's Trailer,1,HIRZL Grippp Elite Gloves,Rider > Accessories & Apparel > Gloves,HR-72176-12,Color: Black,Size: 12,,,,Corro Trailer 1,31.45,31.45,31.45,79.99,0,0,,,
1,ALL INVENTORY,1787926575498,7640139728821,Eliot's Trailer,1,HIRZL Grippp Elite Driver Gloves,Rider > Accessories & Apparel > Gloves,HR-72237-11,Color: Brown,Size: 11,,,,Corro Trailer 1,31.45,31.45,31.45,79.99,0,0,,,
1,ALL INVENTORY,1787926575498,5404022046254,Eliot's Trailer,1,Dy'on Anatomic Flash Noseband US Collection,"Tack & Equipment > Bridles, Headstalls & Reins > English Bridles & Reins > Bridle Accessories",US04BBRC,Size: Cob,,,,,Corro Trailer 1,75.24,75.24,75.24,269.99,0,0,,,
1,ALL INVENTORY,1787926575498,5404022033896,Eliot's Trailer,1,Dy'on Rope Crank Drop Noseband D Collection,"Tack & Equipment > Bridles, Headstalls & Reins > English Bridles & Reins > Bridle Accessories",DY04GBRF,Size: Full,,,,,Corro Trailer 1,41.87,41.87,41.87,159.99,0,0,,,
1,ALL INVENTORY,1787926575498,5404022046278,Eliot's Trailer,1,Dy'on Anatomic Flash Noseband US Collection,"Tack & Equipment > Bridles, Headstalls & Reins > English Bridles & Reins > Bridle Accessories",US04BBRO,Size: Oversized,,,,,Corro Trailer 1,75.24,75.24,75.24,269.99,0,0,,,
4,ALL INVENTORY,1787926575498,5407010749090,Eliot's Trailer,1,Grooming Deluxe Glycerine Almond Soap,Tack & Equipment > Leather Care,42421,Size: 450 ml,,,,,Corro Trailer 1,13.36,13.36,13.36,44.99,0,0,0.07692308,,
2,ALL INVENTORY,1787926575498,5407010749069,Eliot's Trailer,1,Grooming Deluxe Almond Gloss Shampoo,"Horse Care > Grooming & Bathing > Shampoos, Conditioners, & Sprays > Shampoos",42417,Size: 1 Liter,,,,,Corro Trailer 1,13.36,13.36,13.36,44.99,0,0,0.04,,
2,ALL INVENTORY,1787926575498,5407008891848,Eliot's Trailer,1,Grooming Deluxe Middle Brush Long,Horse Care > Grooming & Bathing > Brushes & Tools > Brushes & Combs,82138-05,Color: Natural,,,,,Corro Trailer 1,20.58,20.58,20.58,39.99,0,0,0.074074075,,
6,ALL INVENTORY,1787926575498,5407010749120,Eliot's Trailer,1,Grooming Deluxe Metal Polish & Cleaner,Tack & Equipment > Leather Care,42424,Size: 75 g,,,,,Corro Trailer 1,10.02,10.02,10.02,34.99,0,0,,,
8,ALL INVENTORY,1787926575498,5407010749113,Eliot's Trailer,1,Grooming Deluxe The Original Oxfoot Oil,Tack & Equipment > Leather Care,42423,Size: 250 ml,,,,,Corro Trailer 1,12.02,12.02,12.02,44.99,0,0,,,
1,ALL INVENTORY,1787926575498,5407008891886,Eliot's Trailer,1,Grooming Deluxe Middle Brush Long,Horse Care > Grooming & Bathing > Brushes & Tools > Brushes & Combs,82139-05,Color: Brown,,,,,Corro Trailer 1,20.58,20.58,20.58,39.99,0,0,0.055555556,,
2,ALL INVENTORY,1787926575498,5407010749083,Eliot's Trailer,1,Grooming Deluxe Almond Gloss Detangler,"Horse Care > Grooming & Bathing > Shampoos, Conditioners & Sprays > Detanglers, Shines & Sprays",42420,Size: 5L,,,,,Corro Trailer 1,46.79,46.79,46.79,159.99,0,0,0.014285714,,
10,ALL INVENTORY,1787926575498,5404022090592,Eliot's Trailer,1,Grooming Deluxe Leather Almond Care Balm,Tack & Equipment > Leather Care,72105,Title: Default Title,,,,,Corro Trailer 1,20.05,20.05,20.05,69.99,0,0,,,
5,ALL INVENTORY,1787926575498,5404022090639,Eliot's Trailer,1,Grooming Deluxe Hoof Oil,Horse Care > Grooming & Bathing > Hoof Oils & Conditioner,72108-01,Color: Black,,,,,Corro Trailer 1,13.36,13.36,13.36,44.99,0,0,,,
2,ALL INVENTORY,1787926575498,5404022090622,Eliot's Trailer,1,Grooming Deluxe Hoof Oil,Horse Care > Grooming & Bathing > Hoof Oils & Conditioner,72108-02,Color: Natural,,,,,Corro Trailer 1,13.36,13.36,13.36,44.99,0,0,0.023529412,,
1,ALL INVENTORY,1787926575498,5407007538577,Eliot's Trailer,1,Kentucky Horsewear Sammy Socks,Rider > Accessories & Apparel > Socks,42206-03-41/46,Color: Navy,Size: 41/46,,,,Corro Trailer 1,13.04,13.04,13.04,39.99,0,0,,,
1,ALL INVENTORY,1787926575498,5407007538584,Eliot's Trailer,1,Kentucky Horsewear Sammy Socks,Rider > Accessories & Apparel > Socks,42206-01-41/46,Color: Black,Size: 41/46,,,,Corro Trailer 1,13.04,13.04,13.04,39.99,0,0,,,
8,ALL INVENTORY,1787926575498,5404022090844,Eliot's Trailer,1,Grooming Deluxe Green Spot & Dust Remover,"Horse Care > Grooming & Bathing > Shampoos, Conditioners, & Sprays > Stain Removers",72112,Title: Default Title,,,,,Corro Trailer 1,13.36,13.36,13.36,44.99,0,0,0.014285714,,
1,ALL INVENTORY,1787926575498,5407007535132,Eliot's Trailer,1,Kentucky Horsewear Sammy Socks,Rider > Accessories & Apparel > Socks,42206-03-35/40,Color: Navy,Size: 35/40,,,,Corro Trailer 1,13.04,13.04,13.04,39.99,0,0,,,
2,ALL INVENTORY,1787926575498,5407007538331,Eliot's Trailer,1,Kentucky Horsewear Sammy Socks,Rider > Accessories & Apparel > Socks,42206-10-35/40,Color: Pink,Size: 35/40,,,,Corro Trailer 1,13.04,13.04,13.04,39.99,0,0,,,
2,ALL INVENTORY,1787926575498,5407007535699,Eliot's Trailer,1,Kentucky Horsewear Sammy Socks,Rider > Accessories & Apparel > Socks,42206-61-35/40,Color: Light Blue,Size: 35/40,,,,Corro Trailer 1,13.04,13.04,13.04,39.99,0,0,,,
2,ALL INVENTORY,1787926575498,5407007535682,Eliot's Trailer,1,Kentucky Horsewear Sammy Socks,Rider > Accessories & Apparel > Socks,42206-08-35/40,Color: Gray,Size: 35/40,,,,Corro Trailer 1,13.04,13.04,13.04,39.99,0,0,,,
1,ALL INVENTORY,1787926575498,5407007538591,Eliot's Trailer,1,Kentucky Horsewear Sammy Socks,Rider > Accessories & Apparel > Socks,42206-08-41/46,Color: Gray,Size: 41/46,,,,Corro Trailer 1,13.04,13.04,13.04,39.99,0,0,,,
1,ALL INVENTORY,1787926575498,5407007538607,Eliot's Trailer,1,Kentucky Horsewear Sammy Socks,Rider > Accessories & Apparel > Socks,42206-61-41/46,Color: Light Blue,Size: 41/46,,,,Corro Trailer 1,13.04,13.04,13.04,39.99,0,0,,,
2,ALL INVENTORY,1787926575498,5407007535125,Eliot's Trailer,1,Kentucky Horsewear Sammy Socks,Rider > Accessories & Apparel > Socks,42206-01-35/40,Color: Black,Size: 35/40,,,,Corro Trailer 1,13.04,13.04,13.04,39.99,0,0,,,
1,ALL INVENTORY,1787926575498,5407007538614,Eliot's Trailer,1,Kentucky Horsewear Sammy Socks,Rider > Accessories & Apparel > Socks,42206-10-41/46,Color: Pink,Size: 41/46,,,,Corro Trailer 1,13.04,13.04,13.04,39.99,0,0,,,
1,ALL INVENTORY,1787926575498,5407008893071,Eliot's Trailer,1,Kentucky Horsewear Glitter Socks,Rider > Accessories & Apparel > Socks,42702-08-35/40,Color: Gray,Size: 35/40,,,,Corro Trailer 1,13.04,13.04,13.04,39.99,0,0,,,
1,ALL INVENTORY,1787926575498,5407008893163,Eliot's Trailer,1,Kentucky Horsewear Glitter Socks,Rider > Accessories & Apparel > Socks,42702-74-41/46,Color: Pine Green,Size: 41/46,,,,Corro Trailer 1,13.04,13.04,13.04,39.99,0,0,,,
2,ALL INVENTORY,1787926575498,5407007538423,Eliot's Trailer,1,Kentucky Horsewear Socks,Rider > Accessories & Apparel > Socks,42208-61-35/40,Color: Light Blue,Size: 35/40,,,,Corro Trailer 1,13.04,13.04,13.04,39.99,0,0,,,
1,ALL INVENTORY,1787926575498,5407008893088,Eliot's Trailer,1,Kentucky Horsewear Glitter Socks,Rider > Accessories & Apparel > Socks,42702-50-35/40,Color: Soft Rose,Size: 35/40,,,,Corro Trailer 1,13.04,13.04,13.04,39.99,0,0,,,
1,ALL INVENTORY,1787926575498,5407008893156,Eliot's Trailer,1,Kentucky Horsewear Glitter Socks,Rider > Accessories & Apparel > Socks,42702-50-41/46,Color: Soft Rose,Size: 41/46,,,,Corro Trailer 1,13.04,13.04,13.04,39.99,0,0,,,
2,ALL INVENTORY,1787926575498,5407008899448,Eliot's Trailer,1,Kentucky Horsewear Sunglasses,Rider > Accessories & Apparel > Accessories,42804-01,Type: La Paz,,,,,Corro Trailer 1,104.32,104.32,104.32,269.99,0,0,,,
1,ALL INVENTORY,1787926575498,5407008893125,Eliot's Trailer,1,Kentucky Horsewear Glitter Socks,Rider > Accessories & Apparel > Socks,42702-32-41/46,Color: Beige,Size: 41/46,,,,Corro Trailer 1,13.04,13.04,13.04,39.99,0,0,,,
2,ALL INVENTORY,1787926575498,5407007538409,Eliot's Trailer,1,Kentucky Horsewear Socks,Rider > Accessories & Apparel > Socks,42208-10-41/46,Color: Pink,Size: 41/46,,,,Corro Trailer 1,13.04,13.04,13.04,39.99,0,0,,,
2,ALL INVENTORY,1787926575498,5407007538416,Eliot's Trailer,1,Kentucky Horsewear Socks,Rider > Accessories & Apparel > Socks,42208-61-41/46,Color: Light Blue,Size: 41/46,,,,Corro Trailer 1,13.04,13.04,13.04,39.99,0,0,,,
2,ALL INVENTORY,1787926575498,5407008893064,Eliot's Trailer,1,Kentucky Horsewear Glitter Socks,Rider > Accessories & Apparel > Socks,42702-74-35/40,Color: Pine Green,Size: 35/40,,,,Corro Trailer 1,13.04,13.04,13.04,39.99,0,0,,,
2,ALL INVENTORY,1787926575498,5407008899431,Eliot's Trailer,1,Kentucky Horsewear Sunglasses,Rider > Accessories & Apparel > Accessories,42804-05,Type: Adele,,,,,Corro Trailer 1,104.32,104.32,104.32,269.99,0,0,,,
1,ALL INVENTORY,1787926575498,5407008894405,Eliot's Trailer,1,Kentucky Horsewear Socks Set of 3,Rider > Accessories & Apparel > Socks,42705-01-41/46,Color: Black,Size: 41/46,,,,Corro Trailer 1,30.42,30.42,30.42,84.99,0,0,0.023809524,,
1,ALL INVENTORY,1787926575498,5407008893057,Eliot's Trailer,1,Kentucky Horsewear Glitter Socks,Rider > Accessories & Apparel > Socks,42702-32-35/40,Color: Beige,Size: 35/40,,,,Corro Trailer 1,13.04,13.04,13.04,39.99,0,0,,,
1,ALL INVENTORY,1787926575498,5407008893149,Eliot's Trailer,1,Kentucky Horsewear Glitter Socks,Rider > Accessories & Apparel > Socks,42702-08-41/46,Color: Gray,Size: 41/46,,,,Corro Trailer 1,13.04,13.04,13.04,39.99,0,0,,,
0,ALL INVENTORY,1787926575498,5407008894375,Eliot's Trailer,1,Kentucky Horsewear Socks Set of 3,Rider > Accessories & Apparel > Socks,42705-03-41/46,Color: Navy,Size: 41/46,,,,Corro Trailer 1,30.42,30.42,30.42,84.99,0,0,0.013157895,,
3,ALL INVENTORY,1787926575498,5407008894382,Eliot's Trailer,1,Kentucky Horsewear Socks Set of 3,Rider > Accessories & Apparel > Socks,42705-03-35/40,Color: Navy,Size: 35/40,,,,Corro Trailer 1,30.42,30.42,30.42,84.99,0,0,0.025641026,,
2,ALL INVENTORY,1787926575498,5407007538430,Eliot's Trailer,1,Kentucky Horsewear Socks,Rider > Accessories & Apparel > Socks,42208-10-35/40,Color: Pink,Size: 35/40,,,,Corro Trailer 1,13.04,13.04,13.04,39.99,0,0,,,
2,ALL INVENTORY,1787926575498,5407008894399,Eliot's Trailer,1,Kentucky Horsewear Socks Set of 3,Rider > Accessories & Apparel > Socks,42705-01-35/40,Color: Black,Size: 35/40,,,,Corro Trailer 1,30.42,30.42,30.42,84.99,0,0,0.025,,
2,ALL INVENTORY,1787926575498,5407008899417,Eliot's Trailer,1,Kentucky Horsewear Sunglasses,Rider > Accessories & Apparel > Accessories,42804-55,Type: Alvin,,,,,Corro Trailer 1,104.32,104.32,104.32,269.99,0,0,,,
1,ALL INVENTORY,1787926575498,5407010747430,Eliot's Trailer,1,Kentucky Horsewear Wellington Ear Bonnet,Tack & Equipment > Ear Plugs & Bonnets > Bonnets,42608-01-L,Size: Oversized,Color: Black,,,,Corro Trailer 1,52.16,52.16,52.16,149.99,0,0,,,
2,ALL INVENTORY,1787926575498,5404022092411,Eliot's Trailer,1,Grooming Deluxe Leather Almond Care Oil,Tack & Equipment > Leather Care,72119,Title: Default Title,,,,,Corro Trailer 1,10.02,10.02,10.02,34.99,0,0,0.051282052,,
1,ALL INVENTORY,1787926575498,5407010747454,Eliot's Trailer,1,Kentucky Horsewear Wellington Ear Bonnet,Tack & Equipment > Ear Plugs & Bonnets > Bonnets,42608-33-L,Size: Oversized,Color: Navy,,,,Corro Trailer 1,52.16,52.16,52.16,149.99,0,0,,,
1,ALL INVENTORY,1787926575498,5425030833667,Eliot's Trailer,1,Kentucky Horsewear Wellington Ear Bonnet,Tack & Equipment > Ear Plugs & Bonnets > Bonnets,42608-33-F,Size: Full,Color: Navy,,,,Corro Trailer 1,52.16,52.16,52.16,149.99,0,0,,,
1,ALL INVENTORY,1787926575498,5407010747485,Eliot's Trailer,1,Kentucky Horsewear Wellington Soundless Ear Bonnet,Tack & Equipment > Ear Plugs & Bonnets > Bonnets,42609-33-L,Size: Oversized,Color: Navy,,,,Corro Trailer 1,56.51,56.51,56.51,159.99,0,0,,,
1,ALL INVENTORY,1787926575498,5407007534876,Eliot's Trailer,1,Kentucky Horsewear Wellington Ear Bonnet,Tack & Equipment > Ear Plugs & Bonnets > Bonnets,42608-33-C,Size: Cob,Color: Navy,,,,Corro Trailer 1,52.16,52.16,52.16,149.99,0,0,,,
1,ALL INVENTORY,1787926575498,5407007534869,Eliot's Trailer,1,Kentucky Horsewear Wellington Ear Bonnet,Tack & Equipment > Ear Plugs & Bonnets > Bonnets,42608-01-C,Size: Cob,Color: Black,,,,Corro Trailer 1,52.16,52.16,52.16,149.99,0,0,,,
4,ALL INVENTORY,1787926575498,5404022092404,Eliot's Trailer,1,Grooming Deluxe Allmond Gloss Purple Shampoo,"Horse Care > Grooming & Bathing > Shampoos, Conditioners, & Sprays > Shampoos",72118,Title: Default Title,,,,,Corro Trailer 1,10.02,10.02,10.02,44.99,0,0,0.06896552,,
1,ALL INVENTORY,1787926575498,5407010740905,Eliot's Trailer,1,Kentucky Horsewear Wellington Soundless Ear Bonnet,Tack & Equipment > Ear Plugs & Bonnets > Bonnets,42609-01-C,Size: Cob,Color: Black,,,,Corro Trailer 1,56.51,56.51,56.51,159.99,0,0,,,
1,ALL INVENTORY,1787926575498,5407010740912,Eliot's Trailer,1,Kentucky Horsewear Wellington Soundless Ear Bonnet,Tack & Equipment > Ear Plugs & Bonnets > Bonnets,42609-33-C,Size: Cob,Color: Navy,,,,Corro Trailer 1,56.51,56.51,56.51,159.99,0,0,0.024390243,,
1,ALL INVENTORY,1787926575498,5407010747461,Eliot's Trailer,1,Kentucky Horsewear Wellington Soundless Ear Bonnet,Tack & Equipment > Ear Plugs & Bonnets > Bonnets,42609-01-L,Size: Oversized,Color: Black,,,,Corro Trailer 1,56.51,56.51,56.51,159.99,0,0,,,
10,ALL INVENTORY,1787926575498,5407008896829,Eliot's Trailer,1,Kentucky Horsewear Nylon Holder Hook & Ring,Stable > Stable Supplies > Misc,42564-01-65,Color: Black,Size: 18-30 inch,,,,Corro Trailer 1,8.68,8.68,8.68,19.99,0,0,,,
2,ALL INVENTORY,1787926575498,5425030830390,Eliot's Trailer,1,Kentucky Horsewear Recuptex Magnetic Bandages,Tack & Equipment > Boots & Wraps > Leg Wraps,62102-01-F,Title: Default Title,,,,,Corro Trailer 1,108.67,108.67,108.67,294.99,0,0,,,
5,ALL INVENTORY,1787926575498,5404022088841,Eliot's Trailer,1,Kentucky Horsewear Nylon Holder Hook & Hook,Stable > Stable Supplies > Misc,42729-03-25,Color: Navy,,,,,Corro Trailer 1,2.70,2.70,2.70,19.99,0,0,,,
0,ALL INVENTORY,1787926575498,5407008896836,Eliot's Trailer,1,Kentucky Horsewear Nylon Holder Hook & Ring,Stable > Stable Supplies > Misc,42564-03-65,Color: Navy,Size: 18-30 inch,,,,Corro Trailer 1,8.68,8.68,8.68,19.99,0,0,0.2857143,,
5,ALL INVENTORY,1787926575498,5404022088858,Eliot's Trailer,1,Kentucky Horsewear Nylon Holder Hook & Hook,Stable > Stable Supplies > Misc,42729-01-25,Color: Black,,,,,Corro Trailer 1,2.70,2.70,2.70,19.99,0,0,,,
2,ALL INVENTORY,1787926575498,5407008893651,Eliot's Trailer,1,Kentucky Horsewear Travel Boots,Tack & Equipment > Boots & Wraps > Travel Boots,82144-03-F,Color: Navy,,,,,Corro Trailer 1,93.58,93.58,93.58,324.99,0,0,,,
2,ALL INVENTORY,1787926575498,5424030835039,Eliot's Trailer,1,Kentucky Horsewear Stable Curtain,Stable > Stable Supplies > Misc,82101-03,Color: Navy,,,,,Corro Trailer 1,117.37,117.37,117.37,314.99,0,0,,,
0,ALL INVENTORY,1787926575498,5404022000775,Eliot's Trailer,1,Kentucky Horsewear Stanley Box Cover,"Tack & Equipment > Bags, Cases & Covers",82171-03,Color: Navy,,,,,Corro Trailer 1,99.97,99.97,99.97,269.99,0,0,0.08695652,,
4,ALL INVENTORY,1787926575498,5407010747102,Eliot's Trailer,1,Kentucky Horsewear Silicone Cross Ties,Stable > Stable Supplies > Cross Ties & Trailer Ties,82158-01-140,Color: Black,Size: 55 inches,Material: Silicone,,,Corro Trailer 1,17.37,17.37,17.37,44.99,0,0,,,
4,ALL INVENTORY,1787926575498,5407010747089,Eliot's Trailer,1,Kentucky Horsewear Silicone Cross Ties,Stable > Stable Supplies > Cross Ties & Trailer Ties,82158-01-90,Color: Black,Size: 35 inches,Material: Silicone,,,Corro Trailer 1,14.77,14.77,14.77,34.99,0,0,,,
4,ALL INVENTORY,1787926575498,5407010747072,Eliot's Trailer,1,Kentucky Horsewear Silicone Cross Ties,Stable > Stable Supplies > Cross Ties & Trailer Ties,82158-01-70,Color: Black,Size: 27 inches,Material: Silicone,,,Corro Trailer 1,13.02,13.02,13.02,34.99,0,0,,,
0,ALL INVENTORY,1787926575498,5407010746907,Eliot's Trailer,1,Kentucky Horsewear Relax Horse Play & Hay Ball,Horse Care > Treats & Toys > Toys & Licks,82153-62-L,Color: Royal blue,Size: L / 40cm,,,,Corro Trailer 1,60.84,60.84,60.84,164.99,0,0,0.05263158,,
2,ALL INVENTORY,1787926575498,5404022088193,Eliot's Trailer,1,Kentucky Horsewear Tailguard Pro,Horse Care > Grooming & Bathing > Tails & Tail Bags,88111-01,Title: Default Title,,,,,Corro Trailer 1,26.08,26.08,26.08,74.99,0,0,,,
2,ALL INVENTORY,1787926575498,5407010744040,Eliot's Trailer,1,Kentucky Horsewear Relax Horse Toy,Horse Care > Treats & Toys > Toys & Licks,82155-25-ALVIN,Type: Alvin,,,,,Corro Trailer 1,34.77,34.77,34.77,89.99,0,0,0.074074075,,
4,ALL INVENTORY,1787926575498,5407010747065,Eliot's Trailer,1,Kentucky Horsewear Silicone Cross Ties,Stable > Stable Supplies > Cross Ties & Trailer Ties,82158-01-55,Color: Black,Size: 21 inches,Material: Silicone,,,Corro Trailer 1,12.15,12.15,12.15,34.99,0,0,0.125,,
4,ALL INVENTORY,1787926575498,5407010747096,Eliot's Trailer,1,Kentucky Horsewear Silicone Cross Ties,Stable > Stable Supplies > Cross Ties & Trailer Ties,82158-01-120,Color: Black,Size: 47 inches,Material: Silicone,,,Corro Trailer 1,16.51,16.51,16.51,44.99,0,0,,,
2,ALL INVENTORY,1787926575498,5425030830123,Eliot's Trailer,1,Kentucky Horsewear Tail guard & Tail bag combo,Horse Care > Grooming & Bathing > Tails & Tail Bags,88196-01,Title: Default Title,,,,,Corro Trailer 1,30.42,30.42,30.42,84.99,0,0,,,
1,ALL INVENTORY,1787926575498,5404022000799,Eliot's Trailer,1,Kentucky Horsewear Waterproof Stanley Box Cover,"Tack & Equipment > Bags, Cases & Covers",82172-03,Color: Navy,,,,,Corro Trailer 1,86.94,86.94,86.94,234.99,0,0,,,
2,ALL INVENTORY,1787926575498,5404022000805,Eliot's Trailer,1,Kentucky Horsewear Waterproof Stanley Box Cover,"Tack & Equipment > Bags, Cases & Covers",82172-01,Color: Black,,,,,Corro Trailer 1,86.94,86.94,86.94,234.99,0,0,,,
4,ALL INVENTORY,1787926575498,5407010744026,Eliot's Trailer,1,Kentucky Horsewear Relax Horse Toy,Horse Care > Treats & Toys > Toys & Licks,82155-32-SAMMY,Type: Sammy,,,,,Corro Trailer 1,34.77,34.77,34.77,89.99,0,0,0.037037037,,
2,ALL INVENTORY,1787926575498,5404022000782,Eliot's Trailer,1,Kentucky Horsewear Stanley Box Cover,"Tack & Equipment > Bags, Cases & Covers",82171-01,Color: Black,,,,,Corro Trailer 1,99.97,99.97,99.97,269.99,0,0,,,
1,ALL INVENTORY,1787926575498,5404022088728,Eliot's Trailer,1,Dy'on Premium Soft Leather Stirrup Leathers,Tack & Equipment > Stirrups & Leathers > Stirrup Leathers & Accessories,SA01BR135,Size: 53 inches,,,,,Corro Trailer 1,66.19,66.19,66.19,249.99,0,0,,,
1,ALL INVENTORY,1787926575498,5404022088735,Eliot's Trailer,1,Dy'on Premium Soft Leather Stirrup Leathers,Tack & Equipment > Stirrups & Leathers > Stirrup Leathers & Accessories,SA01BR145,Size: 57 inches,,,,,Corro Trailer 1,66.19,66.19,66.19,249.99,0,0,,,
1,ALL INVENTORY,1787926575498,7340041170793,Eliot's Trailer,1,Cool on Track Bell Boots,Tack & Equipment > Boots & Wraps > Bell Boots,43250504,Size: Extra Large,,,,,Corro Trailer 1,18.00,18.00,18.00,36.00,0,0,0.018518519,,
1,ALL INVENTORY,1787926575498,7340041170779,Eliot's Trailer,1,Cool on Track Bell Boots,Tack & Equipment > Boots & Wraps > Bell Boots,43250502,Size: Medium,,,,,Corro Trailer 1,18.00,18.00,18.00,36.00,0,0,0.01923077,,
3,ALL INVENTORY,1787926575498,000399507050,Eliot's Trailer,1,Weaver Bridle and Halter Rack,Stable > Stable Organizers > Racks & Hooks,65-4415,Title: Default Title,,,,,Corro Trailer 1,8.70,8.70,8.70,12.69,0,0,,,
1,ALL INVENTORY,1787926575498,,Eliot's Trailer,1,Dy'on Anatomic Flash Noseband with Chain,"Tack & Equipment > Bridles, Headstalls & Reins > English Bridles & Reins > Bridle Accessories",DY043BRF,Color: Havana,Size: Full,,,,Corro Trailer 1,79.73,79.73,79.73,294.99,0,0,,,
5,ALL INVENTORY,1787926575498,5407010749106,Eliot's Trailer,1,Grooming Deluxe Soft Leather Almond Cream,Tack & Equipment > Leather Care,42422,Title: Default Title,,,,,Corro Trailer 1,13.83,13.83,13.83,44.99,0,0,0.05263158,,
10,ALL INVENTORY,1787926575498,,Eliot's Trailer,1,Stubben Hamanol Leather Dressing,Tack & Equipment > Leather Care,32001,Size: 8.8oz,,,,,Corro Trailer 1,10.00,10.00,10.00,20.00,0,0,0.020408163,,
6,ALL INVENTORY,1787926575498,853353004115,Eliot's Trailer,1,Flair Nasal Strip,Tack & Equipment > Training & Lunging > Accessories,SS-BRN6PK-BK,Size: 6-Pack,Color: Brown,,,,Corro Trailer 1,31.58,31.58,31.58,49.95,0,0,,,
7,ALL INVENTORY,1787926575498,853353004016,Eliot's Trailer,1,Flair Nasal Strip,Tack & Equipment > Training & Lunging > Accessories,SS-BLK6PK-IA,Size: 6-Pack,Color: Black,,,,Corro Trailer 1,31.58,31.58,31.58,49.95,0,0,0.02631579,,
5,ALL INVENTORY,1787926575498,853353004030,Eliot's Trailer,1,Flair Nasal Strip,Tack & Equipment > Training & Lunging > Accessories,SS-WHT6PK-AF,Size: 6-Pack,Color: White,,,,Corro Trailer 1,31.58,31.58,31.58,49.95,0,0,,,
5,ALL INVENTORY,1787926575498,649982306979,Eliot's Trailer,1,Horseware Ireland LED Red Light Therapy Wand,Horse Care > Equine Therapy > Light Therapy,TLHAT1-KK00-EA,Title: Default Title,,,,,Corro Trailer 1,150.15,150.15,150.15,329.95,0,0,0.014285714,,
1,ALL INVENTORY,1787926575498,,Eliot's Trailer,1,LeMieux Britney Seamless Long Sleeve Top,Rider > Accessories & Apparel > Shirts,IT07485004,Size: Medium,Color: Damson,,,,Corro Trailer 1,37.35,37.35,37.35,49.99,0,0,0.024390243,,
1,ALL INVENTORY,1787926575498,,Eliot's Trailer,1,LeMieux Britney Seamless Long Sleeve Top,Rider > Accessories & Apparel > Shirts,IT07485002,Size: X-Small,Color: Damson,,,,Corro Trailer 1,37.35,37.35,37.35,49.99,0,0,,,
0,ALL INVENTORY,1787926575498,,Eliot's Trailer,1,LeMieux Britney Seamless Long Sleeve Top,Rider > Accessories & Apparel > Shirts,IT07485005,Size: Large,Color: Damson,,,,Corro Trailer 1,37.35,37.35,37.35,49.99,0,0,,,
0,ALL INVENTORY,1787926575498,,Eliot's Trailer,1,LeMieux Britney Seamless Long Sleeve Top,Rider > Accessories & Apparel > Shirts,IT07485003,Size: Small,Color: Damson,,,,Corro Trailer 1,37.35,37.35,37.35,49.99,0,0,0.02631579,,
7,ALL INVENTORY,1787926575498,793888034389,Eliot's Trailer,1,Ace PRO4MANCE Number ID,"Tack & Equipment > Bridles, Headstalls & Reins > English Bridles & Reins > Bridle Accessories",IDBLK,Color: Black,,,,,Corro Trailer 1,17.50,17.50,17.50,35.00,0,0,0.021276595,,
2,ALL INVENTORY,1787926575498,793888035089,Eliot's Trailer,1,Ace PRO4MANCE Number ID,"Tack & Equipment > Bridles, Headstalls & Reins > English Bridles & Reins > Bridle Accessories",IDBR,Color: Brown,,,,,Corro Trailer 1,17.50,17.50,17.50,35.00,0,0,,,
4,ALL INVENTORY,1787926575498,793888034785,Eliot's Trailer,1,Ace PRO4MANCE Number ID,"Tack & Equipment > Bridles, Headstalls & Reins > English Bridles & Reins > Bridle Accessories",IDWHT,Color: White,,,,,Corro Trailer 1,17.50,17.50,17.50,35.00,0,0,0.012820513,,
5,ALL INVENTORY,1787926575498,840539015065,Eliot's Trailer,1,Jack's Synthetic Sponge,Horse Care > Grooming & Bathing > Brushes & Tools > Sponges,513-L,Title: Default Title,,,,,Corro Trailer 1,0.00,0.00,0.00,3.99,0,0,0.013333334,,
50,ALL INVENTORY,1787926575498,860008698377,Eliot's Trailer,1,Equine Elixirs Chug,Horse Care > Supplements > Electrolytes & Salt,EECHUG12,Size: Small (12 Servings),,,,,Corro Trailer 1,12.00,12.00,12.00,24.00,0,0,,,
-1,,,,,,XLR8 Equine Redline Bell Boot - Pair,Horse Care > Equine Therapy > Light Therapy,48,Title: Default Title,,,,,Corro Trailer 1,269.25,269.25,269.25,359.00,0,0,0.03076923,,
1,ALL INVENTORY,1787926575498,,Eliot's Trailer,1,Yagya Lightweight Long Sleeve,Rider > Accessories & Apparel > Shirts,1000000001148,Size: Large,Color: Dark Brown,,,,Corro Trailer 1,55.00,55.00,55.00,160.00,0,0,,,
1,ALL INVENTORY,1787926575498,7350171873020,Eliot's Trailer,1,Yagya Timeless Show Shirt,Rider > Accessories & Apparel > Shirts,1000000001304,Size: Large,Color: White/White,,,,Corro Trailer 1,80.00,80.00,80.00,230.00,0,0,,,
1,ALL INVENTORY,1787926575498,7350171873006,Eliot's Trailer,1,Yagya Timeless Show Shirt,Rider > Accessories & Apparel > Shirts,1000000001302,Size: Small,Color: White/White,,,,Corro Trailer 1,80.00,80.00,80.00,230.00,0,0,,,
0,ALL INVENTORY,1787926575498,7350171873013,Eliot's Trailer,1,Yagya Timeless Show Shirt,Rider > Accessories & Apparel > Shirts,1000000001303,Size: Medium,Color: White/White,,,,Corro Trailer 1,80.00,80.00,80.00,230.00,0,0,0.013513514,,
1,ALL INVENTORY,1787926575498,7350171872993,Eliot's Trailer,1,Yagya Timeless Show Shirt,Rider > Accessories & Apparel > Shirts,1000000001301,Size: XS,Color: White/White,,,,Corro Trailer 1,80.00,80.00,80.00,230.00,0,0,,,
1,ALL INVENTORY,1787926575498,75487034,Eliot's Trailer,1,AJR Sport Hard Rubber Mullen Baby Pelham Bit,Tack & Equipment > Bits > English Bits,PHRMB1113,Size: 135mm,,,,,Corro Trailer 1,71.50,71.50,71.50,130.00,0,0,,,
1,ALL INVENTORY,1787926575498,"07861818, 07861818",Eliot's Trailer,1,AJR Sport Hard Rubber Port D Bit,Tack & Equipment > Bits > English Bits,DHRP5026,Size: 135 mm,,,,,Corro Trailer 1,0.00,0.00,0.00,130.00,0,0,,,
1,ALL INVENTORY,1787926575498,"11302458, 11302458",Eliot's Trailer,1,AJR Sport Hard Rubber Port Kimberwick Bit,Tack & Equipment > Bits > English Bits,KHRP1405,Size: 135 mm,,,,,Corro Trailer 1,122.00,122.00,122.00,167.00,0,0,,,
1,ALL INVENTORY,1787926575498,"88856378, 88856378",Eliot's Trailer,1,AJR Sport Hard Rubber Mullen Full Cheek Bit,Tack & Equipment > Bits > English Bits,FCHRM3071,Size: 135mm,,,,,Corro Trailer 1,71.50,71.50,71.50,130.00,0,0,,,
1,ALL INVENTORY,1787926575498,"84105018, 84105018",Eliot's Trailer,1,AJR Sport Hard Rubber Mullen D Bit,Tack & Equipment > Bits > English Bits,DHRM5071,Size: 135mm,,,,,Corro Trailer 1,71.50,71.50,71.50,130.00,0,0,,,
1,ALL INVENTORY,1787926575498,"96851770, 96851770",Eliot's Trailer,1,AJR Sport Hard Rubber Mullen Kimberwick Bit,Tack & Equipment > Bits > English Bits,KHRM1112,Size: 135mm,,,,,Corro Trailer 1,71.50,71.50,71.50,130.00,0,0,,,
1,ALL INVENTORY,1787926575498,"09631290, 09631290",Eliot's Trailer,1,AJR Sport Hard Rubber Port Full Cheek Bit,Tack & Equipment > Bits > English Bits,FCHRP3072,Size: 135 mm,,,,,Corro Trailer 1,74.25,74.25,74.25,135.00,0,0,,,
1,ALL INVENTORY,1787926575498,"02881082, 02881082",Eliot's Trailer,1,AJR Sport Hard Rubber Mullen Pelham,Tack & Equipment > Bits > English Bits,PHRM1112,Size: 135mm,,,,,Corro Trailer 1,71.50,71.50,71.50,130.00,0,0,,,
1,ALL INVENTORY,1787926575498,"16592954, 16592954",Eliot's Trailer,1,AJR Sport Block End Stainless Steel Spur,Tack & Equipment > Spurs & Straps > English Spurs,SPBE35,Size: 35mm,,,,,Corro Trailer 1,43.50,43.50,43.50,75.00,0,0,,,
1,ALL INVENTORY,1787926575498,44536122,Eliot's Trailer,1,AJR Sport Matte Black Square End Spur (Block Design),Tack & Equipment > Spurs & Straps > English Spurs,SPMBS35,Size: 35mm,,,,,Corro Trailer 1,49.50,49.50,49.50,90.00,0,0,,,
0,ALL INVENTORY,1787926575498,42209594,Eliot's Trailer,1,AJR Sport Matte Black Round End Spur,Tack & Equipment > Spurs & Straps > English Spurs,SPMBE35,Size: 35mm,,,,,Corro Trailer 1,46.75,46.75,46.75,85.00,0,0,0.01923077,,
1,ALL INVENTORY,1787926575498,16184890,Eliot's Trailer,1,AJR Sport Matte Black Prince of Wales Spur,Tack & Equipment > Spurs & Straps > English Spurs,SPMBP35,Size: 35 mm,,,,,Corro Trailer 1,41.25,41.25,41.25,75.00,0,0,,,
1,ALL INVENTORY,1787926575498,83832890,Eliot's Trailer,1,AJR Sport Rubber Grip Round End Spur,Tack & Equipment > Spurs & Straps > English Spurs,SPRG25,Size: 25mm,,,,,Corro Trailer 1,46.40,46.40,46.40,80.00,0,0,,,
1,ALL INVENTORY,1787926575498,42176826,Eliot's Trailer,1,AJR Sport Matte Black Round End Spur,Tack & Equipment > Spurs & Straps > English Spurs,SPMBE25,Size: 25mm,,,,,Corro Trailer 1,46.75,46.75,46.75,85.00,0,0,,,
1,ALL INVENTORY,1787926575498,83865658,Eliot's Trailer,1,AJR Sport Rubber Grip Round End Spur,Tack & Equipment > Spurs & Straps > English Spurs,SPRG35,Size: 35mm,,,,,Corro Trailer 1,46.40,46.40,46.40,80.00,0,0,,,
2,ALL INVENTORY,1787926575498,"27996218, 27996218",Eliot's Trailer,1,AJR Sport Flat End Spur,Tack & Equipment > Spurs & Straps > English Spurs,SPFE12,Size: 12mm,,,,,Corro Trailer 1,49.30,49.30,49.30,75.00,0,0,,,
0,ALL INVENTORY,1787926575498,37924922,Eliot's Trailer,1,AJR Sport Hammerhead Thick Spur,Tack & Equipment > Spurs & Straps > English Spurs,SPHT35,Size: 35mm,,,,,Corro Trailer 1,43.50,43.50,43.50,75.00,0,0,0.012987013,,
1,ALL INVENTORY,1787926575498,44871738,Eliot's Trailer,1,AJR Sport Hammerhead Thin Spur,Tack & Equipment > Spurs & Straps > English Spurs,SPTHIN25,Size: 25mm,,,,,Corro Trailer 1,43.50,43.50,43.50,75.00,0,0,,,
1,ALL INVENTORY,1787926575498,"16527418, 16527418",Eliot's Trailer,1,AJR Sport Block End Stainless Steel Spur,Tack & Equipment > Spurs & Straps > English Spurs,SPBE15,Size: 15mm,,,,,Corro Trailer 1,43.50,43.50,43.50,75.00,0,0,,,
1,ALL INVENTORY,1787926575498,16119354,Eliot's Trailer,1,AJR Sport Matte Black Prince of Wales Spur,Tack & Equipment > Spurs & Straps > English Spurs,SPMBP15,Size: 15 mm,,,,,Corro Trailer 1,41.25,41.25,41.25,75.00,0,0,,,
1,ALL INVENTORY,1787926575498,"16560186, 16560186",Eliot's Trailer,1,AJR Sport Block End Stainless Steel Spur,Tack & Equipment > Spurs & Straps > English Spurs,SPBE25,Size: 25mm,,,,,Corro Trailer 1,43.50,43.50,43.50,75.00,0,0,,,
1,ALL INVENTORY,1787926575498,44838970,Eliot's Trailer,1,AJR Sport Hammerhead Thin Spur,Tack & Equipment > Spurs & Straps > English Spurs,SPTHIN15,Size: 15mm,,,,,Corro Trailer 1,43.50,43.50,43.50,75.00,0,0,,,
1,ALL INVENTORY,1787926575498,44503354,Eliot's Trailer,1,AJR Sport Matte Black Square End Spur (Block Design),Tack & Equipment > Spurs & Straps > English Spurs,SPMBS25,Size: 25mm,,,,,Corro Trailer 1,49.50,49.50,49.50,90.00,0,0,,,
1,ALL INVENTORY,1787926575498,82817082,Eliot's Trailer,1,AJR Sport Rubber Covered Block Spur,Tack & Equipment > Spurs & Straps > English Spurs,SPRCB15,Size: 15mm,,,,,Corro Trailer 1,50.46,50.46,50.46,87.00,0,0,,,
0,ALL INVENTORY,1787926575498,44904506,Eliot's Trailer,1,AJR Sport Hammerhead Thin Spur,Tack & Equipment > Spurs & Straps > English Spurs,SPTHIN35,Size: 35mm,,,,,Corro Trailer 1,43.50,43.50,43.50,75.00,0,0,,,
1,ALL INVENTORY,1787926575498,37859386,Eliot's Trailer,1,AJR Sport Hammerhead Thick Spur,Tack & Equipment > Spurs & Straps > English Spurs,SPHT15,Size: 15mm,,,,,Corro Trailer 1,43.50,43.50,43.50,75.00,0,0,,,
1,ALL INVENTORY,1787926575498,44470586,Eliot's Trailer,1,AJR Sport Matte Black Square End Spur (Block Design),Tack & Equipment > Spurs & Straps > English Spurs,SPMBS15,Size: 15mm,,,,,Corro Trailer 1,49.50,49.50,49.50,90.00,0,0,,,
1,ALL INVENTORY,1787926575498,16152122,Eliot's Trailer,1,AJR Sport Matte Black Prince of Wales Spur,Tack & Equipment > Spurs & Straps > English Spurs,SPMBP25,Size: 25 mm,,,,,Corro Trailer 1,41.25,41.25,41.25,75.00,0,0,,,
1,ALL INVENTORY,1787926575498,82882618,Eliot's Trailer,1,AJR Sport Rubber Covered Block Spur,Tack & Equipment > Spurs & Straps > English Spurs,SPRCB35,Size: 35mm,,,,,Corro Trailer 1,50.46,50.46,50.46,87.00,0,0,,,
1,ALL INVENTORY,1787926575498,42144058,Eliot's Trailer,1,AJR Sport Matte Black Round End Spur,Tack & Equipment > Spurs & Straps > English Spurs,SPMBE15,Size: 15mm,,,,,Corro Trailer 1,46.75,46.75,46.75,85.00,0,0,,,
1,ALL INVENTORY,1787926575498,28757818,Eliot's Trailer,1,AJR Sport UFO Spur,Tack & Equipment > Spurs & Straps > English Spurs,SPUFO30,Size: 30mm,,,,,Corro Trailer 1,46.40,46.40,46.40,80.00,0,0,,,
1,ALL INVENTORY,1787926575498,98381882,Eliot's Trailer,1,AJR Sport Smooth Rowel Spur Vertical,Tack & Equipment > Spurs & Straps > English Spurs,SPSRSV25,Size: 25mm,,,,,Corro Trailer 1,46.40,46.40,46.40,80.00,0,0,,,
1,ALL INVENTORY,1787926575498,15128634,Eliot's Trailer,1,AJR Sport Anatomic Jumper Bridle,"Tack & Equipment > Bridles, Headstalls & Reins > English Bridles & Reins > Bridles",BRD-019-C,Color: Brown,Size: Cob,,,,Corro Trailer 1,196.62,196.62,196.62,339.00,0,0,,,
1,ALL INVENTORY,1787926575498,02510650,Eliot's Trailer,1,AJR Sport Stainless Steel Roller Ball Vertical Spur,Tack & Equipment > Spurs & Straps > English Spurs,SPRBV35,SIze: 35mm,,,,,Corro Trailer 1,37.70,37.70,37.70,65.00,0,0,,,
1,ALL INVENTORY,1787926575498,05361466,Eliot's Trailer,1,AJR Sport TeffleX Horizontal Roller Spur,Tack & Equipment > Spurs & Straps > English Spurs,SPTH35,Size: 35mm,,,,,Corro Trailer 1,50.46,50.46,50.46,87.00,0,0,,,
1,ALL INVENTORY,1787926575498,02477882,Eliot's Trailer,1,AJR Sport Stainless Steel Roller Ball Vertical Spur,Tack & Equipment > Spurs & Straps > English Spurs,SPRBV30,SIze: 30mm,,,,,Corro Trailer 1,37.70,37.70,37.70,65.00,0,0,,,
1,ALL INVENTORY,1787926575498,28790586,Eliot's Trailer,1,AJR Sport UFO Spur,Tack & Equipment > Spurs & Straps > English Spurs,SPUFO35,Size: 35mm,,,,,Corro Trailer 1,46.40,46.40,46.40,80.00,0,0,,,
1,ALL INVENTORY,1787926575498,98447418,Eliot's Trailer,1,AJR Sport Smooth Rowel Spur Vertical,Tack & Equipment > Spurs & Straps > English Spurs,SPSRSV35,Size: 35mm,,,,,Corro Trailer 1,46.40,46.40,46.40,80.00,0,0,,,
1,ALL INVENTORY,1787926575498,02445114,Eliot's Trailer,1,AJR Sport Stainless Steel Roller Ball Vertical Spur,Tack & Equipment > Spurs & Straps > English Spurs,SPRBV25,SIze: 25mm,,,,,Corro Trailer 1,37.70,37.70,37.70,65.00,0,0,,,
1,ALL INVENTORY,1787926575498,01134394,Eliot's Trailer,1,AJR Sport Stainless Steel Roller Ball Horizontal Spur,Tack & Equipment > Spurs & Straps > English Spurs,SPRBH035,Size: 35mm,,,,,Corro Trailer 1,37.70,37.70,37.70,65.00,0,0,,,
1,ALL INVENTORY,1787926575498,01101626,Eliot's Trailer,1,AJR Sport Stainless Steel Roller Ball Horizontal Spur,Tack & Equipment > Spurs & Straps > English Spurs,SPRBH30,Size: 30mm,,,,,Corro Trailer 1,37.70,37.70,37.70,65.00,0,0,,,
1,ALL INVENTORY,1787926575498,98414650,Eliot's Trailer,1,AJR Sport Smooth Rowel Spur Vertical,Tack & Equipment > Spurs & Straps > English Spurs,SPSRSV30,Size: 30mm,,,,,Corro Trailer 1,46.40,46.40,46.40,80.00,0,0,,,
1,ALL INVENTORY,1787926575498,89993274,Eliot's Trailer,1,AJR Sport Smooth Rowel Horizontal Spur,Tack & Equipment > Spurs & Straps > English Spurs,SPRH25,Size: 25mm,,,,,Corro Trailer 1,46.40,46.40,46.40,80.00,0,0,,,
1,ALL INVENTORY,1787926575498,15095866,Eliot's Trailer,1,AJR Sport Anatomic Jumper Bridle,"Tack & Equipment > Bridles, Headstalls & Reins > English Bridles & Reins > Bridles",BRD-019-F,Color: Brown,Size: Full,,,,Corro Trailer 1,196.62,196.62,196.62,339.00,0,0,,,
1,ALL INVENTORY,1787926575498,90058810,Eliot's Trailer,1,AJR Sport Smooth Rowel Horizontal Spur,Tack & Equipment > Spurs & Straps > English Spurs,SPRH35,Size: 35mm,,,,,Corro Trailer 1,46.40,46.40,46.40,80.00,0,0,,,
1,ALL INVENTORY,1787926575498,13193018,Eliot's Trailer,1,AJR Sport TeffleX Vertical Roller Spur,Tack & Equipment > Spurs & Straps > English Spurs,SPTV30,Size: 30mm,,,,,Corro Trailer 1,50.46,50.46,50.46,87.00,0,0,,,
1,ALL INVENTORY,1787926575498,90026042,Eliot's Trailer,1,AJR Sport Smooth Rowel Horizontal Spur,Tack & Equipment > Spurs & Straps > English Spurs,SPRH30,Size: 30mm,,,,,Corro Trailer 1,46.40,46.40,46.40,80.00,0,0,,,
1,ALL INVENTORY,1787926575498,03788602,Eliot's Trailer,1,AJR Sport Stainless Steel Square End Spur (Block Design),Tack & Equipment > Spurs & Straps > English Spurs,SPSSE35,Size: 35mm,,,,,Corro Trailer 1,49.30,49.30,49.30,85.00,0,0,,,
1,ALL INVENTORY,1787926575498,05295930,Eliot's Trailer,1,AJR Sport TeffleX Horizontal Roller Spur,Tack & Equipment > Spurs & Straps > English Spurs,SPTH25,Size: 25mm,,,,,Corro Trailer 1,50.46,50.46,50.46,87.00,0,0,,,
1,ALL INVENTORY,1787926575498,03755834,Eliot's Trailer,1,AJR Sport Stainless Steel Square End Spur (Block Design),Tack & Equipment > Spurs & Straps > English Spurs,SPSSE25,Size: 25mm,,,,,Corro Trailer 1,49.30,49.30,49.30,85.00,0,0,,,
1,ALL INVENTORY,1787926575498,05328698,Eliot's Trailer,1,AJR Sport TeffleX Horizontal Roller Spur,Tack & Equipment > Spurs & Straps > English Spurs,SPTH30,Size: 30mm,,,,,Corro Trailer 1,50.46,50.46,50.46,87.00,0,0,,,
1,ALL INVENTORY,1787926575498,03723066,Eliot's Trailer,1,AJR Sport Stainless Steel Square End Spur (Block Design),Tack & Equipment > Spurs & Straps > English Spurs,SPSSE15,Size: 15mm,,,,,Corro Trailer 1,49.30,49.30,49.30,85.00,0,0,,,
1,ALL INVENTORY,1787926575498,28725050,Eliot's Trailer,1,AJR Sport UFO Spur,Tack & Equipment > Spurs & Straps > English Spurs,SPUFO25,Size: 25mm,,,,,Corro Trailer 1,46.40,46.40,46.40,80.00,0,0,,,
1,ALL INVENTORY,1787926575498,26531898,Eliot's Trailer,1,"AJR Sport 4/8"" Flat Curb Rein - Jumper Collection","Tack & Equipment > Bridles, Headstalls & Reins > English Bridles & Reins > Reins",REIN-003-C,Color: Brown,Size: Cob,,,,Corro Trailer 1,71.34,71.34,71.34,123.00,0,0,,,
1,ALL INVENTORY,1787926575498,26499130,Eliot's Trailer,1,"AJR Sport 4/8"" Flat Curb Rein - Jumper Collection","Tack & Equipment > Bridles, Headstalls & Reins > English Bridles & Reins > Reins",REIN-003-F,Color: Brown,Size: Full,,,,Corro Trailer 1,71.34,71.34,71.34,123.00,0,0,,,
2,ALL INVENTORY,1787926575498,,Eliot's Trailer,1,AJR Sport Stirrup Leathers,Tack & Equipment > Stirrups & Leathers > Stirrup Leathers & Accessories,STIR-58- 135,Color: Brown,"Size: 135/53""",,,,Corro Trailer 1,124.41,124.41,124.41,214.50,0,0,,,
1,ALL INVENTORY,1787926575498,39540794,Eliot's Trailer,1,AJR Sport Raised Running Martingale,Tack & Equipment > Martingales & Breastplates,MRTG-014-F,Size: Full,Color: Brown,,,,Corro Trailer 1,137.17,137.17,137.17,236.50,0,0,,,
1,ALL INVENTORY,1787926575498,05371706,Eliot's Trailer,1,AJR Sport Anatomic Breastplate with Attachment to Billets & Running Attachment - Jumper Collection,Tack & Equipment > Martingales & Breastplates,BRST-016-C,Color: Brown,Size: Cob,,,,Corro Trailer 1,188.79,188.79,188.79,325.50,0,0,,,
1,ALL INVENTORY,1787926575498,39573562,Eliot's Trailer,1,AJR Sport Raised Running Martingale,Tack & Equipment > Martingales & Breastplates,MRTG-014-C,Size: Cob,Color: Brown,,,,Corro Trailer 1,137.17,137.17,137.17,236.50,0,0,,,
1,ALL INVENTORY,1787926575498,25188410,Eliot's Trailer,1,"AJR Sport 5/8"" Leather Rein with Inner Rubber Strip & Leather Grips - Jumper Collection","Tack & Equipment > Bridles, Headstalls & Reins > English Bridles & Reins > Reins",REIN-005-C,Size: Cob,Color: Brown,,,,Corro Trailer 1,84.97,84.97,84.97,146.50,0,0,,,
1,ALL INVENTORY,1787926575498,23648314,Eliot's Trailer,1,AJR Sport Fancy Raised Laced Leather Rein - Hunter Collection,"Tack & Equipment > Bridles, Headstalls & Reins > English Bridles & Reins > Reins",REIN-009-C,Color: Brown,Size: Cob,,,,Corro Trailer 1,107.88,107.88,107.88,186.00,0,0,,,
1,ALL INVENTORY,1787926575498,05338938,Eliot's Trailer,1,AJR Sport Anatomic Breastplate with Attachment to Billets & Running Attachment - Jumper Collection,Tack & Equipment > Martingales & Breastplates,BRST-016-F,Color: Brown,Size: Full,,,,Corro Trailer 1,188.79,188.79,188.79,325.50,0,0,,,
1,ALL INVENTORY,1787926575498,25155642,Eliot's Trailer,1,"AJR Sport 5/8"" Leather Rein with Inner Rubber Strip & Leather Grips - Jumper Collection","Tack & Equipment > Bridles, Headstalls & Reins > English Bridles & Reins > Reins",REIN-005-F,Size: Full,Color: Brown,,,,Corro Trailer 1,84.97,84.97,84.97,146.50,0,0,,,
0,ALL INVENTORY,1787926575498,23615546,Eliot's Trailer,1,AJR Sport Fancy Raised Laced Leather Rein - Hunter Collection,"Tack & Equipment > Bridles, Headstalls & Reins > English Bridles & Reins > Reins",REIN-009-F,Color: Brown,Size: Full,,,,Corro Trailer 1,107.88,107.88,107.88,186.00,0,0,,,
1,ALL INVENTORY,1787926575498,06518586,Eliot's Trailer,1,AJR Sport Anatomic Breastplate with Clips & Running Attachment - Jumper Collection,Tack & Equipment > Martingales & Breastplates,BRST-017-C,Color: Brown,Size: Cob,,,,Corro Trailer 1,188.79,188.79,188.79,325.50,0,0,,,
2,ALL INVENTORY,1787926575498,,Eliot's Trailer,1,AJR Sport Stirrup Leathers,Tack & Equipment > Stirrups & Leathers > Stirrup Leathers & Accessories,STIR-58- 145,Color: Brown,"Size: 145/57""",,,,Corro Trailer 1,124.41,124.41,124.41,214.50,0,0,,,
2,ALL INVENTORY,1787926575498,,Eliot's Trailer,1,AJR Sport Stirrup Leathers,Tack & Equipment > Stirrups & Leathers > Stirrup Leathers & Accessories,STIR-58- 125,Color: Brown,"Size: 125/49""",,,,Corro Trailer 1,124.41,124.41,124.41,214.50,0,0,,,
1,ALL INVENTORY,1787926575498,06485818,Eliot's Trailer,1,AJR Sport Anatomic Breastplate with Clips & Running Attachment - Jumper Collection,Tack & Equipment > Martingales & Breastplates,BRST-017-F,Color: Brown,Size: Full,,,,Corro Trailer 1,188.79,188.79,188.79,325.50,0,0,,,
1,ALL INVENTORY,1787926575498,27547706,Eliot's Trailer,1,AJR Sport Training Bridle with Pad and Rubber Reins with Clips,"Tack & Equipment > Bridles, Headstalls & Reins > English Bridles & Reins > Bridles",BRD-020-F,Color: Brown,Size: Full,,,,Corro Trailer 1,223.30,223.30,223.30,385.00,0,0,,,
1,ALL INVENTORY,1787926575498,25450554,Eliot's Trailer,1,"AJR Sport 5/8"" Normal Rubber Reins - Jumper Collection","Tack & Equipment > Bridles, Headstalls & Reins > English Bridles & Reins > Reins",REIN-011-C,Color: Brown,Size: Cob,,,,Corro Trailer 1,105.85,105.85,105.85,182.50,0,0,,,
1,ALL INVENTORY,1787926575498,27580474,Eliot's Trailer,1,AJR Sport Training Bridle with Pad and Rubber Reins with Clips,"Tack & Equipment > Bridles, Headstalls & Reins > English Bridles & Reins > Bridles",BRD-020-C,Color: Brown,Size: Cob,,,,Corro Trailer 1,223.30,223.30,223.30,385.00,0,0,,,
1,ALL INVENTORY,1787926575498,18118458,Eliot's Trailer,1,AJR Sport Padded Drop Noseband - Jumper Collection,"Tack & Equipment > Bridles, Headstalls & Reins > English Bridles & Reins > Bridle Accessories",NSBD-035-F,Color: Brown,Size: Full,,,,Corro Trailer 1,73.37,73.37,73.37,126.50,0,0,,,
2,ALL INVENTORY,1787926575498,16447290,Eliot's Trailer,1,AJR Sport Invisible Rope Noseband - Hunter Collection,"Tack & Equipment > Bridles, Headstalls & Reins > English Bridles & Reins > Bridle Accessories",NSBD-022-C,Size: Cob,Color: Brown,,,,Corro Trailer 1,113.68,113.68,113.68,196.00,0,0,,,
1,ALL INVENTORY,1787926575498,17495866,Eliot's Trailer,1,AJR Sport Mexican Noseband without Rings - Jumper Collection,"Tack & Equipment > Bridles, Headstalls & Reins > English Bridles & Reins > Bridle Accessories",NSBD-036-F,Color: Brown,Size: Full,,,,Corro Trailer 1,95.70,95.70,95.70,165.00,0,0,,,
1,ALL INVENTORY,1787926575498,07337786,Eliot's Trailer,1,AJR Sport Yoke - Jumper Collection,Tack & Equipment > Martingales & Breastplates,ATT-052-F,Color: Brown,Size: Full,,,,Corro Trailer 1,142.97,142.97,142.97,246.50,0,0,,,
1,ALL INVENTORY,1787926575498,17364794,Eliot's Trailer,1,AJR Sport Leather Covered Rope Double Noseband - Jumper Collection,"Tack & Equipment > Bridles, Headstalls & Reins > English Bridles & Reins > Bridle Accessories",NSBD-031-F,Size: Full,Color: Brown,,,,Corro Trailer 1,126.44,126.44,126.44,218.00,0,0,0.012345679,,
1,ALL INVENTORY,1787926575498,46067514,Eliot's Trailer,1,AJR Sport Leather Pelham Roundings Bit Converter,"Tack & Equipment > Bridles, Headstalls & Reins > English Bridles & Reins > Bridle Accessories",CNV-040,Color: Brown,Size: Short,,,,Corro Trailer 1,44.08,44.08,44.08,76.00,0,0,0.023809524,,
1,ALL INVENTORY,1787926575498,09172794,Eliot's Trailer,1,AJR Sport Rope Gag Cheekpieces,"Tack & Equipment > Bridles, Headstalls & Reins > English Bridles & Reins > Bridle Accessories",ATT-044-F,Color: Brown,Size: Full,,,,Corro Trailer 1,44.66,44.66,44.66,77.00,0,0,,,
1,ALL INVENTORY,1787926575498,08189754,Eliot's Trailer,1,AJR Sport Bib Martingale Attachment in Soft Leather,Tack & Equipment > Martingales & Breastplates,ATT-045-F,Size: Full,Color: Brown,,,,Corro Trailer 1,86.13,86.13,86.13,148.50,0,0,,,
1,ALL INVENTORY,1787926575498,08222522,Eliot's Trailer,1,AJR Sport Bib Martingale Attachment in Soft Leather,Tack & Equipment > Martingales & Breastplates,ATT-045-C,Size: Cob,Color: Brown,,,,Corro Trailer 1,86.13,86.13,86.13,148.50,0,0,,,
0,ALL INVENTORY,1787926575498,17397562,Eliot's Trailer,1,AJR Sport Leather Covered Rope Double Noseband - Jumper Collection,"Tack & Equipment > Bridles, Headstalls & Reins > English Bridles & Reins > Bridle Accessories",NSBD-031-C,Size: Cob,Color: Brown,,,,Corro Trailer 1,126.44,126.44,126.44,218.00,0,0,0.012345679,,
1,ALL INVENTORY,1787926575498,17528634,Eliot's Trailer,1,AJR Sport Mexican Noseband without Rings - Jumper Collection,"Tack & Equipment > Bridles, Headstalls & Reins > English Bridles & Reins > Bridle Accessories",NSBD-036-C,Color: Brown,Size: Cob,,,,Corro Trailer 1,95.70,95.70,95.70,165.00,0,0,,,
1,ALL INVENTORY,1787926575498,07370554,Eliot's Trailer,1,AJR Sport Yoke - Jumper Collection,Tack & Equipment > Martingales & Breastplates,ATT-052-C,Color: Brown,Size: Cob,,,,Corro Trailer 1,142.97,142.97,142.97,246.50,0,0,,,
2,ALL INVENTORY,1787926575498,69201722,Eliot's Trailer,1,"AJR Sport 5/8"" Softy Leather Rein Jumper Collection","Tack & Equipment > Bridles, Headstalls & Reins > English Bridles & Reins > Reins",REIN-061-F,Color: Brown,Size: Full,,,,Corro Trailer 1,139.20,139.20,139.20,240.00,0,0,,,
1,ALL INVENTORY,1787926575498,72019770,Eliot's Trailer,1,AJR Sport Hackamore Headpiece with Throat Latch - Jumper Collection,"Tack & Equipment > Bridles, Headstalls & Reins > English Bridles & Reins > Bridle Accessories",ATT-066-C,Color: Brown,Size: Cob,,,,Corro Trailer 1,101.50,101.50,101.50,175.00,0,0,,,
1,ALL INVENTORY,1787926575498,65531706,Eliot's Trailer,1,AJR Sport Straight Browband Jumper Collection,"Tack & Equipment > Bridles, Headstalls & Reins > English Bridles & Reins > Bridle Accessories",ATT-058C,Color: Brown,Size: Cob,,,,Corro Trailer 1,41.47,41.47,41.47,71.50,0,0,,,
1,ALL INVENTORY,1787926575498,67661626,Eliot's Trailer,1,AJR Sport 5/8 Softy Leather Rein with Leather Grip - Jumper Collection,"Tack & Equipment > Bridles, Headstalls & Reins > English Bridles & Reins > Reins",REIN-059-C,Color: Brown,Size: Cob,,,,Corro Trailer 1,142.10,142.10,142.10,245.00,0,0,,,
1,ALL INVENTORY,1787926575498,63434554,Eliot's Trailer,1,AJR Sport Standing Martingale Attachment - Jumper Collection,Tack & Equipment > Martingales & Breastplates,ATT-070-C,Color: Brown,Size: Cob,,,,Corro Trailer 1,51.04,51.04,51.04,88.00,0,0,,,
2,ALL INVENTORY,1787926575498,71987002,Eliot's Trailer,1,AJR Sport Hackamore Headpiece with Throat Latch - Jumper Collection,"Tack & Equipment > Bridles, Headstalls & Reins > English Bridles & Reins > Bridle Accessories",ATT-066-F,Color: Brown,Size: Full,,,,Corro Trailer 1,101.50,101.50,101.50,175.00,0,0,,,
1,ALL INVENTORY,1787926575498,51801914,Eliot's Trailer,1,AJR Sport Running Attachment with Elastic Cord,Tack & Equipment > Martingales & Breastplates,ATT-037-F,Color: Brown,Size: Full,,,,Corro Trailer 1,57.42,57.42,57.42,99.00,0,0,,,
1,ALL INVENTORY,1787926575498,46821178,Eliot's Trailer,1,AJR Sport Nylon Bit Converters,"Tack & Equipment > Bridles, Headstalls & Reins > English Bridles & Reins > Bridle Accessories",CNV-042,Color: Brown,Size: Short,,,,Corro Trailer 1,18.56,18.56,18.56,32.00,0,0,,,
2,ALL INVENTORY,1787926575498,65498938,Eliot's Trailer,1,AJR Sport Straight Browband Jumper Collection,"Tack & Equipment > Bridles, Headstalls & Reins > English Bridles & Reins > Bridle Accessories",ATT-058F,Color: Brown,Size: Full,,,,Corro Trailer 1,41.47,41.47,41.47,71.50,0,0,,,
1,ALL INVENTORY,1787926575498,63401786,Eliot's Trailer,1,AJR Sport Standing Martingale Attachment - Jumper Collection,Tack & Equipment > Martingales & Breastplates,ATT-070-F,Color: Brown,Size: Full,,,,Corro Trailer 1,51.04,51.04,51.04,88.00,0,0,,,
1,ALL INVENTORY,1787926575498,67628858,Eliot's Trailer,1,AJR Sport 5/8 Softy Leather Rein with Leather Grip - Jumper Collection,"Tack & Equipment > Bridles, Headstalls & Reins > English Bridles & Reins > Reins",REIN-059-F,Color: Brown,Size: Full,,,,Corro Trailer 1,142.10,142.10,142.10,245.00,0,0,0.030303031,,
1,ALL INVENTORY,1787926575498,69234490,Eliot's Trailer,1,"AJR Sport 5/8"" Softy Leather Rein Jumper Collection","Tack & Equipment > Bridles, Headstalls & Reins > English Bridles & Reins > Reins",REIN-061-C,Color: Brown,Size: Cob,,,,Corro Trailer 1,139.20,139.20,139.20,240.00,0,0,,,
1,ALL INVENTORY,1787926575498,71528250,Eliot's Trailer,1,"AJR Sport 1"" Web Rein, Raised, with Stopper and Leather Grip - Jumper Collection","Tack & Equipment > Bridles, Headstalls & Reins > English Bridles & Reins > Reins",REIN-060-F,Color: Brown,Size: Full,,,,Corro Trailer 1,99.76,99.76,99.76,172.00,0,0,,,
2,ALL INVENTORY,1787926575498,72806202,Eliot's Trailer,1,AJR Sport Hybrid Padded Noseband - Jumper Collection,"Tack & Equipment > Bridles, Headstalls & Reins > English Bridles & Reins > Bridle Accessories",NSBD-065F,Color: Brown,Size: Full,,,,Corro Trailer 1,144.42,144.42,144.42,249.00,0,0,,,
1,ALL INVENTORY,1787926575498,72838970,Eliot's Trailer,1,AJR Sport Hybrid Padded Noseband - Jumper Collection,"Tack & Equipment > Bridles, Headstalls & Reins > English Bridles & Reins > Bridle Accessories",NSBD-065C,Color: Brown,Size: Cob,,,,Corro Trailer 1,144.42,144.42,144.42,249.00,0,0,,,
4,ALL INVENTORY,1787926575498,"7350036140076, 7350036140076",Eliot's Trailer,1,Atletix Horse,Horse Care > Supplements > Joint Health,ATLETIX60,Size: 60 Doses,,,Lot# 161771015,2028-10-15,Corro Trailer 1,89.00,89.00,89.00,199.99,0,0,0.25757575,,
1,ALL INVENTORY,1787926575498,"8059303107376, 8059303107376",Eliot's Trailer,1,Equiline Belair Allshot Unisex Air Bag Vest,Rider > Accessories & Apparel > Safety Vest,EC018-Q11104-BL-M,Color: Black,Size: M,,,,Corro Trailer 1,400.00,400.00,400.00,799.00,0,0,,,
1,ALL INVENTORY,1787926575498,"8059303107345, 8059303107345",Eliot's Trailer,1,Equiline Belair Allshot Unisex Air Bag Vest,Rider > Accessories & Apparel > Safety Vest,EC018-Q11104-BL-XXS,Color: Black,Size: XXS,,,,Corro Trailer 1,400.00,400.00,400.00,799.00,0,0,,,
1,ALL INVENTORY,1787926575498,"8059303107352, 8059303107352",Eliot's Trailer,1,Equiline Belair Allshot Unisex Air Bag Vest,Rider > Accessories & Apparel > Safety Vest,EC018-Q11104-BL-XS,Color: Black,Size: XS,,,,Corro Trailer 1,400.00,400.00,400.00,799.00,0,0,,,
1,ALL INVENTORY,1787926575498,"8059303107383, 8059303107383",Eliot's Trailer,1,Equiline Belair Allshot Unisex Air Bag Vest,Rider > Accessories & Apparel > Safety Vest,EC018-Q11104-BL-L,Color: Black,Size: L,,,,Corro Trailer 1,400.00,400.00,400.00,799.00,0,0,,,
2,ALL INVENTORY,1787926575498,"8059303107369, 8059303107369",Eliot's Trailer,1,Equiline Belair Allshot Unisex Air Bag Vest,Rider > Accessories & Apparel > Safety Vest,EC018-Q11104-BL-S,Color: Black,Size: S,,,,Corro Trailer 1,400.00,400.00,400.00,799.00,0,0,,,
3,ALL INVENTORY,1787926575498,,Eliot's Trailer,1,Equiline Ernaek-W Women's High-Waist Knee Grip Breeches in Standard Weight B-Move,Rider > Accessories & Apparel > Breeches,EC900-N09148W-005-48,Color: Beige,Size: 46,,,,Corro Trailer 1,195.00,195.00,195.00,389.00,0,0,,,
0,ALL INVENTORY,1787926575498,,Eliot's Trailer,1,Equiline Ernaek-W Women's High-Waist Knee Grip Breeches in Standard Weight B-Move,Rider > Accessories & Apparel > Breeches,EC900-N09148W-005-40,Color: Beige,Size: 40,,,,Corro Trailer 1,195.00,195.00,195.00,389.00,0,0,0.028571429,,
1,ALL INVENTORY,1787926575498,,Eliot's Trailer,1,Equiline Ernaek-W Women's High-Waist Knee Grip Breeches in Standard Weight B-Move,Rider > Accessories & Apparel > Breeches,EC900-N09148W-005-44,Color: Beige,Size: 44,,,,Corro Trailer 1,195.00,195.00,195.00,389.00,0,0,0.028571429,,
1,ALL INVENTORY,1787926575498,,Eliot's Trailer,1,Equiline Grafton B-MOVE - Men's Knee Patch Riding Breeches in B-Move Fabric,Rider > Accessories & Apparel > Breeches,EC018-N08200-005-50,Color: Beige,Size: 50,,,,Corro Trailer 1,190.00,190.00,190.00,379.00,0,0,,,
1,ALL INVENTORY,1787926575498,,Eliot's Trailer,1,Equiline Grafton B-MOVE - Men's Knee Patch Riding Breeches in B-Move Fabric,Rider > Accessories & Apparel > Breeches,EC018-N08200-005-46,Color: Beige,Size: 46,,,,Corro Trailer 1,190.00,190.00,190.00,379.00,0,0,,,
1,ALL INVENTORY,1787926575498,,Eliot's Trailer,1,Equiline Grafton B-MOVE - Men's Knee Patch Riding Breeches in B-Move Fabric,Rider > Accessories & Apparel > Breeches,EC018-N08200-005-52,Color: Beige,Size: 52,,,,Corro Trailer 1,190.00,190.00,190.00,379.00,0,0,,,
1,ALL INVENTORY,1787926575498,,Eliot's Trailer,1,Equiline Grafton B-MOVE - Men's Knee Patch Riding Breeches in B-Move Fabric,Rider > Accessories & Apparel > Breeches,EC018-N08200-005-48,Color: Beige,Size: 48,,,,Corro Trailer 1,190.00,190.00,190.00,379.00,0,0,,,
1,ALL INVENTORY,1787926575498,,Eliot's Trailer,1,Equiline Grafton B-MOVE - Men's Knee Patch Riding Breeches in B-Move Fabric,Rider > Accessories & Apparel > Breeches,EC018-N08200-005-54,Color: Beige,Size: 54,,,,Corro Trailer 1,190.00,190.00,190.00,379.00,0,0,,,
0,ALL INVENTORY,1787926575498,,Eliot's Trailer,1,Equiline Lily - Women's Show Shirt in Technical Fabric,Rider > Accessories & Apparel > Shirts,EC018-H00702-001-XS,Color: White,Size: XS,,,,Corro Trailer 1,107.00,107.00,107.00,215.00,0,0,0.027777778,,
2,ALL INVENTORY,1787926575498,,Eliot's Trailer,1,Equiline Lily - Women's Show Shirt in Technical Fabric,Rider > Accessories & Apparel > Shirts,EC018-H00702-001-M,Color: White,Size: M,,,,Corro Trailer 1,107.00,107.00,107.00,215.00,0,0,,,
1,ALL INVENTORY,1787926575498,,Eliot's Trailer,1,Equiline Lily - Women's Show Shirt in Technical Fabric,Rider > Accessories & Apparel > Shirts,EC018-H00702-001-S,Color: White,Size: S,,,,Corro Trailer 1,107.00,107.00,107.00,215.00,0,0,,,
29,ALL INVENTORY,1787926575498,79375418,Eliot's Trailer,1,Corro Mud Fever Foam Cleanser,Horse Care > First Aid & Wellness > Wound Care & Topicals,MUDF6.7,Size: 6.7 ounces,,,,,Corro Trailer 1,16.00,16.00,16.00,44.99,0,0,0.58666664,,
1,ALL INVENTORY,1787926575498,"1776962801032, 1776962801032",Eliot's Trailer,1,AJR Sport Single Jointed Golden Ease Pelham Bit,Tack & Equipment > Bits > English Bits,PSJGE1138,Size: 135mm,,,,,Corro Trailer 1,72.50,72.50,72.50,125.00,0,0,,,
1,ALL INVENTORY,1787926575498,1776963126773,Eliot's Trailer,1,AJR Sport Double Jointed Golden Ease Pelham Bit,Tack & Equipment > Bits > English Bits,PDJGE1129,Size: 135mm,,,,,Corro Trailer 1,78.30,78.30,78.30,135.00,0,0,,,
0,ALL INVENTORY,1787926575498,"1776962565791, 1776962565791",Eliot's Trailer,1,AJR Sport Double Jointed Golden Ease D Bit,Tack & Equipment > Bits > English Bits,DDJGE5081,Size: 135mm,,,,,Corro Trailer 1,63.80,63.80,63.80,110.00,0,0,0.030303031,,
10,ALL INVENTORY,1787926575498,"084369187152, 084369190824",Eliot's Trailer,1,Little Giant Plastic 8 Quart Flat Back Bucket,Stable > Stable Supplies > Feed & Water Buckets,P8FBNAVY6,Size: 8 Quarts,Color: Navy,,,,Corro Trailer 1,3.73,4.11,4.49,6.99,0,0,0.027027028,,
0,ALL INVENTORY,1787926575498,,Eliot's Trailer,1,Solid Citizen Coco Cap-sleeve Equestrian Show Shirt,Rider > Accessories & Apparel > Shirts,SolidCitizenCocoCapSleeveEquestrianShowShirt-Ivory-XS,Color: Ivory,Size: XS,,,,Corro Trailer 1,0.00,0.00,0.00,150.00,0,0,0.024096385,,
1,ALL INVENTORY,1787926575498,,Eliot's Trailer,1,Solid Citizen Coco Cap-sleeve Equestrian Show Shirt,Rider > Accessories & Apparel > Shirts,SolidCitizenCocoCapSleeveEquestrianShowShirt-Ivory-M,Color: Ivory,Size: M,,,,Corro Trailer 1,0.00,0.00,0.00,150.00,0,0,,,
1,ALL INVENTORY,1787926575498,,Eliot's Trailer,1,Solid Citizen Coco Cap-sleeve Equestrian Show Shirt,Rider > Accessories & Apparel > Shirts,SolidCitizenCocoCapSleeveEquestrianShowShirt-Ivory-L,Color: Ivory,Size: L,,,,Corro Trailer 1,0.00,0.00,0.00,150.00,0,0,,,
0,ALL INVENTORY,1787926575498,,Eliot's Trailer,1,Solid Citizen Coco Cap-sleeve Equestrian Show Shirt,Rider > Accessories & Apparel > Shirts,SolidCitizenCocoCapSleeveEquestrianShowShirt-Ivory-S,Color: Ivory,Size: S,,,,Corro Trailer 1,0.00,0.00,0.00,150.00,0,0,0.012345679,,
1,ALL INVENTORY,1787926575498,,Eliot's Trailer,1,Solid Citizen Haley UV Riding Base-layer Turtleneck Sun-shirt,Rider > Accessories & Apparel > Shirts,SolidCitizenHaleyUvRidingBaseLayerTurtleneckSunShirt-Espresso-S,Color: Espresso,Size: S,,,,Corro Trailer 1,0.00,0.00,0.00,130.00,0,0,,,
1,ALL INVENTORY,1787926575498,,Eliot's Trailer,1,Solid Citizen Haley UV Riding Base-layer Turtleneck Sun-shirt,Rider > Accessories & Apparel > Shirts,SolidCitizenHaleyUvRidingBaseLayerTurtleneckSunShirt-Espresso-L,Color: Espresso,Size: L,,,,Corro Trailer 1,0.00,0.00,0.00,130.00,0,0,,,
0,ALL INVENTORY,1787926575498,,Eliot's Trailer,1,Solid Citizen Haley UV Riding Base-layer Turtleneck Sun-shirt,Rider > Accessories & Apparel > Shirts,SolidCitizenHaleyUvRidingBaseLayerTurtleneckSunShirt-Espresso-M,Color: Espresso,Size: M,,,,Corro Trailer 1,0.00,0.00,0.00,130.00,0,0,,,
1,ALL INVENTORY,1787926575498,,Eliot's Trailer,1,Solid Citizen Haley UV Riding Base-layer Turtleneck Sun-shirt,Rider > Accessories & Apparel > Shirts,SolidCitizenHaleyUvRidingBaseLayerTurtleneckSunShirt-Espresso-XS,Color: Espresso,Size: XS,,,,Corro Trailer 1,0.00,0.00,0.00,130.00,0,0,0.027027028,,
1,ALL INVENTORY,1787926575498,,Eliot's Trailer,1,Solid Citizen Haley UV Riding Base-layer Turtleneck Sun-shirt,Rider > Accessories & Apparel > Shirts,SolidCitizenHaleyUvRidingBaseLayerTurtleneckSunShirt-Stone-M,Color: Stone,Size: M,,,,Corro Trailer 1,0.00,0.00,0.00,130.00,0,0,,,
2,ALL INVENTORY,1787926575498,,Eliot's Trailer,1,Solid Citizen Haley UV Riding Base-layer Turtleneck Sun-shirt,Rider > Accessories & Apparel > Shirts,SolidCitizenHaleyUvRidingBaseLayerTurtleneckSunShirt-Stone-XS,Color: Stone,Size: XS,,,,Corro Trailer 1,0.00,0.00,0.00,130.00,0,0,,,
1,ALL INVENTORY,1787926575498,,Eliot's Trailer,1,Solid Citizen Haley UV Riding Base-layer Turtleneck Sun-shirt,Rider > Accessories & Apparel > Shirts,SolidCitizenHaleyUvRidingBaseLayerTurtleneckSunShirt-Stone-L,Color: Stone,Size: L,,,,Corro Trailer 1,0.00,0.00,0.00,130.00,0,0,,,
2,ALL INVENTORY,1787926575498,,Eliot's Trailer,1,Solid Citizen Isabel 2.0 Long-sleeve Equestrian Show Shirt,Rider > Accessories & Apparel > Shirts,SolidCitizenIsabel20LongSleeveEquestrianShowShirt-Navy-XS,Color: Navy,Size: XS,,,,Corro Trailer 1,0.00,0.00,0.00,140.00,0,0,0.011764706,,
1,ALL INVENTORY,1787926575498,,Eliot's Trailer,1,Solid Citizen Isabel 2.0 Long-sleeve Equestrian Show Shirt,Rider > Accessories & Apparel > Shirts,SolidCitizenIsabel20LongSleeveEquestrianShowShirt-Navy-L,Color: Navy,Size: L,,,,Corro Trailer 1,0.00,0.00,0.00,140.00,0,0,,,
1,ALL INVENTORY,1787926575498,,Eliot's Trailer,1,Solid Citizen Isabel 2.0 Long-sleeve Equestrian Show Shirt,Rider > Accessories & Apparel > Shirts,SolidCitizenIsabel20LongSleeveEquestrianShowShirt-Navy-S,Color: Navy,Size: S,,,,Corro Trailer 1,0.00,0.00,0.00,140.00,0,0,0.013513514,,
2,ALL INVENTORY,1787926575498,,Eliot's Trailer,1,Solid Citizen Jessica II Gingham Equestrian Button-Down Shirt,Rider > Accessories & Apparel > Shirts,SolidCitizenJessicaIiGinghamEquestrianButtonDownShirt-Cinnamon-S,Color: Cinnamon,Size: S,,,,Corro Trailer 1,0.00,0.00,0.00,145.00,0,0,,,
0,ALL INVENTORY,1787926575498,,Eliot's Trailer,1,Solid Citizen Jessica II Gingham Equestrian Button-Down Shirt,Rider > Accessories & Apparel > Shirts,SolidCitizenJessicaIiGinghamEquestrianButtonDownShirt-Cinnamon-M,Color: Cinnamon,Size: M,,,,Corro Trailer 1,0.00,0.00,0.00,145.00,0,0,0.020833334,,
1,ALL INVENTORY,1787926575498,,Eliot's Trailer,1,Solid Citizen Jessica II Gingham Equestrian Button-Down Shirt,Rider > Accessories & Apparel > Shirts,SolidCitizenJessicaIiGinghamEquestrianButtonDownShirt-Cinnamon-L,Color: Cinnamon,Size: L,,,,Corro Trailer 1,0.00,0.00,0.00,145.00,0,0,,,
1,ALL INVENTORY,1787926575498,,Eliot's Trailer,1,Solid Citizen Jessica II Gingham Equestrian Button-Down Shirt,Rider > Accessories & Apparel > Shirts,SolidCitizenJessicaIiGinghamEquestrianButtonDownShirt-Cinnamon-XS,Color: Cinnamon,Size: XS,,,,Corro Trailer 1,0.00,0.00,0.00,145.00,0,0,0.03125,,
0,ALL INVENTORY,1787926575498,,Eliot's Trailer,1,Solid Citizen Parker Cropped Equestrian Sweater,Rider > Accessories & Apparel > Jackets,SolidCitizenParkerCroppedEquestrianSweater-Brown-L,Color: Brown,Size: L,,,,Corro Trailer 1,0.00,0.00,0.00,388.00,0,0,0.030303031,,
0,ALL INVENTORY,1787926575498,,Eliot's Trailer,1,Solid Citizen Isabel 2.0 Long-sleeve Equestrian Show Shirt,Rider > Accessories & Apparel > Shirts,SolidCitizenIsabel20LongSleeveEquestrianShowShirt-Navy-M,Color: Navy,Size: M,,,,Corro Trailer 1,0.00,0.00,0.00,140.00,0,0,0.035714287,,
0,ALL INVENTORY,1787926575498,7350171871750,Eliot's Trailer,1,Yagya Lightweight Long Sleeve,Rider > Accessories & Apparel > Shirts,1000000001191,Size: Large,Color: Slate Blue,,,,Corro Trailer 1,55.00,55.00,55.00,160.00,0,0,0.028571429,,
1,ALL INVENTORY,1787926575498,,Eliot's Trailer,1,Yagya Performance Show Jacket,Rider > Accessories & Apparel > Jackets,1000000001282,Color: Hunter Green,Size: Large,,,,Corro Trailer 1,250.00,250.00,250.00,580.00,0,0,,,
1,ALL INVENTORY,1787926575498,,Eliot's Trailer,1,Yagya Performance Show Jacket,Rider > Accessories & Apparel > Jackets,1000000001281,Color: Hunter Green,Size: Medium,,,,Corro Trailer 1,250.00,250.00,250.00,580.00,0,0,,,
0,ALL INVENTORY,1787926575498,,Eliot's Trailer,1,Yagya Performance Show Jacket,Rider > Accessories & Apparel > Jackets,1000000001266,Color: Slate Blue,Size: Small,,,,Corro Trailer 1,250.00,250.00,250.00,580.00,0,0,0.030303031,,
0,ALL INVENTORY,1787926575498,,Eliot's Trailer,1,Yagya Performance Show Jacket,Rider > Accessories & Apparel > Jackets,1000000001267,Color: Slate Blue,Size: Medium,,,,Corro Trailer 1,250.00,250.00,250.00,580.00,0,0,0.1,,
1,ALL INVENTORY,1787926575498,,Eliot's Trailer,1,Yagya Performance Show Jacket,Rider > Accessories & Apparel > Jackets,1000000001265,Color: Slate Blue,Size: XS,,,,Corro Trailer 1,250.00,250.00,250.00,580.00,0,0,,,
1,ALL INVENTORY,1787926575498,,Eliot's Trailer,1,Yagya Performance Show Jacket,Rider > Accessories & Apparel > Jackets,1000000001268,Color: Slate Blue,Size: Large,,,,Corro Trailer 1,250.00,250.00,250.00,580.00,0,0,,,
1,ALL INVENTORY,1787926575498,,Eliot's Trailer,1,Equiline Isabel - Women's Show Shirt in Technical Fabric,Rider > Accessories & Apparel > Shirts,EC018-H00504-001,Size: S,,,,,Corro Trailer 1,49.50,49.50,49.50,99.00,0,0,,,
5,ALL INVENTORY,1787926575498,290251218,Eliot's Trailer,1,Corro Equestrian Boot Bag,Rider > Bags > Boot Bags,SME001,"Size: 28.3"" x 15.4"" x 10.2""",Color: Navy,,,,Corro Trailer 1,134.49,134.49,134.49,174.99,0,0,0.26136363,,
1,,,290251218,,,Corro Equestrian Boot Bag,Rider > Bags > Boot Bags,SME001,"Size: 28.3"" x 15.4"" x 10.2""",Color: Navy,,,,Corro Trailer 1,134.49,134.49,134.49,174.99,0,0,0.26136363,,
15,ALL INVENTORY,1787926575498,084110500131,Eliot's Trailer,1,Likit Holder Refill,Horse Care > Treats & Toys > Toys & Licks,B2BAUS,Size: 650 gm,Flavor: Banana,,,,Corro Trailer 1,0.00,1.85,3.70,6.99,0,0,0.06666667,,
15,ALL INVENTORY,1787926575498,815756021243,Eliot's Trailer,1,Likit Holder Refill,Horse Care > Treats & Toys > Toys & Licks,B2APUS,Size: 650 gm,Flavor: Apple,,,,Corro Trailer 1,0.00,1.85,3.70,6.99,0,0,0.093333334,,
14,ALL INVENTORY,1787926575498,084110500117,Eliot's Trailer,1,Likit Holder Refill,Horse Care > Treats & Toys > Toys & Licks,B2NAUS,Size: 650 gm,Flavor: Molasses,,,,Corro Trailer 1,0.00,1.85,3.70,6.99,0,0,0.053333335,,
15,ALL INVENTORY,1787926575498,084110500032,Eliot's Trailer,1,Likit Holder Refill,Horse Care > Treats & Toys > Toys & Licks,B2MIUS,Size: 650 gm,Flavor: Mint,,,,Corro Trailer 1,0.00,1.85,3.70,6.99,0,0,0.053333335,,
1,ALL INVENTORY,1787926575498,"0649982245537, 649982245537",Eliot's Trailer,1,Horseware Ireland Shield Fly Mask,Horse Wear > Fly & Insect Control > Fly Masks,DCHCN1-BI00-HO,Color: Navy,Size: Horse,,,,Corro Trailer 1,20.02,20.02,20.02,43.95,0,0,0.04494382,,
1,ALL INVENTORY,1787926575498,649982245513,Eliot's Trailer,1,Horseware Ireland Shield Fly Mask,Horse Wear > Fly & Insect Control > Fly Masks,DCHCN1-BI00-PY,Color: Navy,Size: Pony,,,,Corro Trailer 1,20.02,20.02,20.02,43.95,0,0,,,
1,ALL INVENTORY,1787926575498,"0649982245520, 649982245520",Eliot's Trailer,1,Horseware Ireland Shield Fly Mask,Horse Wear > Fly & Insect Control > Fly Masks,DCHCN1-BI00-CO,Color: Navy,Size: Cob,,,,Corro Trailer 1,20.02,20.02,20.02,43.95,0,0,0.01369863,,
2,ALL INVENTORY,1787926575498,00139578,Eliot's Trailer,1,Equisite Alesia Long Sleeve Mockneck Officially Licensed FEI™ World Cup™ Finals Fort Worth 2026 Merchandise,Rider > Accessories & Apparel > Shirts,6596d5ce0b755-FEI,Color: White,Size: XS,,,,Corro Trailer 1,55.00,55.00,55.00,110.00,0,0,,,
1,ALL INVENTORY,1787926575498,00106810,Eliot's Trailer,1,Equisite Alesia Long Sleeve Mockneck Officially Licensed FEI™ World Cup™ Finals Fort Worth 2026 Merchandise,Rider > Accessories & Apparel > Shirts,sku-47110139576611-FEI,Color: Black,Size: XS,,,,Corro Trailer 1,55.00,55.00,55.00,110.00,0,0,0.013157895,,
3,ALL INVENTORY,1787926575498,01646906,Eliot's Trailer,1,Equisite Alesia Long Sleeve Mockneck Officially Licensed FEI™ World Cup™ Finals Fort Worth 2026 Merchandise,Rider > Accessories & Apparel > Shirts,6596d5ce0b759-FEI,Color: White,Size: M,,,,Corro Trailer 1,55.00,55.00,55.00,110.00,0,0,,,
2,ALL INVENTORY,1787926575498,01515834,Eliot's Trailer,1,Equisite Alesia Long Sleeve Mockneck Officially Licensed FEI™ World Cup™ Finals Fort Worth 2026 Merchandise,Rider > Accessories & Apparel > Shirts,6596d5c923cd8-FEI,Color: Black,Size: M,,,,Corro Trailer 1,55.00,55.00,55.00,110.00,0,0,0.07317073,,
2,ALL INVENTORY,1787926575498,01810746,Eliot's Trailer,1,Equisite Alesia Long Sleeve Mockneck Officially Licensed FEI™ World Cup™ Finals Fort Worth 2026 Merchandise,Rider > Accessories & Apparel > Shirts,sku-53634206531875-FEI,Color: Aubergine,Size: L,,,,Corro Trailer 1,55.00,55.00,55.00,110.00,0,0,,,
1,ALL INVENTORY,1787926575498,01581370,Eliot's Trailer,1,Equisite Alesia Long Sleeve Mockneck Officially Licensed FEI™ World Cup™ Finals Fort Worth 2026 Merchandise,Rider > Accessories & Apparel > Shirts,6596d5cc5e407-FEI,Color: Black,Size: XL,,,,Corro Trailer 1,55.00,55.00,55.00,110.00,0,0,,,
1,ALL INVENTORY,1787926575498,01843514,Eliot's Trailer,1,Equisite Alesia Long Sleeve Mockneck Officially Licensed FEI™ World Cup™ Finals Fort Worth 2026 Merchandise,Rider > Accessories & Apparel > Shirts,sku-53634206564643-FEI,Color: Aubergine,Size: XL,,,,Corro Trailer 1,55.00,55.00,55.00,110.00,0,0,0.01754386,,
1,ALL INVENTORY,1787926575498,01483066,Eliot's Trailer,1,Equisite Alesia Long Sleeve Mockneck Officially Licensed FEI™ World Cup™ Finals Fort Worth 2026 Merchandise,Rider > Accessories & Apparel > Shirts,6596d5cab0b72-FEI,Color: Black,Size: S,,,,Corro Trailer 1,55.00,55.00,55.00,110.00,0,0,0.04109589,,
2,ALL INVENTORY,1787926575498,01745210,Eliot's Trailer,1,Equisite Alesia Long Sleeve Mockneck Officially Licensed FEI™ World Cup™ Finals Fort Worth 2026 Merchandise,Rider > Accessories & Apparel > Shirts,sku-53634206466339-FEI,Color: Aubergine,Size: S,,,,Corro Trailer 1,55.00,55.00,55.00,110.00,0,0,0.025,,
0,ALL INVENTORY,1787926575498,01548602,Eliot's Trailer,1,Equisite Alesia Long Sleeve Mockneck Officially Licensed FEI™ World Cup™ Finals Fort Worth 2026 Merchandise,Rider > Accessories & Apparel > Shirts,6596d5c76b53d-FEI,Color: Black,Size: L,,,,Corro Trailer 1,55.00,55.00,55.00,110.00,0,0,0.023809524,,
2,ALL INVENTORY,1787926575498,01712442,Eliot's Trailer,1,Equisite Alesia Long Sleeve Mockneck Officially Licensed FEI™ World Cup™ Finals Fort Worth 2026 Merchandise,Rider > Accessories & Apparel > Shirts,sku-48651338318115-FEI,Color: White,Size: XL,,,,Corro Trailer 1,55.00,55.00,55.00,110.00,0,0,,,
2,ALL INVENTORY,1787926575498,01777978,Eliot's Trailer,1,Equisite Alesia Long Sleeve Mockneck Officially Licensed FEI™ World Cup™ Finals Fort Worth 2026 Merchandise,Rider > Accessories & Apparel > Shirts,sku-53634206499107-FEI,Color: Aubergine,Size: M,,,,Corro Trailer 1,55.00,55.00,55.00,110.00,0,0,,,
2,ALL INVENTORY,1787926575498,01679674,Eliot's Trailer,1,Equisite Alesia Long Sleeve Mockneck Officially Licensed FEI™ World Cup™ Finals Fort Worth 2026 Merchandise,Rider > Accessories & Apparel > Shirts,6596d5ce0b761-FEI,Color: White,Size: L,,,,Corro Trailer 1,55.00,55.00,55.00,110.00,0,0,,,
2,ALL INVENTORY,1787926575498,01614138,Eliot's Trailer,1,Equisite Alesia Long Sleeve Mockneck Officially Licensed FEI™ World Cup™ Finals Fort Worth 2026 Merchandise,Rider > Accessories & Apparel > Shirts,6596d5ce0b757-FEI,Color: White,Size: S,,,,Corro Trailer 1,55.00,55.00,55.00,110.00,0,0,0.024390243,,
1,ALL INVENTORY,1787926575498,20848954,Eliot's Trailer,1,Equisite Blaire Sleeveless Mockneck Officially Licensed FEI™ World Cup™ Finals Fort Worth 2026 Merchandise,Rider > Accessories & Apparel > Shirts,sku-53634206957859-FEI,Size: S,Color: Aubergine,,,,Corro Trailer 1,42.50,42.50,42.50,85.00,0,0,,,
1,ALL INVENTORY,1787926575498,20783418,Eliot's Trailer,1,Equisite Blaire Sleeveless Mockneck Officially Licensed FEI™ World Cup™ Finals Fort Worth 2026 Merchandise,Rider > Accessories & Apparel > Shirts,sku-53634206925091-FEI,Size: XS,Color: Aubergine,,,,Corro Trailer 1,42.50,42.50,42.50,85.00,0,0,,,
1,ALL INVENTORY,1787926575498,21012794,Eliot's Trailer,1,Equisite Blaire Sleeveless Mockneck Officially Licensed FEI™ World Cup™ Finals Fort Worth 2026 Merchandise,Rider > Accessories & Apparel > Shirts,sku-52973387940131-FEI,Size: L,Color: White,,,,Corro Trailer 1,42.50,42.50,42.50,85.00,0,0,,,
1,ALL INVENTORY,1787926575498,20947258,Eliot's Trailer,1,Equisite Blaire Sleeveless Mockneck Officially Licensed FEI™ World Cup™ Finals Fort Worth 2026 Merchandise,Rider > Accessories & Apparel > Shirts,sku-52973387874595-FEI,Size: M,Color: White,,,,Corro Trailer 1,42.50,42.50,42.50,85.00,0,0,,,
1,ALL INVENTORY,1787926575498,20881722,Eliot's Trailer,1,Equisite Blaire Sleeveless Mockneck Officially Licensed FEI™ World Cup™ Finals Fort Worth 2026 Merchandise,Rider > Accessories & Apparel > Shirts,sku-52973387809059-FEI,Size: S,Color: White,,,,Corro Trailer 1,42.50,42.50,42.50,85.00,0,0,,,
2,ALL INVENTORY,1787926575498,20914490,Eliot's Trailer,1,Equisite Blaire Sleeveless Mockneck Officially Licensed FEI™ World Cup™ Finals Fort Worth 2026 Merchandise,Rider > Accessories & Apparel > Shirts,sku-53634206990627-FEI,Size: M,Color: Aubergine,,,,Corro Trailer 1,42.50,42.50,42.50,85.00,0,0,0.024390243,,
1,ALL INVENTORY,1787926575498,26681658,Eliot's Trailer,1,Equisite Blaire Sleeveless Mockneck Officially Licensed FEI™ World Cup™ Finals Fort Worth 2026 Merchandise,Rider > Accessories & Apparel > Shirts,sku-53634207056163-FEI,Size: XL,Color: Aubergine,,,,Corro Trailer 1,42.50,42.50,42.50,85.00,0,0,,,
1,ALL INVENTORY,1787926575498,26714426,Eliot's Trailer,1,Equisite Blaire Sleeveless Mockneck Officially Licensed FEI™ World Cup™ Finals Fort Worth 2026 Merchandise,Rider > Accessories & Apparel > Shirts,sku-52973388005667-FEI,Size: XL,Color: White,,,,Corro Trailer 1,42.50,42.50,42.50,85.00,0,0,,,
2,ALL INVENTORY,1787926575498,180434000644,Eliot's Trailer,1,Kentucky Performance Elevate Maintenance Powder,Horse Care > Supplements > Vitamins & Minerals,14526-3,Size: 3 Pound Pellets,,,LOT# 0001241022,2027-09-01,Corro Trailer 1,33.17,33.17,33.17,51.57,0,0,,,
1,ALL INVENTORY,1787926575498,,Eliot's Trailer,1,Equiline Grafton B-MOVE - Men's Knee Patch Riding Breeches in B-Move Fabric,Rider > Accessories & Apparel > Breeches,EC018-N08200-005-56,Color: Beige,Size: 56,,,,Corro Trailer 1,190.00,190.00,190.00,379.00,0,0,,,
1,ALL INVENTORY,1787926575498,01751354,Eliot's Trailer,1,Equisite Alesia Shirt IN STORE,Rider > Accessories & Apparel > Shirts,CORRO-47757021413667,Size: M,Color: Bellini,,,,Corro Trailer 1,58.80,58.80,58.80,98.00,0,0,,,
3,ALL INVENTORY,1787926575498,02308410,Eliot's Trailer,1,Equisite Alesia Shirt IN STORE,Rider > Accessories & Apparel > Shirts,CORRO-6596d5c7e8c01,Size: L,Color: Tuscany,,,,Corro Trailer 1,58.80,58.80,58.80,98.00,0,0,,,
1,ALL INVENTORY,1787926575498,00801082,Eliot's Trailer,1,Equisite Alesia Shirt IN STORE,Rider > Accessories & Apparel > Shirts,CORRO-6596d5cd7cd3e,Size: XS,Color: Amalfi,,,,Corro Trailer 1,58.80,58.80,58.80,98.00,0,0,0.023809524,,
2,ALL INVENTORY,1787926575498,00833850,Eliot's Trailer,1,Equisite Alesia Shirt IN STORE,Rider > Accessories & Apparel > Shirts,CORRO-6596d5ce99303,Size: XS,Color: Tuscany,,,,Corro Trailer 1,58.80,58.80,58.80,98.00,0,0,,,
2,ALL INVENTORY,1787926575498,01587514,Eliot's Trailer,1,Equisite Alesia Shirt IN STORE,Rider > Accessories & Apparel > Shirts,CORRO-51085713244451,Size: M,Color: Eucalyptus,,,,Corro Trailer 1,58.80,58.80,58.80,98.00,0,0,,,
3,ALL INVENTORY,1787926575498,99654202,Eliot's Trailer,1,Equisite Alesia Shirt IN STORE,Rider > Accessories & Apparel > Shirts,CORRO-51085713375523,Size: XL,Color: Eucalyptus,,,,Corro Trailer 1,0.00,0.00,0.00,98.00,0,0,,,
2,ALL INVENTORY,1787926575498,01784122,Eliot's Trailer,1,Equisite Alesia Shirt IN STORE,Rider > Accessories & Apparel > Shirts,CORRO-6596d5c89d84f,Size: M,Color: Amalfi,,,,Corro Trailer 1,58.80,58.80,58.80,98.00,0,0,,,
1,ALL INVENTORY,1787926575498,00637242,Eliot's Trailer,1,Equisite Alesia Shirt IN STORE,Rider > Accessories & Apparel > Shirts,CORRO-49540107141411,Size: XS,Color: Midnight Blue,,,,Corro Trailer 1,58.80,58.80,58.80,98.00,0,0,0.05,,
3,ALL INVENTORY,1787926575498,01849658,Eliot's Trailer,1,Equisite Alesia Shirt IN STORE,Rider > Accessories & Apparel > Shirts,CORRO-6596d5ce0b760,Size: L,Color: Lilac,,,,Corro Trailer 1,58.80,58.80,58.80,98.00,0,0,,,
3,ALL INVENTORY,1787926575498,01816890,Eliot's Trailer,1,Equisite Alesia Shirt IN STORE,Rider > Accessories & Apparel > Shirts,CORRO-6596d5c9a51f7,Size: M,Color: Tuscany,,,,Corro Trailer 1,58.80,58.80,58.80,98.00,0,0,,,
0,ALL INVENTORY,1787926575498,00473402,Eliot's Trailer,1,Equisite Alesia Shirt IN STORE,Rider > Accessories & Apparel > Shirts,CORRO-47757021217059,Size: XS,Color: Powder Blue,,,,Corro Trailer 1,58.80,58.80,58.80,98.00,0,0,0.024390243,,
2,ALL INVENTORY,1787926575498,02079034,Eliot's Trailer,1,Equisite Alesia Shirt IN STORE,Rider > Accessories & Apparel > Shirts,CORRO-51085713309987,Size: L,Color: Eucalyptus,,,,Corro Trailer 1,58.80,58.80,58.80,98.00,0,0,,,
0,ALL INVENTORY,1787926575498,01521978,Eliot's Trailer,1,Equisite Alesia Shirt IN STORE,Rider > Accessories & Apparel > Shirts,CORRO-51085713277219,Size: M,Color: Graphite Grey,,,,Corro Trailer 1,58.80,58.80,58.80,98.00,0,0,0.025,,
2,ALL INVENTORY,1787926575498,99785274,Eliot's Trailer,1,Equisite Alesia Shirt IN STORE,Rider > Accessories & Apparel > Shirts,CORRO-47110140035363,Size: XL,Color: Tuscany,,,,Corro Trailer 1,0.00,0.00,0.00,98.00,0,0,,,
0,ALL INVENTORY,1787926575498,00604474,Eliot's Trailer,1,Equisite Alesia Shirt IN STORE,Rider > Accessories & Apparel > Shirts,CORRO-51085713113379,Size: XS,Color: Eucalyptus,,,,Corro Trailer 1,58.80,58.80,58.80,98.00,0,0,0.05,,
0,ALL INVENTORY,1787926575498,02013498,Eliot's Trailer,1,Equisite Alesia Shirt IN STORE,Rider > Accessories & Apparel > Shirts,CORRO-51085713342755,Size: L,Color: Graphite Grey,,,,Corro Trailer 1,58.80,58.80,58.80,98.00,0,0,0.029411765,,
1,ALL INVENTORY,1787926575498,01620282,Eliot's Trailer,1,Equisite Alesia Shirt IN STORE,Rider > Accessories & Apparel > Shirts,CORRO-49540107305251,Size: M,Color: Midnight Blue,,,,Corro Trailer 1,58.80,58.80,58.80,98.00,0,0,0.030303031,,
1,ALL INVENTORY,1787926575498,99686970,Eliot's Trailer,1,Equisite Alesia Shirt IN STORE,Rider > Accessories & Apparel > Shirts,CORRO-51085713408291,Size: XL,Color: Graphite Grey,,,,Corro Trailer 1,0.00,0.00,0.00,98.00,0,0,,,
2,ALL INVENTORY,1787926575498,02439482,Eliot's Trailer,1,Equisite Alesia Shirt IN STORE,Rider > Accessories & Apparel > Shirts,CORRO-47757021511971,Size: XL,Color: Powder Blue,,,,Corro Trailer 1,58.80,58.80,58.80,98.00,0,0,,,
1,ALL INVENTORY,1787926575498,01947962,Eliot's Trailer,1,Equisite Alesia Shirt IN STORE,Rider > Accessories & Apparel > Shirts,CORRO-47757021446435,Size: L,Color: Powder Blue,,,,Corro Trailer 1,58.80,58.80,58.80,98.00,0,0,0.03125,,
0,ALL INVENTORY,1787926575498,01030458,Eliot's Trailer,1,Equisite Alesia Shirt IN STORE,Rider > Accessories & Apparel > Shirts,CORRO-51085713211683,Size: S,Color: Graphite Grey,,,,Corro Trailer 1,58.80,58.80,58.80,98.00,0,0,0.024390243,,
2,ALL INVENTORY,1787926575498,99621434,Eliot's Trailer,1,Equisite Alesia Shirt IN STORE,Rider > Accessories & Apparel > Shirts,CORRO-49540107436323,Size: XL,Color: Midnight Blue,,,,Corro Trailer 1,0.00,0.00,0.00,98.00,0,0,,,
2,ALL INVENTORY,1787926575498,02111802,Eliot's Trailer,1,Equisite Alesia Shirt IN STORE,Rider > Accessories & Apparel > Shirts,CORRO-49540107370787,Size: L,Color: Midnight Blue,,,,Corro Trailer 1,58.80,58.80,58.80,98.00,0,0,,,
2,ALL INVENTORY,1787926575498,99818042,Eliot's Trailer,1,Equisite Alesia Shirt IN STORE,Rider > Accessories & Apparel > Shirts,CORRO-47110140002595,Size: XL,Color: Amalfi,,,,Corro Trailer 1,0.00,0.00,0.00,98.00,0,0,,,
2,ALL INVENTORY,1787926575498,01095994,Eliot's Trailer,1,Equisite Alesia Shirt IN STORE,Rider > Accessories & Apparel > Shirts,CORRO-51085713178915,Size: S,Color: Eucalyptus,,,,Corro Trailer 1,58.80,58.80,58.80,98.00,0,0,,,
3,ALL INVENTORY,1787926575498,01325370,Eliot's Trailer,1,Equisite Alesia Shirt IN STORE,Rider > Accessories & Apparel > Shirts,CORRO-6596d5cb440ff,Size: S,Color: Tuscany,,,,Corro Trailer 1,58.80,58.80,58.80,98.00,0,0,,,
2,ALL INVENTORY,1787926575498,01292602,Eliot's Trailer,1,Equisite Alesia Shirt IN STORE,Rider > Accessories & Apparel > Shirts,CORRO-6596d5ca300ea,Size: S,Color: Amalfi,,,,Corro Trailer 1,58.80,58.80,58.80,98.00,0,0,,,
1,ALL INVENTORY,1787926575498,01128762,Eliot's Trailer,1,Equisite Alesia Shirt IN STORE,Rider > Accessories & Apparel > Shirts,CORRO-49540107206947,Size: S,Color: Midnight Blue,,,,Corro Trailer 1,58.80,58.80,58.80,98.00,0,0,0.012345679,,
2,ALL INVENTORY,1787926575498,01358138,Eliot's Trailer,1,Equisite Alesia Shirt IN STORE,Rider > Accessories & Apparel > Shirts,CORRO-6596d5ce0b758,Size: M,Color: Lilac,,,,Corro Trailer 1,58.80,58.80,58.80,98.00,0,0,0.024390243,,
2,ALL INVENTORY,1787926575498,02341178,Eliot's Trailer,1,Equisite Alesia Shirt IN STORE,Rider > Accessories & Apparel > Shirts,CORRO-48651338285347,Size: XL,Color: Lilac,,,,Corro Trailer 1,0.00,0.00,0.00,98.00,0,0,,,
3,ALL INVENTORY,1787926575498,02275642,Eliot's Trailer,1,Equisite Alesia Shirt IN STORE,Rider > Accessories & Apparel > Shirts,CORRO-6596d5c6d5952,Size: L,Color: Amalfi,,,,Corro Trailer 1,58.80,58.80,58.80,98.00,0,0,0.024390243,,
0,ALL INVENTORY,1787926575498,00538938,Eliot's Trailer,1,Equisite Alesia Shirt IN STORE,Rider > Accessories & Apparel > Shirts,CORRO-51085713146147,Size: XS,Color: Graphite Grey,,,,Corro Trailer 1,58.80,58.80,58.80,98.00,0,0,0.05,,
0,ALL INVENTORY,1787926575498,BH20010008,Eliot's Trailer,1,Bhoof Eyewear 3 Slim Sport,Rider > Accessories & Apparel > Eyewear,BH20010008,Color: Black,,,,,Corro Trailer 1,148.00,148.00,148.00,269.00,0,0,,,
2,ALL INVENTORY,1787926575498,7340220700629,Eliot's Trailer,1,Bhoof Saddle Pad 1 - Classic,Tack & Equipment > English Saddle Pads > All Purpose & Hunter/Jumper Saddle Pads,BH10100004,Color: Black,Size: XFull,,,,Corro Trailer 1,104.00,104.00,104.00,189.00,0,0,,,
1,ALL INVENTORY,1787926575498,7340220700599,Eliot's Trailer,1,Bhoof Saddle Pad 1 - Classic,Tack & Equipment > English Saddle Pads > All Purpose & Hunter/Jumper Saddle Pads,BH10100001,Color: Navy,Size: Full,,,,Corro Trailer 1,104.00,104.00,104.00,189.00,0,0,,,
2,ALL INVENTORY,1787926575498,7340220700643,Eliot's Trailer,1,Bhoof Saddle Pad 1 - Classic,Tack & Equipment > English Saddle Pads > All Purpose & Hunter/Jumper Saddle Pads,BH10100006,Color: Grey,Size: XFull,,,,Corro Trailer 1,104.00,104.00,104.00,189.00,0,0,,,
2,ALL INVENTORY,1787926575498,7340220700605,Eliot's Trailer,1,Bhoof Saddle Pad 1 - Classic,Tack & Equipment > English Saddle Pads > All Purpose & Hunter/Jumper Saddle Pads,BH10100002,Color: Navy,Size: XFull,,,,Corro Trailer 1,104.00,104.00,104.00,189.00,0,0,,,
1,ALL INVENTORY,1787926575498,7340220700612,Eliot's Trailer,1,Bhoof Saddle Pad 1 - Classic,Tack & Equipment > English Saddle Pads > All Purpose & Hunter/Jumper Saddle Pads,BH10100003,Color: Black,Size: Full,,,,Corro Trailer 1,104.00,104.00,104.00,189.00,0,0,0.028571429,,
1,ALL INVENTORY,1787926575498,7340220700650,Eliot's Trailer,1,Bhoof Saddle Pad 1 - Classic,Tack & Equipment > English Saddle Pads > All Purpose & Hunter/Jumper Saddle Pads,BH10100007,Color: Sand,Size: Full,,,,Corro Trailer 1,104.00,104.00,104.00,189.00,0,0,,,
2,ALL INVENTORY,1787926575498,7340220700636,Eliot's Trailer,1,Bhoof Saddle Pad 1 - Classic,Tack & Equipment > English Saddle Pads > All Purpose & Hunter/Jumper Saddle Pads,BH10100005,Color: Grey,Size: Full,,,,Corro Trailer 1,104.00,104.00,104.00,189.00,0,0,,,
2,ALL INVENTORY,1787926575498,7340220702531,Eliot's Trailer,1,Bhoof Saddle Pad 2 - Training,Tack & Equipment > English Saddle Pads > All Purpose & Hunter/Jumper Saddle Pads,BH10100011,Color: Black,Size: Full,,,,Corro Trailer 1,120.00,120.00,120.00,219.00,0,0,,,
1,ALL INVENTORY,1787926575498,7340220701664,Eliot's Trailer,1,Bhoof Halter 2 Mesh with lead rope,Tack & Equipment > Halters & Leads > Halters > Nylon & Rope Halters,BH10080010,Color: Black,Size: Pony,,,,Corro Trailer 1,38.00,38.00,38.00,69.00,0,0,,,
1,ALL INVENTORY,1787926575498,7340220701671,Eliot's Trailer,1,Bhoof Halter 2 Mesh with lead rope,Tack & Equipment > Halters & Leads > Halters > Nylon & Rope Halters,BH10080011,Color: Black,Size: Cob,,,,Corro Trailer 1,38.00,38.00,38.00,69.00,0,0,,,
1,ALL INVENTORY,1787926575498,7340220701695,Eliot's Trailer,1,Bhoof Halter 2 Mesh with lead rope,Tack & Equipment > Halters & Leads > Halters > Nylon & Rope Halters,BH10080013,Color: Black,Size: XFull,,,,Corro Trailer 1,38.00,38.00,38.00,69.00,0,0,,,
3,ALL INVENTORY,1787926575498,7340220701688,Eliot's Trailer,1,Bhoof Halter 2 Mesh with lead rope,Tack & Equipment > Halters & Leads > Halters > Nylon & Rope Halters,BH10080012,Color: Black,Size: Full,,,,Corro Trailer 1,38.00,38.00,38.00,69.00,0,0,,,
1,ALL INVENTORY,1787926575498,7350171874652,Eliot's Trailer,1,Yagya Leather Buckle Belt,Rider > Accessories & Apparel > Belts,1000000001462,Color: Black,Size: M/L,,,,Corro Trailer 1,90.00,90.00,90.00,190.00,0,0,,,
1,ALL INVENTORY,1787926575498,7350144777232,Eliot's Trailer,1,Yagya Leather Buckle Belt,Rider > Accessories & Apparel > Belts,1000000000718,Color: Brown,Size: M/L,,,,Corro Trailer 1,90.00,90.00,90.00,190.00,0,0,,,
1,ALL INVENTORY,1787926575498,7350171874843,Eliot's Trailer,1,Yagya Lightweight Long Sleeve,Rider > Accessories & Apparel > Shirts,1000000001481,Size: Large,Color: Fog,,,,Corro Trailer 1,55.00,55.00,55.00,160.00,0,0,,,
1,ALL INVENTORY,1787926575498,7350171871651,Eliot's Trailer,1,Yagya Lightweight Long Sleeve,Rider > Accessories & Apparel > Shirts,1000000001182,Size: Small,Color: Camel,,,,Corro Trailer 1,55.00,55.00,55.00,160.00,0,0,,,
1,ALL INVENTORY,1787926575498,7350171871675,Eliot's Trailer,1,Yagya Lightweight Long Sleeve,Rider > Accessories & Apparel > Shirts,1000000001184,Size: Large,Color: Camel,,,,Corro Trailer 1,55.00,55.00,55.00,160.00,0,0,,,
0,ALL INVENTORY,1787926575498,7350171874829,Eliot's Trailer,1,Yagya Lightweight Long Sleeve,Rider > Accessories & Apparel > Shirts,1000000001479,Size: Small,Color: Fog,,,,Corro Trailer 1,55.00,55.00,55.00,160.00,0,0,0.025641026,,
1,ALL INVENTORY,1787926575498,7350171874836,Eliot's Trailer,1,Yagya Lightweight Long Sleeve,Rider > Accessories & Apparel > Shirts,1000000001480,Size: Medium,Color: Fog,,,,Corro Trailer 1,55.00,55.00,55.00,160.00,0,0,,,
0,ALL INVENTORY,1787926575498,7350171871668,Eliot's Trailer,1,Yagya Lightweight Long Sleeve,Rider > Accessories & Apparel > Shirts,1000000001183,Size: Medium,Color: Camel,,,,Corro Trailer 1,55.00,55.00,55.00,160.00,0,0,0.025641026,,
0,ALL INVENTORY,1787926575498,7350171874812,Eliot's Trailer,1,Yagya Lightweight Long Sleeve,Rider > Accessories & Apparel > Shirts,1000000001478,Size: XS,Color: Fog,,,,Corro Trailer 1,55.00,55.00,55.00,160.00,0,0,0.04,,
1,ALL INVENTORY,1787926575498,7350171874355,Eliot's Trailer,1,Yagya Timeless Short Sleeve Show Shirt,Rider > Accessories & Apparel > Shirts,1000000001437,Size: Large,Color: White/White,,,,Corro Trailer 1,90.00,90.00,90.00,180.00,0,0,,,
1,ALL INVENTORY,1787926575498,7350171874331,Eliot's Trailer,1,Yagya Timeless Short Sleeve Show Shirt,Rider > Accessories & Apparel > Shirts,1000000001435,Size: Small,Color: White/White,,,,Corro Trailer 1,90.00,90.00,90.00,180.00,0,0,,,
0,ALL INVENTORY,1787926575498,7350171874324,Eliot's Trailer,1,Yagya Timeless Short Sleeve Show Shirt,Rider > Accessories & Apparel > Shirts,1000000001434,Size: XS,Color: White/White,,,,Corro Trailer 1,90.00,90.00,90.00,180.00,0,0,0.023809524,,
1,ALL INVENTORY,1787926575498,7350171874348,Eliot's Trailer,1,Yagya Timeless Short Sleeve Show Shirt,Rider > Accessories & Apparel > Shirts,1000000001436,Size: Medium,Color: White/White,,,,Corro Trailer 1,90.00,90.00,90.00,180.00,0,0,,,
1,ALL INVENTORY,1787926575498,7350171873457,Eliot's Trailer,1,Yagya AirTech Half Zip,Rider > Accessories & Apparel > Shirts,1000000001347,Color: White/White,Size: XS,,,,Corro Trailer 1,65.00,65.00,65.00,140.00,0,0,,,
0,ALL INVENTORY,1787926575498,7350171873464,Eliot's Trailer,1,Yagya AirTech Half Zip,Rider > Accessories & Apparel > Shirts,1000000001348,Color: White/White,Size: Small,,,,Corro Trailer 1,65.00,65.00,65.00,140.00,0,0,,,
0,ALL INVENTORY,1787926575498,7350171873471,Eliot's Trailer,1,Yagya AirTech Half Zip,Rider > Accessories & Apparel > Shirts,1000000001349,Color: White/White,Size: Medium,,,,Corro Trailer 1,65.00,65.00,65.00,140.00,0,0,0.023809524,,
0,ALL INVENTORY,1787926575498,7350171873488,Eliot's Trailer,1,Yagya AirTech Half Zip,Rider > Accessories & Apparel > Shirts,1000000001350,Color: White/White,Size: Large,,,,Corro Trailer 1,65.00,65.00,65.00,140.00,0,0,0.028571429,,
1,ALL INVENTORY,1787926575498,7350171873389,Eliot's Trailer,1,Yagya AirTech Half Zip,Rider > Accessories & Apparel > Shirts,1000000001340,Color: Black/Black,Size: XS,,,,Corro Trailer 1,65.00,65.00,65.00,140.00,0,0,,,
1,ALL INVENTORY,1787926575498,7350171873396,Eliot's Trailer,1,Yagya AirTech Half Zip,Rider > Accessories & Apparel > Shirts,1000000001341,Color: Black/Black,Size: Small,,,,Corro Trailer 1,65.00,65.00,65.00,140.00,0,0,,,
0,ALL INVENTORY,1787926575498,7350171873402,Eliot's Trailer,1,Yagya AirTech Half Zip,Rider > Accessories & Apparel > Shirts,1000000001342,Color: Black/Black,Size: Medium,,,,Corro Trailer 1,65.00,65.00,65.00,140.00,0,0,0.029411765,,
18,ALL INVENTORY,1787926575498,,Eliot's Trailer,1,Equestrian Wellness Mineral Sun Stick,Rider > Accessories & Apparel > Accessories,MSS,Size: .35 ounces,,,,,Corro Trailer 1,9.00,9.00,9.00,18.00,0,0,0.06,,
0,ALL INVENTORY,1787926575498,7350171873297,Eliot's Trailer,1,Yagya Signature Belt,Rider > Accessories & Apparel > Belts,1000000001331,Size: XS/S,Color: Black/Gold,,,,Corro Trailer 1,120.00,120.00,120.00,260.00,0,0,,,
1,ALL INVENTORY,1787926575498,7350171873310,Eliot's Trailer,1,Yagya Signature Belt,Rider > Accessories & Apparel > Belts,1000000001333,Size: XS/S,Color: Brown/Silver,,,,Corro Trailer 1,120.00,120.00,120.00,260.00,0,0,,,
1,ALL INVENTORY,1787926575498,7350171873303,Eliot's Trailer,1,Yagya Signature Belt,Rider > Accessories & Apparel > Belts,1000000001332,Size: M/L,Color: Black/Gold,,,,Corro Trailer 1,120.00,120.00,120.00,260.00,0,0,,,
1,ALL INVENTORY,1787926575498,7350171873327,Eliot's Trailer,1,Yagya Signature Belt,Rider > Accessories & Apparel > Belts,1000000001334,Size: M/L,Color: Brown/Silver,,,,Corro Trailer 1,120.00,120.00,120.00,260.00,0,0,,,
1,ALL INVENTORY,1787926575498,7350171874188,Eliot's Trailer,1,Yagya Half Zip Short Sleeve,Rider > Accessories & Apparel > Shirts,1000000001420,Color: Navy,Size: XS,,,,Corro Trailer 1,85.00,85.00,85.00,180.00,0,0,,,
1,ALL INVENTORY,1787926575498,7350171874195,Eliot's Trailer,1,Yagya Half Zip Short Sleeve,Rider > Accessories & Apparel > Shirts,1000000001421,Color: Navy,Size: S,,,,Corro Trailer 1,85.00,85.00,85.00,180.00,0,0,,,
2,ALL INVENTORY,1787926575498,7350171874621,Eliot's Trailer,1,Yagya Riding Sock,Rider > Accessories & Apparel > Socks,1000000001459,Color: Navy,Size: One Size,,,,Corro Trailer 1,22.00,22.00,22.00,45.00,0,0,,,
1,ALL INVENTORY,1787926575498,7350171874041,Eliot's Trailer,1,Yagya Half Zip Long Sleeve,Rider > Accessories & Apparel > Shirts,1000000001406,Color: Navy,Size: XS,,,,Corro Trailer 1,95.00,95.00,95.00,200.00,0,0,,,
1,ALL INVENTORY,1787926575498,7350171874058,Eliot's Trailer,1,Yagya Half Zip Long Sleeve,Rider > Accessories & Apparel > Shirts,1000000001407,Color: Navy,Size: S,,,,Corro Trailer 1,95.00,95.00,95.00,200.00,0,0,,,
1,ALL INVENTORY,1787926575498,7350171874065,Eliot's Trailer,1,Yagya Half Zip Long Sleeve,Rider > Accessories & Apparel > Shirts,1000000001408,Color: Navy,Size: M,,,,Corro Trailer 1,95.00,95.00,95.00,200.00,0,0,,,
1,ALL INVENTORY,1787926575498,7350171874201,Eliot's Trailer,1,Yagya Half Zip Short Sleeve,Rider > Accessories & Apparel > Shirts,1000000001422,Color: Navy,Size: M,,,,Corro Trailer 1,85.00,85.00,85.00,180.00,0,0,,,
9,ALL INVENTORY,1787926575498,"42701114, 42701114",Eliot's Trailer,1,Show the Bows - Kentucky Blues Bows,Rider > Accessories & Apparel > Accessories,PFBOW25,Title: Default Title,,,,,Corro Trailer 1,48.75,48.75,48.75,69.99,0,0,,,
1,ALL INVENTORY,1787926575498,,Eliot's Trailer,1,Solid Citizen Jessica Seersucker Equestrian Button-Down Shirt,Rider > Accessories & Apparel > Shirts,SolidCitizenJessicaSeersuckerEquestrianButtonDownShirt-Ivory-XS,Color: Ivory,Size: XS,,,,Corro Trailer 1,0.00,0.00,0.00,145.00,0,0,0.03125,,
0,ALL INVENTORY,1787926575498,,Eliot's Trailer,1,Solid Citizen Jessica Seersucker Equestrian Button-Down Shirt,Rider > Accessories & Apparel > Shirts,SolidCitizenJessicaSeersuckerEquestrianButtonDownShirt-Ivory-M,Color: Ivory,Size: M,,,,Corro Trailer 1,0.00,0.00,0.00,145.00,0,0,0.020833334,,
1,ALL INVENTORY,1787926575498,,Eliot's Trailer,1,Solid Citizen Jessica Seersucker Equestrian Button-Down Shirt,Rider > Accessories & Apparel > Shirts,SolidCitizenJessicaSeersuckerEquestrianButtonDownShirt-Ivory-L,Color: Ivory,Size: L,,,,Corro Trailer 1,0.00,0.00,0.00,145.00,0,0,,,
-2,,,,,,EnviroEquine Enriched Shampoo IN STORE,"Horse Care > Grooming & Bathing > Shampoos, Conditioners, & Sprays > Shampoos",EEENSH004OZ,Size: 4 Ounces,,,,,Corro Trailer 1,5.80,5.80,5.80,8.95,0,0,0.05882353,,
-1,,,691037928209,,,EnviroEquine Enriched Shampoo IN STORE,"Horse Care > Grooming & Bathing > Shampoos, Conditioners, & Sprays > Shampoos",C-EEENSH032OZ,Size: 32 Ounces,,,,,Corro Trailer 1,22.75,22.75,22.75,34.95,0,0,0.025641026,,
-2,,,691037927967,,,EnviroEquine Show Ring Ready Shampoo IN STORE,"Horse Care > Grooming & Bathing > Shampoos, Conditioners, & Sprays > Shampoos",C-691037928002,Size: 32 Ounces,,,,,Corro Trailer 1,22.72,22.72,22.72,34.95,0,0,0.04761905,,
2,ALL INVENTORY,1787926575498,"541034728185, 541034728185",Eliot's Trailer,1,Cavalor Strucies Healthy Horse Snacks,Horse Care > Treats & Toys > Treats,82696409,Size: 1.5 Kilograms,,,Lot# LL241,2027-02-28,Corro Trailer 1,13.45,13.45,13.45,21.35,0,0,0.024390243,,
1,ALL INVENTORY,1787926575498,62150714,Eliot's Trailer,1,TKEQ Sculpt Breeches,Rider > Accessories & Apparel > Breeches,sculptBREECH-cairo-24,Color: Cairo,Size: 24,,,,Corro Trailer 1,95.00,95.00,95.00,199.00,0,0,,,
1,ALL INVENTORY,1787926575498,62183482,Eliot's Trailer,1,TKEQ Sculpt Breeches,Rider > Accessories & Apparel > Breeches,sculptBREECH-cairo-26,Color: Cairo,Size: 26,,,,Corro Trailer 1,95.00,95.00,95.00,199.00,0,0,,,
1,ALL INVENTORY,1787926575498,62216250,Eliot's Trailer,1,TKEQ Sculpt Breeches,Rider > Accessories & Apparel > Breeches,sculptBREECH-cairo-28,Color: Cairo,Size: 28,,,,Corro Trailer 1,95.00,95.00,95.00,199.00,0,0,,,
1,ALL INVENTORY,1787926575498,62249018,Eliot's Trailer,1,TKEQ Sculpt Breeches,Rider > Accessories & Apparel > Breeches,sculptBREECH-cairo-30,Color: Cairo,Size: 30,,,,Corro Trailer 1,95.00,95.00,95.00,199.00,0,0,,,
1,ALL INVENTORY,1787926575498,62281786,Eliot's Trailer,1,TKEQ Sculpt Breeches,Rider > Accessories & Apparel > Breeches,sculptBREECH-cairo-32,Color: Cairo,Size: 32,,,,Corro Trailer 1,95.00,95.00,95.00,199.00,0,0,,,
1,ALL INVENTORY,1787926575498,70703162,Eliot's Trailer,1,TKEQ Kennedy Seamless 2.0 Long Sleeve,Rider > Accessories & Apparel > Shirts,Ken-2.0-LS-L/XL-candy,Size: XS/S,Color: Iced Out,,,,Corro Trailer 1,41.00,41.00,41.00,85.00,0,0,,,
1,ALL INVENTORY,1787926575498,70735930,Eliot's Trailer,1,TKEQ Kennedy Seamless 2.0 Long Sleeve,Rider > Accessories & Apparel > Shirts,Ken-2.0-LS-XSS-candy,Size: XS/S,Color: Candy,,,,Corro Trailer 1,41.00,41.00,41.00,85.00,0,0,0.025641026,,
2,ALL INVENTORY,1787926575498,70768698,Eliot's Trailer,1,TKEQ Kennedy Seamless 2.0 Long Sleeve,Rider > Accessories & Apparel > Shirts,Ken-2.0-LS-SM-ice,Size: S/M,Color: Iced Out,,,,Corro Trailer 1,41.00,41.00,41.00,85.00,0,0,,,
2,ALL INVENTORY,1787926575498,70801466,Eliot's Trailer,1,TKEQ Kennedy Seamless 2.0 Long Sleeve,Rider > Accessories & Apparel > Shirts,Ken-2.0-LS-SM-candy,Size: S/M,Color: Candy,,,,Corro Trailer 1,41.00,41.00,41.00,85.00,0,0,,,
2,ALL INVENTORY,1787926575498,70834234,Eliot's Trailer,1,TKEQ Kennedy Seamless 2.0 Long Sleeve,Rider > Accessories & Apparel > Shirts,Ken-2.0-LS-ML-ice,Size: M/L,Color: Iced Out,,,,Corro Trailer 1,41.00,41.00,41.00,85.00,0,0,0.020408163,,
2,ALL INVENTORY,1787926575498,70867002,Eliot's Trailer,1,TKEQ Kennedy Seamless 2.0 Long Sleeve,Rider > Accessories & Apparel > Shirts,Ken-2.0-LS-ML-candy,Size: M/L,Color: Candy,,,,Corro Trailer 1,41.00,41.00,41.00,85.00,0,0,,,
1,ALL INVENTORY,1787926575498,70899770,Eliot's Trailer,1,TKEQ Kennedy Seamless 2.0 Long Sleeve,Rider > Accessories & Apparel > Shirts,Ken-2.0-LS-L/XL-ice,Size: L/XL,Color: Iced Out,,,,Corro Trailer 1,41.00,41.00,41.00,85.00,0,0,,,
1,ALL INVENTORY,1787926575498,70932538,Eliot's Trailer,1,TKEQ Kennedy Seamless 2.0 Long Sleeve,Rider > Accessories & Apparel > Shirts,Ken-2.0-LS-L/XL-candy,Size: L/XL,Color: Candy,,,,Corro Trailer 1,41.00,41.00,41.00,85.00,0,0,,,
4,ALL INVENTORY,1787926575498,025784300603,Eliot's Trailer,1,Fiebing's 100% Pure Neatsfoot Oil,Tack & Equipment > Leather Care,088-30060,Size: 32 Ounces,,,,,Corro Trailer 1,13.44,13.44,13.44,24.19,0,0,,,
5,ALL INVENTORY,1787926575498,,Eliot's Trailer,1,Poseidon Stress Paste,Horse Care > Supplements > Calming & Focus,POS-STRESS-ST,Size: Single Tube,,,,,Corro Trailer 1,16.63,16.63,16.63,26.00,0,0,,,
1,ALL INVENTORY,1787926575498,,Eliot's Trailer,1,Poseidon Digestive HP,Horse Care > Supplements > Digestive & Gut Health,POS-DIGESTHP-10,Size: 10 Pound,,,,,Corro Trailer 1,93.10,93.10,93.10,133.00,0,0,0.025,,
2,ALL INVENTORY,1787926575498,,Eliot's Trailer,1,Poseidon MetaboLize,Horse Care > Supplements > Metabolic,PoseidonMetabolize-180g,Size: 180g,,,,,Corro Trailer 1,98.00,98.00,98.00,140.00,0,0,,,
1,Cycle Counts,1784643477553,,Eliot's Trailer,1,Eloveá Quito Waterproof Leather Stable Boots by Jake Adams Equestrian,Rider > Footwear > Boots,PB-QUITO-35,Size: 35,,,,,Corro Trailer 1,158.95,158.95,158.95,289.00,0,0,,,
1,Cycle Counts,1784643477553,,Eliot's Trailer,1,Eloveá Quito Waterproof Leather Stable Boots by Jake Adams Equestrian,Rider > Footwear > Boots,PB-QUITO-36,Size: 36,,,,,Corro Trailer 1,158.95,158.95,158.95,289.00,0,0,,,
1,Cycle Counts,1784643477553,,Eliot's Trailer,1,Eloveá Quito Waterproof Leather Stable Boots by Jake Adams Equestrian,Rider > Footwear > Boots,PB-QUITO-37,Size: 37,,,,,Corro Trailer 1,158.95,158.95,158.95,289.00,0,0,,,
2,Cycle Counts,1784643477553,,Eliot's Trailer,1,Eloveá Quito Waterproof Leather Stable Boots by Jake Adams Equestrian,Rider > Footwear > Boots,PB-QUITO-38,Size: 38,,,,,Corro Trailer 1,158.95,158.95,158.95,289.00,0,0,,,
2,Cycle Counts,1784643477553,,Eliot's Trailer,1,Eloveá Quito Waterproof Leather Stable Boots by Jake Adams Equestrian,Rider > Footwear > Boots,PB-QUITO-39,Size: 39,,,,,Corro Trailer 1,158.95,158.95,158.95,289.00,0,0,0.025,,
1,Cycle Counts,1784643477553,,Eliot's Trailer,1,Eloveá Quito Waterproof Leather Stable Boots by Jake Adams Equestrian,Rider > Footwear > Boots,PB-QUITO-40,Size: 40,,,,,Corro Trailer 1,158.95,158.95,158.95,289.00,0,0,0.02631579,,
1,Cycle Counts,1784643477553,,Eliot's Trailer,1,Eloveá Quito Waterproof Leather Stable Boots by Jake Adams Equestrian,Rider > Footwear > Boots,PB-QUITO-41,Size: 41,,,,,Corro Trailer 1,158.95,158.95,158.95,289.00,0,0,0.025641026,,
1,Cycle Counts,1784643477553,,Eliot's Trailer,1,Eloveá Quito Waterproof Leather Stable Boots by Jake Adams Equestrian,Rider > Footwear > Boots,PB-QUITO-44,Size: 44,,,,,Corro Trailer 1,158.95,158.95,158.95,289.00,0,0,,,
1,Cycle Counts,1784643477553,,Eliot's Trailer,1,Eloveá Quito Waterproof Leather Stable Boots by Jake Adams Equestrian,Rider > Footwear > Boots,PB-QUITO-45,Size: 45,,,,,Corro Trailer 1,158.95,158.95,158.95,289.00,0,0,,,
6,ALL INVENTORY,1787926575498,757475467899,Eliot's Trailer,1,Epona Nature's Sweat Scraper,Horse Care > Grooming & Bathing > Brushes & Tools > Sweat Scrapers,1099,Title: Default Title,,,,,Corro Trailer 1,4.76,4.76,4.76,9.97,0,0,0.046875,,
4,ALL INVENTORY,1787926575498,5407008892562,Eliot's Trailer,1,Grooming Deluxe Mane Brush,Horse Care > Grooming & Bathing > Brushes & Tools > Brushes & Combs,82141-05,Title: Default Title,,,,,Corro Trailer 1,10.41,10.41,10.41,49.99,0,0,,,
1,ALL INVENTORY,1787926575498,7350144777850,Eliot's Trailer,1,Yagya Lightweight Long Sleeve,Rider > Accessories & Apparel > Shirts,1000000000780,Size: Small,Color: Black,,,,Corro Trailer 1,55.00,55.00,55.00,160.00,0,0,,,
0,ALL INVENTORY,1787926575498,7350171872443,Eliot's Trailer,1,Yagya Timeless Riding Breeches,Rider > Accessories & Apparel > Breeches,1000000001260,Color: Tan,Size: M,,,,Corro Trailer 1,195.00,195.00,195.00,390.00,0,0,0.055555556,,
1,ALL INVENTORY,1787926575498,7350171872450,Eliot's Trailer,1,Yagya Timeless Riding Breeches,Rider > Accessories & Apparel > Breeches,1000000001261,Color: Tan,Size: L,,,,Corro Trailer 1,195.00,195.00,195.00,390.00,0,0,,,
2,ALL INVENTORY,1787926575498,7350171872436,Eliot's Trailer,1,Yagya Timeless Riding Breeches,Rider > Accessories & Apparel > Breeches,1000000001259,Color: Tan,Size: S,,,,Corro Trailer 1,195.00,195.00,195.00,390.00,0,0,0.028571429,,
1,ALL INVENTORY,1787926575498,7350171872429,Eliot's Trailer,1,Yagya Timeless Riding Breeches,Rider > Accessories & Apparel > Breeches,1000000001258,Color: Tan,Size: XS,,,,Corro Trailer 1,195.00,195.00,195.00,390.00,0,0,0.012048192,,
1,ALL INVENTORY,1787926575498,7350171873549,Eliot's Trailer,1,Yagya AirTech Full Zip,Rider > Accessories & Apparel > Shirts,1000000001356,Color: Black/Black,Size: Medium,,,,Corro Trailer 1,65.00,65.00,65.00,150.00,0,0,,,
1,ALL INVENTORY,1787926575498,7350171873556,Eliot's Trailer,1,Yagya AirTech Full Zip,Rider > Accessories & Apparel > Shirts,1000000001357,Color: Black/Black,Size: Large,,,,Corro Trailer 1,65.00,65.00,65.00,150.00,0,0,,,
1,ALL INVENTORY,1787926575498,7350171873525,Eliot's Trailer,1,Yagya AirTech Full Zip,Rider > Accessories & Apparel > Shirts,1000000001354,Color: Black/Black,Size: XS,,,,Corro Trailer 1,65.00,65.00,65.00,150.00,0,0,,,
1,ALL INVENTORY,1787926575498,7350171873532,Eliot's Trailer,1,Yagya AirTech Full Zip,Rider > Accessories & Apparel > Shirts,1000000001355,Color: Black/Black,Size: Small,,,,Corro Trailer 1,65.00,65.00,65.00,150.00,0,0,,,
0,ALL INVENTORY,1787926575498,7350171870203,Eliot's Trailer,1,Yagya Timeless Riding Breeches,Rider > Accessories & Apparel > Breeches,1000000001037,Color: White,Size: XS,,,,Corro Trailer 1,195.00,195.00,195.00,390.00,0,0,0.012345679,,
0,ALL INVENTORY,1787926575498,7350171870210,Eliot's Trailer,1,Yagya Timeless Riding Breeches,Rider > Accessories & Apparel > Breeches,1000000001038,Color: White,Size: S,,,,Corro Trailer 1,195.00,195.00,195.00,390.00,0,0,0.012987013,,
0,ALL INVENTORY,1787926575498,7350171870364,Eliot's Trailer,1,Yagya Timeless Mesh Show Shirt,Rider > Accessories & Apparel > Shirts,1000000001053,Size: Medium,Color: White/White,,,,Corro Trailer 1,80.00,80.00,80.00,230.00,0,0,0.027777778,,
1,ALL INVENTORY,1787926575498,7350171870371,Eliot's Trailer,1,Yagya Timeless Mesh Show Shirt,Rider > Accessories & Apparel > Shirts,1000000001054,Size: Large,Color: White/White,,,,Corro Trailer 1,80.00,80.00,80.00,230.00,0,0,,,
1,ALL INVENTORY,1787926575498,7350171870340,Eliot's Trailer,1,Yagya Timeless Mesh Show Shirt,Rider > Accessories & Apparel > Shirts,1000000001051,Size: XS,Color: White/White,,,,Corro Trailer 1,80.00,80.00,80.00,230.00,0,0,,,
1,ALL INVENTORY,1787926575498,7350171870357,Eliot's Trailer,1,Yagya Timeless Mesh Show Shirt,Rider > Accessories & Apparel > Shirts,1000000001052,Size: Small,Color: White/White,,,,Corro Trailer 1,80.00,80.00,80.00,230.00,0,0,,,
0,ALL INVENTORY,1787926575498,7350171873082,Eliot's Trailer,1,Yagya Timeless Mesh Show Shirt,Rider > Accessories & Apparel > Shirts,1000000001310,Size: Medium,Color: Black,,,,Corro Trailer 1,80.00,80.00,80.00,230.00,0,0,0.012048192,,
1,ALL INVENTORY,1787926575498,7350171873099,Eliot's Trailer,1,Yagya Timeless Mesh Show Shirt,Rider > Accessories & Apparel > Shirts,1000000001311,Size: Large,Color: Black,,,,Corro Trailer 1,80.00,80.00,80.00,230.00,0,0,,,
0,ALL INVENTORY,1787926575498,7350171873068,Eliot's Trailer,1,Yagya Timeless Mesh Show Shirt,Rider > Accessories & Apparel > Shirts,1000000001308,Size: XS,Color: Black,,,,Corro Trailer 1,80.00,80.00,80.00,230.00,0,0,0.03846154,,
1,ALL INVENTORY,1787926575498,7350171873075,Eliot's Trailer,1,Yagya Timeless Mesh Show Shirt,Rider > Accessories & Apparel > Shirts,1000000001309,Size: Small,Color: Black,,,,Corro Trailer 1,80.00,80.00,80.00,230.00,0,0,,,
1,ALL INVENTORY,1787926575498,"5063240030188, 5063240030188",Eliot's Trailer,1,LeMieux Brilliance Knee Grip Breeches,Rider > Accessories & Apparel > Breeches,IT09156014,Color: Espresso,Size: 8,,,,Corro Trailer 1,75.68,75.68,75.68,149.95,0,0,,,
1,ALL INVENTORY,1787926575498,"5063240030225, 5063240030225",Eliot's Trailer,1,LeMieux Brilliance Knee Grip Breeches,Rider > Accessories & Apparel > Breeches,IT09156018,Color: Espresso,Size: 4,,,,Corro Trailer 1,75.68,75.68,75.68,149.95,0,0,,,
1,ALL INVENTORY,1787926575498,"5063240156734, 5063240156734",Eliot's Trailer,1,LeMieux Brilliance Knee Grip Breeches,Rider > Accessories & Apparel > Breeches,IT08825015,Color: Navy,Size: 10,,,,Corro Trailer 1,75.68,75.68,75.68,149.95,0,0,,,
0,ALL INVENTORY,1787926575498,"5063240156789, 5063240156789",Eliot's Trailer,1,LeMieux Brilliance Knee Grip Breeches,Rider > Accessories & Apparel > Breeches,IT08826017,Color: White,Size: 2,,,,Corro Trailer 1,75.68,75.68,75.68,149.95,0,0,0.04,,
1,ALL INVENTORY,1787926575498,"5063240156765, 5063240156765",Eliot's Trailer,1,LeMieux Brilliance Knee Grip Breeches,Rider > Accessories & Apparel > Breeches,IT08826015,Color: White,Size: 10,,,,Corro Trailer 1,75.68,75.68,75.68,149.95,0,0,,,
1,ALL INVENTORY,1787926575498,"5063240165484, 5063240165484",Eliot's Trailer,1,LeMieux Brilliance Knee Grip Breeches,Rider > Accessories & Apparel > Breeches,IT08825014,Color: Navy,Size: 8,,,,Corro Trailer 1,75.68,75.68,75.68,149.95,0,0,,,
0,ALL INVENTORY,1787926575498,"5063240029335, 5063240029335",Eliot's Trailer,1,LeMieux Brilliance Knee Grip Breeches,Rider > Accessories & Apparel > Breeches,IT09156013,Color: Espresso,Size: 6,,,,Corro Trailer 1,75.68,75.68,75.68,149.95,0,0,0.040816326,,
1,ALL INVENTORY,1787926575498,"5063240165491, 5063240165491",Eliot's Trailer,1,LeMieux Brilliance Knee Grip Breeches,Rider > Accessories & Apparel > Breeches,IT08825013,Color: Navy,Size: 6,,,,Corro Trailer 1,75.68,75.68,75.68,149.95,0,0,0.012048192,,
1,ALL INVENTORY,1787926575498,"5063240030195, 5063240030195",Eliot's Trailer,1,LeMieux Brilliance Knee Grip Breeches,Rider > Accessories & Apparel > Breeches,IT09156015,Color: Espresso,Size: 10,,,,Corro Trailer 1,75.68,75.68,75.68,149.95,0,0,,,
1,ALL INVENTORY,1787926575498,"5063240165453, 5063240165453",Eliot's Trailer,1,LeMieux Brilliance Knee Grip Breeches,Rider > Accessories & Apparel > Breeches,IT08825018,Color: Navy,Size: 4,,,,Corro Trailer 1,75.68,75.68,75.68,149.95,0,0,,,
1,ALL INVENTORY,1787926575498,"5063240156796, 5063240156796",Eliot's Trailer,1,LeMieux Brilliance Knee Grip Breeches,Rider > Accessories & Apparel > Breeches,IT08826018,Color: White,Size: 4,,,,Corro Trailer 1,75.68,75.68,75.68,149.95,0,0,,,
1,ALL INVENTORY,1787926575498,"5063240156758, 5063240156758",Eliot's Trailer,1,LeMieux Brilliance Knee Grip Breeches,Rider > Accessories & Apparel > Breeches,IT08826014,Color: White,Size: 8,,,,Corro Trailer 1,75.68,75.68,75.68,149.95,0,0,0.04,,
1,ALL INVENTORY,1787926575498,"5063240030218, 5063240030218",Eliot's Trailer,1,LeMieux Brilliance Knee Grip Breeches,Rider > Accessories & Apparel > Breeches,IT09156017,Color: Espresso,Size: 2,,,,Corro Trailer 1,75.68,75.68,75.68,149.95,0,0,,,
1,ALL INVENTORY,1787926575498,"5063240156741, 5063240156741",Eliot's Trailer,1,LeMieux Brilliance Knee Grip Breeches,Rider > Accessories & Apparel > Breeches,IT08826013,Color: White,Size: 6,,,,Corro Trailer 1,75.68,75.68,75.68,149.95,0,0,,,
1,ALL INVENTORY,1787926575498,"5063240165460, 5063240165460",Eliot's Trailer,1,LeMieux Brilliance Knee Grip Breeches,Rider > Accessories & Apparel > Breeches,IT08825017,Color: Navy,Size: 2,,,,Corro Trailer 1,75.68,75.68,75.68,149.95,0,0,,,
1,ALL INVENTORY,1787926575498,"5063240156703, 5063240156703",Eliot's Trailer,1,LeMieux Brilliance Knee Grip Breeches,Rider > Accessories & Apparel > Breeches,IT08824017,Color: Black,Size: 2,,,,Corro Trailer 1,75.68,75.68,75.68,149.95,0,0,,,
0,ALL INVENTORY,1787926575498,"5063240156666, 5063240156666",Eliot's Trailer,1,LeMieux Brilliance Knee Grip Breeches,Rider > Accessories & Apparel > Breeches,IT08824013,Color: Black,Size: 6,,,,Corro Trailer 1,75.68,75.68,75.68,149.95,0,0,0.035714287,,
1,ALL INVENTORY,1787926575498,"5063240156673, 5063240156673",Eliot's Trailer,1,LeMieux Brilliance Knee Grip Breeches,Rider > Accessories & Apparel > Breeches,IT08824014,Color: Black,Size: 8,,,,Corro Trailer 1,75.68,75.68,75.68,149.95,0,0,,,
1,ALL INVENTORY,1787926575498,"5063240156710, 5063240156710",Eliot's Trailer,1,LeMieux Brilliance Knee Grip Breeches,Rider > Accessories & Apparel > Breeches,IT08824018,Color: Black,Size: 4,,,,Corro Trailer 1,75.68,75.68,75.68,149.95,0,0,,,
1,ALL INVENTORY,1787926575498,"5063240156680, 5063240156680",Eliot's Trailer,1,LeMieux Brilliance Knee Grip Breeches,Rider > Accessories & Apparel > Breeches,IT08824015,Color: Black,Size: 10,,,,Corro Trailer 1,75.68,75.68,75.68,149.95,0,0,,,
1,ALL INVENTORY,1787926575498,"5063240156567, 5063240156567",Eliot's Trailer,1,LeMieux Brilliance Full Seat Breeches,Rider > Accessories & Apparel > Breeches,IT08821018,Color: Black,Size: 4,,,,Corro Trailer 1,75.68,75.68,75.68,149.95,0,0,0.018181818,,
1,ALL INVENTORY,1787926575498,"5063240156635, 5063240156635",Eliot's Trailer,1,LeMieux Brilliance Full Seat Breeches,Rider > Accessories & Apparel > Breeches,IT08822018,Color: Navy,Size: 4,,,,Corro Trailer 1,75.68,75.68,75.68,149.95,0,0,,,
1,ALL INVENTORY,1787926575498,"5063240156581, 5063240156581",Eliot's Trailer,1,LeMieux Brilliance Full Seat Breeches,Rider > Accessories & Apparel > Breeches,IT08822013,Color: Navy,Size: 6,,,,Corro Trailer 1,75.68,75.68,75.68,149.95,0,0,,,
1,ALL INVENTORY,1787926575498,"5063240030249, 5063240030249",Eliot's Trailer,1,LeMieux Brilliance Full Seat Breeches,Rider > Accessories & Apparel > Breeches,IT09157013,Color: Espresso,Size: 6,,,,Corro Trailer 1,75.68,75.68,75.68,149.95,0,0,,,
1,ALL INVENTORY,1787926575498,"5063240156628, 5063240156628",Eliot's Trailer,1,LeMieux Brilliance Full Seat Breeches,Rider > Accessories & Apparel > Breeches,IT08822017,Color: Navy,Size: 2,,,,Corro Trailer 1,75.68,75.68,75.68,149.95,0,0,,,
1,ALL INVENTORY,1787926575498,"5063240156550, 5063240156550",Eliot's Trailer,1,LeMieux Brilliance Full Seat Breeches,Rider > Accessories & Apparel > Breeches,IT08821017,Color: Black,Size: 2,,,,Corro Trailer 1,75.68,75.68,75.68,149.95,0,0,,,
1,ALL INVENTORY,1787926575498,"5063240156529, 5063240156529",Eliot's Trailer,1,LeMieux Brilliance Full Seat Breeches,Rider > Accessories & Apparel > Breeches,IT08821014,Color: Black,Size: 8,,,,Corro Trailer 1,75.68,75.68,75.68,149.95,0,0,,,
1,ALL INVENTORY,1787926575498,"5063240165545, 5063240165545",Eliot's Trailer,1,LeMieux Brilliance Full Seat Breeches,Rider > Accessories & Apparel > Breeches,IT08823018,Color: White,Size: 4,,,,Corro Trailer 1,75.68,75.68,75.68,149.95,0,0,0.021276595,,
1,ALL INVENTORY,1787926575498,"5063240165514, 5063240165514",Eliot's Trailer,1,LeMieux Brilliance Full Seat Breeches,Rider > Accessories & Apparel > Breeches,IT08823015,Color: White,Size: 10,,,,Corro Trailer 1,75.68,75.68,75.68,149.95,0,0,,,
1,ALL INVENTORY,1787926575498,"5063240156598, 5063240156598",Eliot's Trailer,1,LeMieux Brilliance Full Seat Breeches,Rider > Accessories & Apparel > Breeches,IT08822014,Color: Navy,Size: 8,,,,Corro Trailer 1,75.68,75.68,75.68,149.95,0,0,,,
1,ALL INVENTORY,1787926575498,"5063240156512, 5063240156512",Eliot's Trailer,1,LeMieux Brilliance Full Seat Breeches,Rider > Accessories & Apparel > Breeches,IT08821013,Color: Black,Size: 6,,,,Corro Trailer 1,75.68,75.68,75.68,149.95,0,0,,,
1,ALL INVENTORY,1787926575498,"5063240030294, 5063240030294",Eliot's Trailer,1,LeMieux Brilliance Full Seat Breeches,Rider > Accessories & Apparel > Breeches,IT09157018,Color: Espresso,Size: 4,,,,Corro Trailer 1,75.68,75.68,75.68,149.95,0,0,,,
1,ALL INVENTORY,1787926575498,"5063240030263, 5063240030263",Eliot's Trailer,1,LeMieux Brilliance Full Seat Breeches,Rider > Accessories & Apparel > Breeches,IT09157015,Color: Espresso,Size: 10,,,,Corro Trailer 1,75.68,75.68,75.68,149.95,0,0,0.25,,
1,ALL INVENTORY,1787926575498,"5063240156536, 5063240156536",Eliot's Trailer,1,LeMieux Brilliance Full Seat Breeches,Rider > Accessories & Apparel > Breeches,IT08821015,Color: Black,Size: 10,,,,Corro Trailer 1,75.68,75.68,75.68,149.95,0,0,,,
1,ALL INVENTORY,1787926575498,"5063240156604, 5063240156604",Eliot's Trailer,1,LeMieux Brilliance Full Seat Breeches,Rider > Accessories & Apparel > Breeches,IT08822015,Color: Navy,Size: 10,,,,Corro Trailer 1,75.68,75.68,75.68,149.95,0,0,,,
1,ALL INVENTORY,1787926575498,"5063240156659, 5063240156659",Eliot's Trailer,1,LeMieux Brilliance Full Seat Breeches,Rider > Accessories & Apparel > Breeches,IT08823013,Color: White,Size: 6,,,,Corro Trailer 1,75.68,75.68,75.68,149.95,0,0,,,
1,ALL INVENTORY,1787926575498,"5063240030287, 5063240030287",Eliot's Trailer,1,LeMieux Brilliance Full Seat Breeches,Rider > Accessories & Apparel > Breeches,IT09157017,Color: Espresso,Size: 2,,,,Corro Trailer 1,75.68,75.68,75.68,149.95,0,0,,,
1,ALL INVENTORY,1787926575498,"5063240030256, 5063240030256",Eliot's Trailer,1,LeMieux Brilliance Full Seat Breeches,Rider > Accessories & Apparel > Breeches,IT09157014,Color: Espresso,Size: 8,,,,Corro Trailer 1,75.68,75.68,75.68,149.95,0,0,,,
1,ALL INVENTORY,1787926575498,"5063240165538, 5063240165538",Eliot's Trailer,1,LeMieux Brilliance Full Seat Breeches,Rider > Accessories & Apparel > Breeches,IT08823017,Color: White,Size: 2,,,,Corro Trailer 1,75.68,75.68,75.68,149.95,0,0,,,
1,ALL INVENTORY,1787926575498,"5063240165507, 5063240165507",Eliot's Trailer,1,LeMieux Brilliance Full Seat Breeches,Rider > Accessories & Apparel > Breeches,IT08823014,Color: White,Size: 8,,,,Corro Trailer 1,75.68,75.68,75.68,149.95,0,0,,,
1,ALL INVENTORY,1787926575498,"5063240157083, 5063240157083",Eliot's Trailer,1,LeMieux Brilliance Heyden Lightweight Base Layer,Rider > Accessories & Apparel > Shirts,IT08832017,Size: 2,Color: Black,,,,Corro Trailer 1,52.02,52.02,52.02,99.95,0,0,,,
1,ALL INVENTORY,1787926575498,"5063240157120, 5063240157120",Eliot's Trailer,1,LeMieux Brilliance Heyden Lightweight Base Layer,Rider > Accessories & Apparel > Shirts,IT08833014,Size: 8,Color: Espresso,,,,Corro Trailer 1,52.02,52.02,52.02,99.95,0,0,,,
1,ALL INVENTORY,1787926575498,"5063240157205, 5063240157205",Eliot's Trailer,1,LeMieux Brilliance Heyden Lightweight Base Layer,Rider > Accessories & Apparel > Shirts,IT08834015,Size: 10,Color: Navy,,,,Corro Trailer 1,52.02,52.02,52.02,99.95,0,0,,,
1,ALL INVENTORY,1787926575498,"5063240157069, 5063240157069",Eliot's Trailer,1,LeMieux Brilliance Heyden Lightweight Base Layer,Rider > Accessories & Apparel > Shirts,IT08832015,Size: 10,Color: Black,,,,Corro Trailer 1,52.02,52.02,52.02,99.95,0,0,,,
1,ALL INVENTORY,1787926575498,"5063240157045, 5063240157045",Eliot's Trailer,1,LeMieux Brilliance Heyden Lightweight Base Layer,Rider > Accessories & Apparel > Shirts,IT08832013,Size: 6,Color: Black,,,,Corro Trailer 1,52.02,52.02,52.02,99.95,0,0,,,
1,ALL INVENTORY,1787926575498,"5063240157236, 5063240157236",Eliot's Trailer,1,LeMieux Brilliance Heyden Lightweight Base Layer,Rider > Accessories & Apparel > Shirts,IT08834018,Size: 4,Color: Navy,,,,Corro Trailer 1,52.02,52.02,52.02,99.95,0,0,,,
1,ALL INVENTORY,1787926575498,"5063240157137, 5063240157137",Eliot's Trailer,1,LeMieux Brilliance Heyden Lightweight Base Layer,Rider > Accessories & Apparel > Shirts,IT08833015,Size: 10,Color: Espresso,,,,Corro Trailer 1,52.02,52.02,52.02,99.95,0,0,,,
1,ALL INVENTORY,1787926575498,"5063240157113, 5063240157113",Eliot's Trailer,1,LeMieux Brilliance Heyden Lightweight Base Layer,Rider > Accessories & Apparel > Shirts,IT08833013,Size: 6,Color: Espresso,,,,Corro Trailer 1,52.02,52.02,52.02,99.95,0,0,0.020408163,,
1,ALL INVENTORY,1787926575498,"5063240157168, 5063240157168",Eliot's Trailer,1,LeMieux Brilliance Heyden Lightweight Base Layer,Rider > Accessories & Apparel > Shirts,IT08833018,Size: 4,Color: Espresso,,,,Corro Trailer 1,52.02,52.02,52.02,99.95,0,0,,,
1,ALL INVENTORY,1787926575498,"5063240157182, 5063240157182",Eliot's Trailer,1,LeMieux Brilliance Heyden Lightweight Base Layer,Rider > Accessories & Apparel > Shirts,IT08834013,Size: 6,Color: Navy,,,,Corro Trailer 1,52.02,52.02,52.02,99.95,0,0,0.012048192,,
1,ALL INVENTORY,1787926575498,"5063240157151, 5063240157151",Eliot's Trailer,1,LeMieux Brilliance Heyden Lightweight Base Layer,Rider > Accessories & Apparel > Shirts,IT08833017,Size: 2,Color: Espresso,,,,Corro Trailer 1,52.02,52.02,52.02,99.95,0,0,,,
1,ALL INVENTORY,1787926575498,"5063240157052, 5063240157052",Eliot's Trailer,1,LeMieux Brilliance Heyden Lightweight Base Layer,Rider > Accessories & Apparel > Shirts,IT08832014,Size: 8,Color: Black,,,,Corro Trailer 1,52.02,52.02,52.02,99.95,0,0,,,
1,ALL INVENTORY,1787926575498,"5063240157199, 5063240157199",Eliot's Trailer,1,LeMieux Brilliance Heyden Lightweight Base Layer,Rider > Accessories & Apparel > Shirts,IT08834014,Size: 8,Color: Navy,,,,Corro Trailer 1,52.02,52.02,52.02,99.95,0,0,,,
1,ALL INVENTORY,1787926575498,"5063240157229, 5063240157229",Eliot's Trailer,1,LeMieux Brilliance Heyden Lightweight Base Layer,Rider > Accessories & Apparel > Shirts,IT08834017,Size: 2,Color: Navy,,,,Corro Trailer 1,52.02,52.02,52.02,99.95,0,0,0.021276595,,
1,ALL INVENTORY,1787926575498,"5063240159988, 5063240159988",Eliot's Trailer,1,LeMieux Brilliance T-Shirt,Rider > Accessories & Apparel > Shirts,IT08891018,Color: Navy,Size: 4,,,,Corro Trailer 1,28.35,28.35,28.35,54.95,0,0,,,
1,ALL INVENTORY,1787926575498,"5063240159971, 5063240159971",Eliot's Trailer,1,LeMieux Brilliance T-Shirt,Rider > Accessories & Apparel > Shirts,IT08891017,Color: Navy,Size: 2,,,,Corro Trailer 1,28.35,28.35,28.35,54.95,0,0,,,
1,ALL INVENTORY,1787926575498,"5063240159919, 5063240159919",Eliot's Trailer,1,LeMieux Brilliance T-Shirt,Rider > Accessories & Apparel > Shirts,IT08890018,Color: Black,Size: 4,,,,Corro Trailer 1,28.35,28.35,28.35,54.95,0,0,,,
1,ALL INVENTORY,1787926575498,"5063240159902, 5063240159902",Eliot's Trailer,1,LeMieux Brilliance T-Shirt,Rider > Accessories & Apparel > Shirts,IT08890017,Color: Black,Size: 2,,,,Corro Trailer 1,28.35,28.35,28.35,54.95,0,0,,,
1,ALL INVENTORY,1787926575498,"5063240159889, 5063240159889",Eliot's Trailer,1,LeMieux Brilliance T-Shirt,Rider > Accessories & Apparel > Shirts,IT08890015,Color: Black,Size: 10,,,,Corro Trailer 1,28.35,28.35,28.35,54.95,0,0,,,
1,ALL INVENTORY,1787926575498,"5063240161165, 5063240161165",Eliot's Trailer,1,LeMieux Brilliance T-Shirt,Rider > Accessories & Apparel > Shirts,IT08890013,Color: Black,Size: 6,,,,Corro Trailer 1,28.35,28.35,28.35,54.95,0,0,,,
1,ALL INVENTORY,1787926575498,"5063240161172, 5063240161172",Eliot's Trailer,1,LeMieux Brilliance T-Shirt,Rider > Accessories & Apparel > Shirts,IT08891013,Color: Navy,Size: 6,,,,Corro Trailer 1,28.35,28.35,28.35,54.95,0,0,0.012048192,,
1,ALL INVENTORY,1787926575498,"5063240159957, 5063240159957",Eliot's Trailer,1,LeMieux Brilliance T-Shirt,Rider > Accessories & Apparel > Shirts,IT08891015,Color: Navy,Size: 10,,,,Corro Trailer 1,28.35,28.35,28.35,54.95,0,0,,,
1,ALL INVENTORY,1787926575498,"5063240159872, 5063240159872",Eliot's Trailer,1,LeMieux Brilliance T-Shirt,Rider > Accessories & Apparel > Shirts,IT08890014,Color: Black,Size: 8,,,,Corro Trailer 1,28.35,28.35,28.35,54.95,0,0,,,
1,ALL INVENTORY,1787926575498,"5063240159940, 5063240159940",Eliot's Trailer,1,LeMieux Brilliance T-Shirt,Rider > Accessories & Apparel > Shirts,IT08891014,Color: Navy,Size: 8,,,,Corro Trailer 1,28.35,28.35,28.35,54.95,0,0,,,
1,ALL INVENTORY,1787926575498,"5063240052739, 5063240052739",Eliot's Trailer,1,LeMieux Crystal Insert Belt,Rider > Accessories & Apparel > Belts,IT05552004,Size: Medium,Color: Brown,,,,Corro Trailer 1,37.33,37.33,37.33,74.95,0,0,,,
1,ALL INVENTORY,1787926575498,"5063240026662, 5063240026662",Eliot's Trailer,1,LeMieux Crystal Insert Belt,Rider > Accessories & Apparel > Belts,IT04760005,Size: Large,Color: Black,,,,Corro Trailer 1,37.33,37.33,37.33,74.95,0,0,,,
1,ALL INVENTORY,1787926575498,"5063240052746, 5063240052746",Eliot's Trailer,1,LeMieux Crystal Insert Belt,Rider > Accessories & Apparel > Belts,IT05552005,Size: Large,Color: Brown,,,,Corro Trailer 1,37.33,37.33,37.33,74.95,0,0,,,
1,ALL INVENTORY,1787926575498,,Eliot's Trailer,1,"AJR 1 1/4"" Wide Noseband - Hunter Collection","Tack & Equipment > Bridles, Headstalls & Reins > English Bridles & Reins > Bridle Accessories",NSBD-074-F,Color: Brown,Size: Full,,,,Corro Trailer 1,78.88,78.88,78.88,136.00,0,0,,,
1,ALL INVENTORY,1787926575498,,Eliot's Trailer,1,"AJR 1 1/4"" Wide Noseband - Hunter Collection","Tack & Equipment > Bridles, Headstalls & Reins > English Bridles & Reins > Bridle Accessories",NSBD-074-C,Color: Brown,Size: Cob,,,,Corro Trailer 1,78.88,78.88,78.88,136.00,0,0,,,
1,ALL INVENTORY,1787926575498,,Eliot's Trailer,1,AJR Crank Noseband - Hunter Collection,"Tack & Equipment > Bridles, Headstalls & Reins > English Bridles & Reins > Bridle Accessories",NSBD-025-F,Color: Brown,Size: Full,,,,Corro Trailer 1,114.84,114.84,114.84,198.00,0,0,,,
1,ALL INVENTORY,1787926575498,,Eliot's Trailer,1,AJR Crank Noseband - Hunter Collection,"Tack & Equipment > Bridles, Headstalls & Reins > English Bridles & Reins > Bridle Accessories",NSBD-025-C,Color: Brown,Size: Cob,,,,Corro Trailer 1,114.84,114.84,114.84,198.00,0,0,,,
2,ALL INVENTORY,1787926575498,,Eliot's Trailer,1,Jake Adams Anatomic Stud Belly Guard Girth with Motion Foam Liner,Tack & Equipment > Girths & Cinches > English Girths > Hunter/Jumper Girths,GRT-ASBMFL-036-130,Size: 130 cm,,,,,Corro Trailer 1,217.25,217.25,217.25,395.00,0,0,,,
1,ALL INVENTORY,1787926575498,,Eliot's Trailer,1,Jake Adams Anatomic Stud Belly Guard Girth with Motion Foam Liner,Tack & Equipment > Girths & Cinches > English Girths > Hunter/Jumper Girths,GRT-ASBMFL-036-125,Size: 125 cm,,,,,Corro Trailer 1,217.25,217.25,217.25,395.00,0,0,,,
1,ALL INVENTORY,1787926575498,,Eliot's Trailer,1,Jake Adams Anatomic Stud Belly Guard Girth with Motion Foam Liner,Tack & Equipment > Girths & Cinches > English Girths > Hunter/Jumper Girths,GRT-ASBMFL-036-115,Size: 115 cm,,,,,Corro Trailer 1,217.25,217.25,217.25,395.00,0,0,,,
1,ALL INVENTORY,1787926575498,,Eliot's Trailer,1,Jake Adams Anatomic Stud Belly Guard Girth with Motion Foam Liner,Tack & Equipment > Girths & Cinches > English Girths > Hunter/Jumper Girths,GRT-ASBMFL-036-120,Size: 120 cm,,,,,Corro Trailer 1,217.25,217.25,217.25,395.00,0,0,,,
1,ALL INVENTORY,1787926575498,,Eliot's Trailer,1,Jake Adams Anatomic Jumper Girth with Motion Foam Liner,Tack & Equipment > Girths & Cinches > English Girths > Hunter/Jumper Girths,GRT-AJMFL-029-125,Size: 125 cm,,,,,Corro Trailer 1,200.75,200.75,200.75,365.00,0,0,,,
1,ALL INVENTORY,1787926575498,,Eliot's Trailer,1,Jake Adams Anatomic Jumper Girth with Motion Foam Liner,Tack & Equipment > Girths & Cinches > English Girths > Hunter/Jumper Girths,GRT-AJMFL-029-120,Size: 120 cm,,,,,Corro Trailer 1,200.75,200.75,200.75,365.00,0,0,,,
1,ALL INVENTORY,1787926575498,,Eliot's Trailer,1,Jake Adams Anatomic Jumper Girth with Motion Foam Liner,Tack & Equipment > Girths & Cinches > English Girths > Hunter/Jumper Girths,GRT-AJMFL-029-130,Size: 130 cm,,,,,Corro Trailer 1,200.75,200.75,200.75,365.00,0,0,,,
2,ALL INVENTORY,1787926575498,,Eliot's Trailer,1,Jake Adams Equestrian Anatomic Hunter Girth with Motion Foam Liner,Tack & Equipment > Girths & Cinches > English Girths > Hunter/Jumper Girths,GRT-AHMFL-028-125,Size: 125 cm,,,,,Corro Trailer 1,159.50,159.50,159.50,290.00,0,0,,,
1,ALL INVENTORY,1787926575498,,Eliot's Trailer,1,Jake Adams Equestrian Anatomic Hunter Girth with Motion Foam Liner,Tack & Equipment > Girths & Cinches > English Girths > Hunter/Jumper Girths,GRT-AHMFL-028-120,Size: 120 cm,,,,,Corro Trailer 1,159.50,159.50,159.50,290.00,0,0,0.025,,
0,ALL INVENTORY,1787926575498,,Eliot's Trailer,1,Jake Adams Equestrian Anatomic Hunter Girth with Motion Foam Liner,Tack & Equipment > Girths & Cinches > English Girths > Hunter/Jumper Girths,GRT-AHMFL-028-115,Size: 115 cm,,,,,Corro Trailer 1,159.50,159.50,159.50,290.00,0,0,,,
2,ALL INVENTORY,1787926575498,,Eliot's Trailer,1,Jake Adams Equestrian Anatomic Hunter Girth with Motion Foam Liner,Tack & Equipment > Girths & Cinches > English Girths > Hunter/Jumper Girths,GRT-AHMFL-028-110,Size: 110 cm,,,,,Corro Trailer 1,159.50,159.50,159.50,290.00,0,0,,,
2,ALL INVENTORY,1787926575498,,Eliot's Trailer,1,Jake Adams Equestrian Anatomic Hunter Girth with Motion Foam Liner,Tack & Equipment > Girths & Cinches > English Girths > Hunter/Jumper Girths,GRT-AHMFL-028-130,Size: 130 cm,,,,,Corro Trailer 1,159.50,159.50,159.50,290.00,0,0,,,
1,ALL INVENTORY,1787926575498,,Eliot's Trailer,1,Jake Adams Equestrian Anatomic Stud Belly Guard Girth with TechWool Liner,Tack & Equipment > Girths & Cinches > English Girths > Hunter/Jumper Girths,GRT-ASBTWL-027-130,Size: 130 cm,,,,,Corro Trailer 1,233.75,233.75,233.75,425.00,0,0,,,
1,ALL INVENTORY,1787926575498,,Eliot's Trailer,1,Jake Adams Equestrian Techwool Replacement Liner for Anatomic Hunter Girth,Tack & Equipment > Girths & Cinches > English Girths > Hunter/Jumper Girths,GRT-AHTWRL-033-120,Size: 120 cm,,,,,Corro Trailer 1,63.25,63.25,63.25,115.00,0,0,,,
1,ALL INVENTORY,1787926575498,,Eliot's Trailer,1,Jake Adams Equestrian Techwool Replacement Liner for Anatomic Hunter Girth,Tack & Equipment > Girths & Cinches > English Girths > Hunter/Jumper Girths,GRT-AHTWRL-033-130,Size: 130 cm,,,,,Corro Trailer 1,63.25,63.25,63.25,115.00,0,0,,,
1,ALL INVENTORY,1787926575498,,Eliot's Trailer,1,Jake Adams Equestrian Techwool Replacement Liner for Anatomic Hunter Girth,Tack & Equipment > Girths & Cinches > English Girths > Hunter/Jumper Girths,GRT-AHTWRL-033-125,Size: 125 cm,,,,,Corro Trailer 1,63.25,63.25,63.25,115.00,0,0,,,
1,ALL INVENTORY,1787926575498,,Eliot's Trailer,1,Jake Adams Equestrian Anatomic Hunter Girth with Motion Foam Liner,Tack & Equipment > Girths & Cinches > English Girths > Hunter/Jumper Girths,GRT-AHMFL-028-145,Size: 145 cm,,,,,Corro Trailer 1,159.50,159.50,159.50,290.00,0,0,,,
0,ALL INVENTORY,1787926575498,,Eliot's Trailer,1,Jake Adams Equestrian Anatomic Hunter Girth with Motion Foam Liner,Tack & Equipment > Girths & Cinches > English Girths > Hunter/Jumper Girths,GRT-AHMFL-028-140,Size: 140 cm,,,,,Corro Trailer 1,159.50,159.50,159.50,290.00,0,0,,,
2,ALL INVENTORY,1787926575498,,Eliot's Trailer,1,Jake Adams Equestrian Anatomic Hunter Girth with Motion Foam Liner,Tack & Equipment > Girths & Cinches > English Girths > Hunter/Jumper Girths,GRT-AHMFL-028-135,Size: 135 cm,,,,,Corro Trailer 1,159.50,159.50,159.50,290.00,0,0,,,
1,ALL INVENTORY,1787926575498,,Eliot's Trailer,1,Jake Adams Anatomic Jumper Girth with Motion Foam Liner,Tack & Equipment > Girths & Cinches > English Girths > Hunter/Jumper Girths,GRT-AJMFL-029-135,Size: 135 cm,,,,,Corro Trailer 1,200.75,200.75,200.75,365.00,0,0,,,
1,ALL INVENTORY,1787926575498,,Eliot's Trailer,1,Jake Adams Equestrian Techwool Replacement Liner for Anatomic Stud Belly Guard Girth,Tack & Equipment > Girths & Cinches > English Girths > Hunter/Jumper Girths,GRT-ASBTWRL-035-120,Size: 120 cm,,,,,Corro Trailer 1,74.25,74.25,74.25,135.00,0,0,,,
1,ALL INVENTORY,1787926575498,,Eliot's Trailer,1,Jake Adams Equestrian Techwool Replacement Liner for Anatomic Stud Belly Guard Girth,Tack & Equipment > Girths & Cinches > English Girths > Hunter/Jumper Girths,GRT-ASBTWRL-035-125,Size: 125 cm,,,,,Corro Trailer 1,74.25,74.25,74.25,135.00,0,0,,,
1,ALL INVENTORY,1787926575498,,Eliot's Trailer,1,Jake Adams Equestrian Techwool Replacement Liner for Anatomic Stud Belly Guard Girth,Tack & Equipment > Girths & Cinches > English Girths > Hunter/Jumper Girths,GRT-ASBTWRL-035-130,Size: 130 cm,,,,,Corro Trailer 1,74.25,74.25,74.25,135.00,0,0,,,
1,ALL INVENTORY,1787926575498,,Eliot's Trailer,1,Jake Adams Anatomic Stud Belly Guard Girth with Motion Foam Liner,Tack & Equipment > Girths & Cinches > English Girths > Hunter/Jumper Girths,GRT-ASBMFL-036-140,Size: 140 cm,,,,,Corro Trailer 1,217.25,217.25,217.25,395.00,0,0,,,
1,ALL INVENTORY,1787926575498,,Eliot's Trailer,1,Jake Adams Anatomic Stud Belly Guard Girth with Motion Foam Liner,Tack & Equipment > Girths & Cinches > English Girths > Hunter/Jumper Girths,GRT-ASBMFL-036-135,Size: 135 cm,,,,,Corro Trailer 1,217.25,217.25,217.25,395.00,0,0,,,
2,ALL INVENTORY,1787926575498,,Eliot's Trailer,1,Jake Adams Equestrian Cheekpieces Hunter Collection,"Tack & Equipment > Bridles, Headstalls & Reins > English Bridles & Reins > Bridle Accessories",JAE-ATT-017-F,Size: Full,,,,,Corro Trailer 1,20.90,20.90,20.90,38.00,0,0,,,
1,ALL INVENTORY,1787926575498,,Eliot's Trailer,1,Jake Adams Equestrian Cheekpieces Hunter Collection,"Tack & Equipment > Bridles, Headstalls & Reins > English Bridles & Reins > Bridle Accessories",JAE-ATT-017-C,Size: Cob,,,,,Corro Trailer 1,20.90,20.90,20.90,38.00,0,0,,,
1,ALL INVENTORY,1787926575498,,Eliot's Trailer,1,Jake Adams Equestrian Draw Rein with Leather and Cord,Tack & Equipment > Training & Lunging > Training Reins,JAE-REIN-014-F,Size: Full,,,,,Corro Trailer 1,88.00,88.00,88.00,160.00,0,0,,,
1,ALL INVENTORY,1787926575498,,Eliot's Trailer,1,Jake Adams Equestrian Leather Draw Reins,Tack & Equipment > Training & Lunging > Training Reins,JAE-REIN-013-F,Size: Full,,,,,Corro Trailer 1,93.78,93.78,93.78,170.50,0,0,,,
1,ALL INVENTORY,1787926575498,,Eliot's Trailer,1,Jake Adams Equestrian Raised Fancy Stitched Hunter Bridle with Laced Reins,"Tack & Equipment > Bridles, Headstalls & Reins > English Bridles & Reins > Bridles",JAE-BRD-001-C,Size: Cob,,,,,Corro Trailer 1,168.85,168.85,168.85,307.00,0,0,,,
2,ALL INVENTORY,1787926575498,,Eliot's Trailer,1,Jake Adams Equestrian Raised Fancy Stitched Hunter Bridle with Laced Reins,"Tack & Equipment > Bridles, Headstalls & Reins > English Bridles & Reins > Bridles",JAE-BRD-001-F,Size: Full,,,,,Corro Trailer 1,168.85,168.85,168.85,307.00,0,0,,,
1,ALL INVENTORY,1787926575498,,Eliot's Trailer,1,Jake Adams Equestrian Raised Fancy Stitched Leather Laced Reins,"Tack & Equipment > Bridles, Headstalls & Reins > English Bridles & Reins > Reins",JAE-REIN-006-C,Size: Cob,,,,,Corro Trailer 1,59.68,59.68,59.68,108.50,0,0,,,
2,ALL INVENTORY,1787926575498,,Eliot's Trailer,1,Jake Adams Equestrian Raised Fancy Stitched Leather Laced Reins,"Tack & Equipment > Bridles, Headstalls & Reins > English Bridles & Reins > Reins",JAE-REIN-006-F,Size: Full,,,,,Corro Trailer 1,59.68,59.68,59.68,108.50,0,0,,,
1,ALL INVENTORY,1787926575498,,Eliot's Trailer,1,Jake Adams Equestrian Padded Jumper Bridle with Removable Flash & Rubber Reins,"Tack & Equipment > Bridles, Headstalls & Reins > English Bridles & Reins > Bridles",JAE-BRD-002-C,Size: Cob,,,,,Corro Trailer 1,180.40,180.40,180.40,328.00,0,0,,,
2,ALL INVENTORY,1787926575498,,Eliot's Trailer,1,Jake Adams Equestrian Padded Jumper Bridle with Removable Flash & Rubber Reins,"Tack & Equipment > Bridles, Headstalls & Reins > English Bridles & Reins > Bridles",JAE-BRD-002-F,Size: Full,,,,,Corro Trailer 1,180.40,180.40,180.40,328.00,0,0,,,
1,ALL INVENTORY,1787926575498,,Eliot's Trailer,1,Jake Adams Equestrian Raised Fancy Stitched Rubber Reins,"Tack & Equipment > Bridles, Headstalls & Reins > English Bridles & Reins > Reins",JAE-REIN-007-C,Size: Cob,,,,,Corro Trailer 1,67.65,67.65,67.65,123.00,0,0,,,
2,ALL INVENTORY,1787926575498,,Eliot's Trailer,1,Jake Adams Equestrian Raised Fancy Stitched Rubber Reins,"Tack & Equipment > Bridles, Headstalls & Reins > English Bridles & Reins > Reins",JAE-REIN-007-F,Size: Full,,,,,Corro Trailer 1,67.65,67.65,67.65,123.00,0,0,,,
1,ALL INVENTORY,1787926575498,,Eliot's Trailer,1,Jake Adams Equestrian Breastplate with Running Attachment,Tack & Equipment > Martingales & Breastplates,JAE-ATT-011-C,Size: Cob,,,,,Corro Trailer 1,120.45,120.45,120.45,219.00,0,0,,,
1,ALL INVENTORY,1787926575498,,Eliot's Trailer,1,Jake Adams Equestrian Breastplate with Running Attachment,Tack & Equipment > Martingales & Breastplates,JAE-ATT-011-F,Size: Full,,,,,Corro Trailer 1,120.45,120.45,120.45,219.00,0,0,,,
1,ALL INVENTORY,1787926575498,,Eliot's Trailer,1,Jake Adams Equestrian Raised Fancy Stitched Running Martingale,Tack & Equipment > Martingales & Breastplates,JAE-MRTG-010-F,Size: Full,,,,,Corro Trailer 1,70.13,70.13,70.13,127.50,0,0,,,
1,ALL INVENTORY,1787926575498,,Eliot's Trailer,1,Jake Adams Equestrian Raised Fancy Stitched Running Martingale,Tack & Equipment > Martingales & Breastplates,JAE-MRTG-010-C,Size: Cob,,,,,Corro Trailer 1,70.13,70.13,70.13,127.50,0,0,,,
1,ALL INVENTORY,1787926575498,,Eliot's Trailer,1,Jake Adams Equestrians Raised Fancy Stitched Standing Martingale,Tack & Equipment > Martingales & Breastplates,JAE-MRTG-009-F,Size: Full,,,,,Corro Trailer 1,59.68,59.68,59.68,108.50,0,0,,,
1,ALL INVENTORY,1787926575498,,Eliot's Trailer,1,Jake Adams Equestrians Raised Fancy Stitched Standing Martingale,Tack & Equipment > Martingales & Breastplates,JAE-MRTG-009-C,Size: Cob,,,,,Corro Trailer 1,59.68,59.68,59.68,108.50,0,0,,,
2,ALL INVENTORY,1787926575498,,Eliot's Trailer,1,"Jake Adams Equestrian 1 1/4"" Raised Fancy Stitched Hunter Noseband","Tack & Equipment > Bridles, Headstalls & Reins > English Bridles & Reins > Bridle Accessories",JAE-NSBD-003-F,Size: Full,,,,,Corro Trailer 1,53.08,53.08,53.08,96.50,0,0,,,
1,ALL INVENTORY,1787926575498,,Eliot's Trailer,1,"Jake Adams Equestrian 1 1/4"" Raised Fancy Stitched Hunter Noseband","Tack & Equipment > Bridles, Headstalls & Reins > English Bridles & Reins > Bridle Accessories",JAE-NSBD-003-C,Size: Cob,,,,,Corro Trailer 1,53.08,53.08,53.08,96.50,0,0,,,
1,ALL INVENTORY,1787926575498,,Eliot's Trailer,1,Jake Adams Equestrian German Martingale with Reins,Tack & Equipment > Martingales & Breastplates,JAE-MRTG-016-F,Size: Full,,,,,Corro Trailer 1,95.70,95.70,95.70,174.00,0,0,,,
1,ALL INVENTORY,1787926575498,,Eliot's Trailer,1,Jake Adams Equestrian Blinkers with Velrco,"Tack & Equipment > Bridles, Headstalls & Reins > English Bridles & Reins > Bridle Accessories",JAE-ATT-012-F,Size: Full,,,,,Corro Trailer 1,25.85,25.85,25.85,47.00,0,0,,,
1,ALL INVENTORY,1787926575498,,Eliot's Trailer,1,Jake Adams Equestrian Flow Spur,Tack & Equipment > Spurs & Straps > English Spurs,JAE-SP-009S,Size: Short,,,,,Corro Trailer 1,32.18,32.18,32.18,58.50,0,0,,,
0,ALL INVENTORY,1787926575498,,Eliot's Trailer,1,Jake Adams Equestrian Flow Spur,Tack & Equipment > Spurs & Straps > English Spurs,JAE-SP-009M,Size: Medium,,,,,Corro Trailer 1,32.18,32.18,32.18,58.50,0,0,0.03846154,,
1,ALL INVENTORY,1787926575498,,Eliot's Trailer,1,Jake Adams Equestrian Glide Spur,Tack & Equipment > Spurs & Straps > English Spurs,JAE-SP-008L,Size: Long,,,,,Corro Trailer 1,32.18,32.18,32.18,58.50,0,0,,,
1,ALL INVENTORY,1787926575498,,Eliot's Trailer,1,Jake Adams Equestrian Glide Spur,Tack & Equipment > Spurs & Straps > English Spurs,JAE-SP-008M,Size: Medium,,,,,Corro Trailer 1,32.18,32.18,32.18,58.50,0,0,,,
1,ALL INVENTORY,1787926575498,,Eliot's Trailer,1,Jake Adams Equestrian Glide Spur,Tack & Equipment > Spurs & Straps > English Spurs,JAE-SP-008S,Size: Short,,,,,Corro Trailer 1,32.18,32.18,32.18,58.50,0,0,,,
1,ALL INVENTORY,1787926575498,,Eliot's Trailer,1,Jake Adams Equestrian Comfort Coated Glide Spur,Tack & Equipment > Spurs & Straps > English Spurs,JAE-SP-014L,Size: Long,,,,,Corro Trailer 1,0.00,0.00,0.00,0.00,0,0,,,
1,ALL INVENTORY,1787926575498,,Eliot's Trailer,1,Jake Adams Equestrian Comfort Coated Glide Spur,Tack & Equipment > Spurs & Straps > English Spurs,JAE-SP-014M,Size: Medium,,,,,Corro Trailer 1,0.00,0.00,0.00,0.00,0,0,,,
1,ALL INVENTORY,1787926575498,,Eliot's Trailer,1,Jake Adams Equestrian Comfort Coated Glide Spur,Tack & Equipment > Spurs & Straps > English Spurs,JAE-SP-014S,Size: Short,,,,,Corro Trailer 1,0.00,0.00,0.00,0.00,0,0,,,
1,ALL INVENTORY,1787926575498,,Eliot's Trailer,1,Jake Adams Equestrian Horizontal Rowel Spur,Tack & Equipment > Spurs & Straps > English Spurs,JAE-SP-011L,Size: Long,,,,,Corro Trailer 1,32.18,32.18,32.18,58.50,0,0,,,
1,ALL INVENTORY,1787926575498,,Eliot's Trailer,1,Jake Adams Equestrian Horizontal Rowel Spur,Tack & Equipment > Spurs & Straps > English Spurs,JAE-SP-011S,Size: Short,,,,,Corro Trailer 1,32.18,32.18,32.18,58.50,0,0,,,
1,ALL INVENTORY,1787926575498,,Eliot's Trailer,1,Jake Adams Equestrian Horizontal Rowel Spur,Tack & Equipment > Spurs & Straps > English Spurs,JAE-SP-011M,Size: Medium,,,,,Corro Trailer 1,32.18,32.18,32.18,58.50,0,0,,,
1,ALL INVENTORY,1787926575498,,Eliot's Trailer,1,Jake Adams Equestrian Impulse Spur,Tack & Equipment > Spurs & Straps > English Spurs,JAE-SP-010S,Size: Short,,,,,Corro Trailer 1,32.18,32.18,32.18,58.50,0,0,,,
1,ALL INVENTORY,1787926575498,,Eliot's Trailer,1,Jake Adams Equestrian Impulse Spur,Tack & Equipment > Spurs & Straps > English Spurs,JAE-SP-010L,Size: Long,,,,,Corro Trailer 1,32.18,32.18,32.18,58.50,0,0,,,
1,ALL INVENTORY,1787926575498,,Eliot's Trailer,1,Jake Adams Equestrian Momentum Spur,Tack & Equipment > Spurs & Straps > English Spurs,JAE-SP-007L,Size: Long,,,,,Corro Trailer 1,32.18,32.18,32.18,58.50,0,0,,,
1,ALL INVENTORY,1787926575498,,Eliot's Trailer,1,Jake Adams Pulse Spur,Tack & Equipment > Spurs & Straps > English Spurs,JAE-SP-006S,Size: Short,,,,,Corro Trailer 1,32.18,32.18,32.18,58.50,0,0,,,
0,ALL INVENTORY,1787926575498,,Eliot's Trailer,1,Jake Adams Equestrian Comfort Coated Pulse Spur,Tack & Equipment > Spurs & Straps > English Spurs,JAE-017S,Size: Short,,,,,Corro Trailer 1,34.93,34.93,34.93,63.50,0,0,,,
1,ALL INVENTORY,1787926575498,,Eliot's Trailer,1,Jake Adams Equestrian Rhythm Spur,Tack & Equipment > Spurs & Straps > English Spurs,JAE-SP-004S,Size: Short,,,,,Corro Trailer 1,32.18,32.18,32.18,58.50,0,0,,,
1,ALL INVENTORY,1787926575498,,Eliot's Trailer,1,Jake Adams Equestrian Rhythm Spur,Tack & Equipment > Spurs & Straps > English Spurs,JAE-SP-004M,Size: Medium,,,,,Corro Trailer 1,32.18,32.18,32.18,58.50,0,0,,,
1,ALL INVENTORY,1787926575498,,Eliot's Trailer,1,Jake Adams Equestrian Rhythm Spur,Tack & Equipment > Spurs & Straps > English Spurs,JAE-SP-004L,Size: Long,,,,,Corro Trailer 1,32.18,32.18,32.18,58.50,0,0,,,
2,ALL INVENTORY,1787926575498,,Eliot's Trailer,1,Jake Adams Equestrian Spring Loaded Spur,Tack & Equipment > Spurs & Straps > English Spurs,JAE-SP-018,Title: Default Title,,,,,Corro Trailer 1,41.53,41.53,41.53,75.50,0,0,,,
1,ALL INVENTORY,1787926575498,,Eliot's Trailer,1,Jake Adams Equestrian Comfort Coated Rhythm Spur,Tack & Equipment > Spurs & Straps > English Spurs,JAE-016-L,Size: Long,,,,,Corro Trailer 1,34.93,34.93,34.93,63.50,0,0,,,
1,ALL INVENTORY,1787926575498,,Eliot's Trailer,1,Jake Adams Equestrian Comfort Coated Rhythm Spur,Tack & Equipment > Spurs & Straps > English Spurs,JAE-016-S,Size: Short,,,,,Corro Trailer 1,34.93,34.93,34.93,63.50,0,0,,,
1,ALL INVENTORY,1787926575498,,Eliot's Trailer,1,Jake Adams Equestrian Comfort Coated Rhythm Spur,Tack & Equipment > Spurs & Straps > English Spurs,JAE-016-M,Size: Medium,,,,,Corro Trailer 1,34.93,34.93,34.93,63.50,0,0,,,
1,ALL INVENTORY,1787926575498,,Eliot's Trailer,1,Jake Adams Equestrian Stride Spur,Tack & Equipment > Spurs & Straps > English Spurs,JAE-SP-002M,Size: Medium,,,,,Corro Trailer 1,32.18,32.18,32.18,58.50,0,0,,,
1,ALL INVENTORY,1787926575498,,Eliot's Trailer,1,Jake Adams Equestrian Stride Spur,Tack & Equipment > Spurs & Straps > English Spurs,JAE-SP-002S,Size: Short,,,,,Corro Trailer 1,32.18,32.18,32.18,58.50,0,0,,,
1,ALL INVENTORY,1787926575498,,Eliot's Trailer,1,Jake Adams Equestrian Stride Spur,Tack & Equipment > Spurs & Straps > English Spurs,JAE-SP-002L,Size: Long,,,,,Corro Trailer 1,32.18,32.18,32.18,58.50,0,0,,,
1,ALL INVENTORY,1787926575498,,Eliot's Trailer,1,Jake Adams Equestrian Swan Neck Spur,Tack & Equipment > Spurs & Straps > English Spurs,JAE-SP-001L,Size: Long,,,,,Corro Trailer 1,32.18,32.18,32.18,58.50,0,0,0.03846154,,
1,ALL INVENTORY,1787926575498,,Eliot's Trailer,1,Jake Adams Equestrian Swan Neck Spur,Tack & Equipment > Spurs & Straps > English Spurs,JAE-SP-001M,Size: Medium,,,,,Corro Trailer 1,32.18,32.18,32.18,58.50,0,0,,,
1,ALL INVENTORY,1787926575498,,Eliot's Trailer,1,Jake Adams Equestrian Swan Neck Spur,Tack & Equipment > Spurs & Straps > English Spurs,JAE-SP-001S,Size: Short,,,,,Corro Trailer 1,32.18,32.18,32.18,58.50,0,0,,,
0,ALL INVENTORY,1787926575498,,Eliot's Trailer,1,Jake Adams Equestrian Tempo Spur,Tack & Equipment > Spurs & Straps > English Spurs,JAE-SP-005M,Size: Medium,,,,,Corro Trailer 1,32.18,32.18,32.18,58.50,0,0,,,
1,ALL INVENTORY,1787926575498,,Eliot's Trailer,1,Jake Adams Equestrian Tempo Spur,Tack & Equipment > Spurs & Straps > English Spurs,JAE-SP-005L,Size: Long,,,,,Corro Trailer 1,32.18,32.18,32.18,58.50,0,0,,,
0,ALL INVENTORY,1787926575498,,Eliot's Trailer,1,Jake Adams Equestrian Comfort Coated Velocity Spur,Tack & Equipment > Spurs & Straps > English Spurs,JAE-SP-012M,Size: Medium,,,,,Corro Trailer 1,32.18,32.18,32.18,58.50,0,0,,,
1,ALL INVENTORY,1787926575498,,Eliot's Trailer,1,Jake Adams Equestrian Comfort Coated Velocity Spur,Tack & Equipment > Spurs & Straps > English Spurs,JAE-SP-012L,Size: Long,,,,,Corro Trailer 1,32.18,32.18,32.18,58.50,0,0,,,
0,ALL INVENTORY,1787926575498,,Eliot's Trailer,1,Jake Adams Equestrian Comfort Coated Velocity Spur,Tack & Equipment > Spurs & Straps > English Spurs,JAE-SP-012S,Size: Short,,,,,Corro Trailer 1,32.18,32.18,32.18,58.50,0,0,1,,
1,ALL INVENTORY,1787926575498,,Eliot's Trailer,1,Jake Adams Equestrian Vertical Smooth Rowel Spur,Tack & Equipment > Spurs & Straps > English Spurs,JAE-SP003S,Size: Short,,,,,Corro Trailer 1,32.18,32.18,32.18,58.50,0,0,,,
1,ALL INVENTORY,1787926575498,,Eliot's Trailer,1,Jake Adams Equestrian Vertical Smooth Rowel Spur,Tack & Equipment > Spurs & Straps > English Spurs,JAE-SP003L,Size: Long,,,,,Corro Trailer 1,32.18,32.18,32.18,58.50,0,0,,,
1,ALL INVENTORY,1787926575498,,Eliot's Trailer,1,Jake Adams Equestrian Vertical Smooth Rowel Spur,Tack & Equipment > Spurs & Straps > English Spurs,JAE-SP003M,Size: Medium,,,,,Corro Trailer 1,32.18,32.18,32.18,58.50,0,0,,,
1,ALL INVENTORY,1787926575498,,Eliot's Trailer,1,Jake Adams Equestrian Comfort Coated Smooth Rowel Spur,Tack & Equipment > Spurs & Straps > English Spurs,JAE-SP-15S,Size: Short,,,,,Corro Trailer 1,34.93,34.93,34.93,63.50,0,0,,,
1,ALL INVENTORY,1787926575498,,Eliot's Trailer,1,Jake Adams Equestrian Comfort Coated Smooth Rowel Spur,Tack & Equipment > Spurs & Straps > English Spurs,JAE-SP-15L,Size: Long,,,,,Corro Trailer 1,34.93,34.93,34.93,63.50,0,0,,,
1,ALL INVENTORY,1787926575498,,Eliot's Trailer,1,Jake Adams Equestrian Comfort Coated Smooth Rowel Spur,Tack & Equipment > Spurs & Straps > English Spurs,JAE-SP-15M,Size: Medium,,,,,Corro Trailer 1,34.93,34.93,34.93,63.50,0,0,,,
1,Cycle Counts,1784643477553,,Eliot's Trailer,1,Jake Adams Equestrian Tactiq Model L Gloves,Rider > Accessories & Apparel > Gloves,TQ-L-6,Size: 6,Color: Black,,,,Corro Trailer 1,27.50,27.50,27.50,49.99,0,0,,,
2,Cycle Counts,1784643477553,,Eliot's Trailer,1,Jake Adams Equestrian Tactiq Model L Gloves,Rider > Accessories & Apparel > Gloves,TQ-L-8,Size: 8,Color: Black,,,,Corro Trailer 1,27.50,27.50,27.50,49.99,0,0,,,
2,Cycle Counts,1784643477553,,Eliot's Trailer,1,Jake Adams Equestrian Tactiq Model L Gloves,Rider > Accessories & Apparel > Gloves,TQ-L-7.5,Size: 7.5,Color: Black,,,,Corro Trailer 1,27.50,27.50,27.50,49.99,0,0,,,
1,Cycle Counts,1784643477553,,Eliot's Trailer,1,Jake Adams Equestrian Tactiq Model L Gloves,Rider > Accessories & Apparel > Gloves,TQ-L-8.5,Size: 8.5,Color: Black,,,,Corro Trailer 1,27.50,27.50,27.50,49.99,0,0,,,
1,Cycle Counts,1784643477553,,Eliot's Trailer,1,Jake Adams Equestrian Tactiq Model L Gloves,Rider > Accessories & Apparel > Gloves,TQ-L-9,Size: 9,Color: Black,,,,Corro Trailer 1,27.50,27.50,27.50,49.99,0,0,,,
1,Cycle Counts,1784643477553,,Eliot's Trailer,1,Jake Adams Equestrian Tactiq Model L Gloves,Rider > Accessories & Apparel > Gloves,TQ-L-9.5,Size: 9.5,Color: Black,,,,Corro Trailer 1,27.50,27.50,27.50,49.99,0,0,,,
2,Cycle Counts,1784643477553,,Eliot's Trailer,1,Jake Adams Equestrian Tactiq Model L Gloves,Rider > Accessories & Apparel > Gloves,TQ-L-6.5,Size: 6.5,Color: Black,,,,Corro Trailer 1,27.50,27.50,27.50,49.99,0,0,,,
0,Cycle Counts,1784643477553,,Eliot's Trailer,1,Jake Adams Equestrian Tactiq Model L Gloves,Rider > Accessories & Apparel > Gloves,TQ-L-7,Size: 7,Color: Black,,,,Corro Trailer 1,27.50,27.50,27.50,49.99,0,0,1,,
1,Cycle Counts,1784643477553,,Eliot's Trailer,1,Jake Adams Equestrian Tactiq Model E Gloves,Rider > Accessories & Apparel > Gloves,TQ-E-9,Size: 9,Color: Black,,,,Corro Trailer 1,27.50,27.50,27.50,49.99,0,0,,,
2,Cycle Counts,1784643477553,,Eliot's Trailer,1,Jake Adams Equestrian Tactiq Model E Gloves,Rider > Accessories & Apparel > Gloves,TQ-E-7,Size: 7,Color: Black,,,,Corro Trailer 1,27.50,27.50,27.50,49.99,0,0,,,
1,Cycle Counts,1784643477553,,Eliot's Trailer,1,Jake Adams Equestrian Tactiq Model E Gloves,Rider > Accessories & Apparel > Gloves,TQ-E-6,Size: 6,Color: Black,,,,Corro Trailer 1,27.50,27.50,27.50,49.99,0,0,,,
1,Cycle Counts,1784643477553,,Eliot's Trailer,1,Jake Adams Equestrian Tactiq Model E Gloves,Rider > Accessories & Apparel > Gloves,TQ-E-8,Size: 8,Color: Black,,,,Corro Trailer 1,27.50,27.50,27.50,49.99,0,0,,,
1,Cycle Counts,1784643477553,,Eliot's Trailer,1,Jake Adams Equestrian Tactiq Model E Gloves,Rider > Accessories & Apparel > Gloves,TQ-E-8.5,Size: 8.5,Color: Black,,,,Corro Trailer 1,27.50,27.50,27.50,49.99,0,0,,,
2,Cycle Counts,1784643477553,,Eliot's Trailer,1,Jake Adams Equestrian Tactiq Model E Gloves,Rider > Accessories & Apparel > Gloves,TQ-E-7.5,Size: 7.5,Color: Black,,,,Corro Trailer 1,27.50,27.50,27.50,49.99,0,0,,,
1,Cycle Counts,1784643477553,,Eliot's Trailer,1,Jake Adams Equestrian Tactiq Model E Gloves,Rider > Accessories & Apparel > Gloves,TQ-E-6.5,Size: 6.5,Color: Black,,,,Corro Trailer 1,27.50,27.50,27.50,49.99,0,0,,,
1,ALL INVENTORY,1787926575498,,Eliot's Trailer,1,Jake Adams Equestrian Anatomic Hunter Girth with TechWool Liner,Tack & Equipment > Girths & Cinches > English Girths > Hunter/Jumper Girths,GRT-AHTWL-025-125,Size: 125 cm,,,,,Corro Trailer 1,173.25,173.25,173.25,315.00,0,0,,,
1,ALL INVENTORY,1787926575498,,Eliot's Trailer,1,"AJR Sport 4/8"" Flat Curb Rein - Hunter Collection","Tack & Equipment > Bridles, Headstalls & Reins > English Bridles & Reins > Reins",REIN-002-C,Size: Cob,,,,,Corro Trailer 1,71.34,71.34,71.34,123.00,0,0,,,
1,ALL INVENTORY,1787926575498,,Eliot's Trailer,1,"AJR Sport 4/8"" Flat Curb Rein - Hunter Collection","Tack & Equipment > Bridles, Headstalls & Reins > English Bridles & Reins > Reins",REIN-002-F,Size: Full,,,,,Corro Trailer 1,71.34,71.34,71.34,123.00,0,0,,,
1,ALL INVENTORY,1787926575498,,Eliot's Trailer,1,AJR Morph Metal Plate Insert Headpiece - Hunter Collection,"Tack & Equipment > Bridles, Headstalls & Reins > English Bridles & Reins > Bridle Accessories",ATT-064-F,Size: Full,,,,,Corro Trailer 1,109.62,109.62,109.62,189.00,0,0,,,
1,ALL INVENTORY,1787926575498,,Eliot's Trailer,1,AJR Sport Morph Metal Plate Insert Noseband - Hunter Collection,"Tack & Equipment > Bridles, Headstalls & Reins > English Bridles & Reins > Bridle Accessories",NSBD-063-C,Size: Cob,,,,,Corro Trailer 1,132.82,132.82,132.82,229.00,0,0,,,
1,ALL INVENTORY,1787926575498,,Eliot's Trailer,1,AJR Sport Morph Metal Plate Insert Noseband - Hunter Collection,"Tack & Equipment > Bridles, Headstalls & Reins > English Bridles & Reins > Bridle Accessories",NSBD-063-F,Size: Full,,,,,Corro Trailer 1,132.82,132.82,132.82,229.00,0,0,,,
1,ALL INVENTORY,1787926575498,,Eliot's Trailer,1,AJR Sport Noseband with Metal Plate Insert - Hunter Collection,"Tack & Equipment > Bridles, Headstalls & Reins > English Bridles & Reins > Bridle Accessories",NSBD-023-F,Size: Full,,,,,Corro Trailer 1,120.06,120.06,120.06,207.00,0,0,,,
2,ALL INVENTORY,1787926575498,,Eliot's Trailer,1,AJR Sport Standing Martingale - Hunter Collection,Tack & Equipment > Martingales & Breastplates,MRTG-015-F,Size: Full,,,,,Corro Trailer 1,114.84,114.84,114.84,198.00,0,0,,,
1,ALL INVENTORY,1787926575498,,Eliot's Trailer,1,AJR Sport Standing Martingale - Hunter Collection,Tack & Equipment > Martingales & Breastplates,MRTG-015-C,Size: Cob,,,,,Corro Trailer 1,114.84,114.84,114.84,198.00,0,0,,,
1,ALL INVENTORY,1787926575498,,Eliot's Trailer,1,AJR Sport Wide Noseband Hunter Bridle,"Tack & Equipment > Bridles, Headstalls & Reins > English Bridles & Reins > Bridles",BRD-018-C,Size: Cob,,,,,Corro Trailer 1,183.86,183.86,183.86,317.00,0,0,,,
1,ALL INVENTORY,1787926575498,,Eliot's Trailer,1,AJR Sport Wide Noseband Hunter Bridle,"Tack & Equipment > Bridles, Headstalls & Reins > English Bridles & Reins > Bridles",BRD-018-F,Size: Full,,,,,Corro Trailer 1,183.86,183.86,183.86,317.00,0,0,,,
1,ALL INVENTORY,1787926575498,,Eliot's Trailer,1,AJR Sport Anatomic Double Bridle with Flash Noseband - Jumper Collection,"Tack & Equipment > Bridles, Headstalls & Reins > English Bridles & Reins > Bridles",NSBD-075F,Size: Full,,,,,Corro Trailer 1,258.10,258.10,258.10,445.00,0,0,,,
1,ALL INVENTORY,1787926575498,,Eliot's Trailer,1,AJR Sport Padded Poll Relief Headpiece - Jumper Collection,"Tack & Equipment > Bridles, Headstalls & Reins > English Bridles & Reins > Bridle Accessories",ATT-069-F,Size: Full,,,,,Corro Trailer 1,91.64,91.64,91.64,158.00,0,0,,,
1,ALL INVENTORY,1787926575498,,Eliot's Trailer,1,AJR Sport 4/8' Rubber Rein - Jumper Collection,"Tack & Equipment > Bridles, Headstalls & Reins > English Bridles & Reins > Bridles",REIN-012-F,Size: Full,,,,,Corro Trailer 1,96.28,96.28,96.28,166.00,0,0,,,
1,ALL INVENTORY,1787926575498,,Eliot's Trailer,1,"AJR Sport 5/8"" Rubber Covered Converter Reins with Leather Grips - Jumper Collection","Tack & Equipment > Bridles, Headstalls & Reins > English Bridles & Reins > Reins",REIN-010-F,Size: Full,,,,,Corro Trailer 1,110.49,110.49,110.49,190.50,0,0,,,
1,ALL INVENTORY,1787926575498,,Eliot's Trailer,1,"AJR Sport 5/8"" Rubber Reins with Leather Grips - Jumper Collection","Tack & Equipment > Bridles, Headstalls & Reins > English Bridles & Reins > Reins",REIN-001-F,Size: Full,,,,,Corro Trailer 1,96.28,96.28,96.28,166.00,0,0,,,
1,ALL INVENTORY,1787926575498,,Eliot's Trailer,1,"AJR Sport 5/8"" Web Anti-Slip Rein with Leather Grips - Jumper Collection","Tack & Equipment > Bridles, Headstalls & Reins > English Bridles & Reins > Reins",REIN-007-F,Size: Full,,,,,Corro Trailer 1,85.55,85.55,85.55,147.50,0,0,,,
1,ALL INVENTORY,1787926575498,,Eliot's Trailer,1,AJR Sport Padded Removable Flash Noseband - Jumper Collection,"Tack & Equipment > Bridles, Headstalls & Reins > English Bridles & Reins > Bridle Accessories",NSBD-062F,Size: Full,,,,,Corro Trailer 1,144.42,144.42,144.42,249.00,0,0,,,
1,ALL INVENTORY,1787926575498,,Eliot's Trailer,1,AJR Sport Hackamore Cheek Piece Attachmens,"Tack & Equipment > Bridles, Headstalls & Reins > English Bridles & Reins > Bridle Accessories",ATT-038-F,Size: Full,,,,,Corro Trailer 1,35.09,35.09,35.09,60.50,0,0,,,
1,ALL INVENTORY,1787926575498,,Eliot's Trailer,1,AJR Sport Rope with Normal Drop Double Noseband - Jumper Collection,"Tack & Equipment > Bridles, Headstalls & Reins > English Bridles & Reins > Bridle Accessories",NSBD-032-F,Size: Full,,,,,Corro Trailer 1,120.64,120.64,120.64,208.00,0,0,,,
1,ALL INVENTORY,1787926575498,,Eliot's Trailer,1,Veltri Sport Delaire Backpack - IN STORE,Rider > Bags > Backpacks,C-VSP823BN,Color: Black/Nickel,,,,,Corro Trailer 1,141.36,141.36,141.36,248.00,0,0,,,
1,ALL INVENTORY,1787926575498,,Eliot's Trailer,1,Veltri Sport Grande Backpack - IN STORE,Rider > Bags > Backpacks,C-VSP12001BN,Color: Black/Nickel,,,,,Corro Trailer 1,141.36,141.36,141.36,298.00,0,0,,,
1,ALL INVENTORY,1787926575498,,Eliot's Trailer,1,Veltri Sport Bedford Boot Bag - IN STORE,Rider > Bags > Boot Bags,VSP724BRG,Color: Black/Rose Gold,,,,,Corro Trailer 1,169.86,169.86,169.86,148.00,0,0,,,
2,ALL INVENTORY,1787926575498,,Eliot's Trailer,1,Veltri Sport Thayer Cargo Bag - IN STORE,Rider > Bags > Totes & Pouches,VSP1024BN,Color: Black/Nickel,,,,,Corro Trailer 1,226.86,226.86,226.86,148.00,0,0,,,
1,ALL INVENTORY,1787926575498,,Eliot's Trailer,1,AJR Sport Straight Padded Noseband with Flash - Jumper Collection,"Tack & Equipment > Bridles, Headstalls & Reins > English Bridles & Reins > Bridle Accessories",NSBD-071F,Size: Full,,,,,Corro Trailer 1,104.40,104.40,104.40,180.00,0,0,,,
1,Cycle Counts,1784643477553,,Eliot's Trailer,1,Eloveá Uluwato Paddock Boots by Jake Adams Equestrian,Rider > Footwear > Boots,PB-ULUW-39,Size: 39,Color: Black,,,,Corro Trailer 1,142.45,142.45,142.45,259.00,0,0,,,
1,Cycle Counts,1784643477553,,Eliot's Trailer,1,Eloveá Uluwato Paddock Boots by Jake Adams Equestrian,Rider > Footwear > Boots,PB-ULUW-40,Size: 40,Color: Black,,,,Corro Trailer 1,142.45,142.45,142.45,259.00,0,0,,,
1,Cycle Counts,1784643477553,,Eliot's Trailer,1,Eloveá Uluwato Paddock Boots by Jake Adams Equestrian,Rider > Footwear > Boots,PB-ULUW-38,Size: 38,Color: Black,,,,Corro Trailer 1,142.45,142.45,142.45,259.00,0,0,,,
1,Cycle Counts,1784643477553,,Eliot's Trailer,1,Eloveá Lugano Paddock Boot by Jake Adams Equestrian,Rider > Footwear > Boots,PB-LUGANO-39,Size: 39,Color: Black,,,,Corro Trailer 1,142.45,142.45,142.45,259.00,0,0,,,
1,Cycle Counts,1784643477553,,Eliot's Trailer,1,Eloveá Lugano Paddock Boot by Jake Adams Equestrian,Rider > Footwear > Boots,PB-LUGANO-41,Size: 41,Color: Black,,,,Corro Trailer 1,142.45,142.45,142.45,259.00,0,0,,,
1,Cycle Counts,1784643477553,,Eliot's Trailer,1,Eloveá Lugano Paddock Boot by Jake Adams Equestrian,Rider > Footwear > Boots,PB-LUGANO-40,Size: 40,Color: Black,,,,Corro Trailer 1,142.45,142.45,142.45,259.00,0,0,,,
1,Cycle Counts,1784643477553,,Eliot's Trailer,1,Tactiq Model I Gloves by Jake Adams Equestrian,Rider > Accessories & Apparel > Gloves,TQ-I-B-6,Size: 6,Color: Black,,,,Corro Trailer 1,27.50,27.50,27.50,49.99,0,0,,,
2,Cycle Counts,1784643477553,,Eliot's Trailer,1,Tactiq Model I Gloves by Jake Adams Equestrian,Rider > Accessories & Apparel > Gloves,TQ-I-B-7,Size: 7,Color: Black,,,,Corro Trailer 1,27.50,27.50,27.50,49.99,0,0,,,
2,Cycle Counts,1784643477553,,Eliot's Trailer,1,Tactiq Model I Gloves by Jake Adams Equestrian,Rider > Accessories & Apparel > Gloves,TQ-I-B-6.5,Size: 6.5,Color: Black,,,,Corro Trailer 1,27.50,27.50,27.50,49.99,0,0,,,
2,Cycle Counts,1784643477553,,Eliot's Trailer,1,Tactiq Model I Gloves by Jake Adams Equestrian,Rider > Accessories & Apparel > Gloves,TQ-I-B-7.5,Size: 7.5,Color: Black,,,,Corro Trailer 1,27.50,27.50,27.50,49.99,0,0,,,
1,Cycle Counts,1784643477553,,Eliot's Trailer,1,Tactiq Model I Gloves by Jake Adams Equestrian,Rider > Accessories & Apparel > Gloves,TQ-I-B-9,Size: 9,Color: Black,,,,Corro Trailer 1,27.50,27.50,27.50,49.99,0,0,,,
2,Cycle Counts,1784643477553,,Eliot's Trailer,1,Tactiq Model I Gloves by Jake Adams Equestrian,Rider > Accessories & Apparel > Gloves,TQ-I-B-8,Size: 8,Color: Black,,,,Corro Trailer 1,27.50,27.50,27.50,49.99,0,0,,,
1,Cycle Counts,1784643477553,,Eliot's Trailer,1,Tactiq Model I Gloves by Jake Adams Equestrian,Rider > Accessories & Apparel > Gloves,TQ-I-B-8.5,Size: 8.5,Color: Black,,,,Corro Trailer 1,27.50,27.50,27.50,49.99,0,0,,,
2,Cycle Counts,1784643477553,,Eliot's Trailer,1,Tactiq Model M Gloves by Jake Adams Equestrian,Rider > Accessories & Apparel > Gloves,TQ-M-B-8,Size: 8,Color: Black,,,,Corro Trailer 1,27.50,27.50,27.50,49.99,0,0,,,
2,Cycle Counts,1784643477553,,Eliot's Trailer,1,Tactiq Model M Gloves by Jake Adams Equestrian,Rider > Accessories & Apparel > Gloves,TQ-M-B-7,Size: 7,Color: Black,,,,Corro Trailer 1,27.50,27.50,27.50,49.99,0,0,,,
1,Cycle Counts,1784643477553,,Eliot's Trailer,1,Tactiq Model M Gloves by Jake Adams Equestrian,Rider > Accessories & Apparel > Gloves,TQ-M-B-9.5,Size: 9.5,Color: Black,,,,Corro Trailer 1,27.50,27.50,27.50,49.99,0,0,,,
2,Cycle Counts,1784643477553,,Eliot's Trailer,1,Tactiq Model M Gloves by Jake Adams Equestrian,Rider > Accessories & Apparel > Gloves,TQ-M-B-7.5,Size: 7.5,Color: Black,,,,Corro Trailer 1,27.50,27.50,27.50,49.99,0,0,,,
1,Cycle Counts,1784643477553,,Eliot's Trailer,1,Tactiq Model M Gloves by Jake Adams Equestrian,Rider > Accessories & Apparel > Gloves,TQ-M-B-9,Size: 9,Color: Black,,,,Corro Trailer 1,27.50,27.50,27.50,49.99,0,0,,,
1,Cycle Counts,1784643477553,,Eliot's Trailer,1,Tactiq Model M Gloves by Jake Adams Equestrian,Rider > Accessories & Apparel > Gloves,TQ-M-B-6,Size: 6,Color: Black,,,,Corro Trailer 1,27.50,27.50,27.50,49.99,0,0,,,
1,Cycle Counts,1784643477553,,Eliot's Trailer,1,Tactiq Model M Gloves by Jake Adams Equestrian,Rider > Accessories & Apparel > Gloves,TQ-M-B-5,Size: 5,Color: Black,,,,Corro Trailer 1,27.50,27.50,27.50,49.99,0,0,,,
2,Cycle Counts,1784643477553,,Eliot's Trailer,1,Tactiq Model M Gloves by Jake Adams Equestrian,Rider > Accessories & Apparel > Gloves,TQ-M-B-8.5,Size: 8.5,Color: Black,,,,Corro Trailer 1,27.50,27.50,27.50,49.99,0,0,,,
2,Cycle Counts,1784643477553,,Eliot's Trailer,1,Tactiq Model M Gloves by Jake Adams Equestrian,Rider > Accessories & Apparel > Gloves,TQ-M-B-6.5,Size: 6.5,Color: Black,,,,Corro Trailer 1,27.50,27.50,27.50,49.99,0,0,,,
1,Cycle Counts,1784643477553,,Eliot's Trailer,1,Tactiq Model M Gloves by Jake Adams Equestrian,Rider > Accessories & Apparel > Gloves,TQ-M-B-10,Size: 10,Color: Black,,,,Corro Trailer 1,27.50,27.50,27.50,49.99,0,0,,,
1,Cycle Counts,1784643477553,,Eliot's Trailer,1,Tactiq Model M Gloves by Jake Adams Equestrian,Rider > Accessories & Apparel > Gloves,TQ-M-B-11,Size: 10.5,Color: Black,,,,Corro Trailer 1,27.50,27.50,27.50,49.99,0,0,,,
1,Cycle Counts,1784643477553,,Eliot's Trailer,1,Tactiq Model O Gloves by Jake Adams Equestrian,Rider > Accessories & Apparel > Gloves,TQ-O-B-8,Size: 8,Color: Black,,,,Corro Trailer 1,27.50,27.50,27.50,49.99,0,0,,,
1,Cycle Counts,1784643477553,,Eliot's Trailer,1,Tactiq Model O Gloves by Jake Adams Equestrian,Rider > Accessories & Apparel > Gloves,TQ-O-B-7.5,Size: 7.5,Color: Black,,,,Corro Trailer 1,27.50,27.50,27.50,49.99,0,0,,,
1,Cycle Counts,1784643477553,,Eliot's Trailer,1,Tactiq Model O Gloves by Jake Adams Equestrian,Rider > Accessories & Apparel > Gloves,TQ-O-B-7,Size: 7,Color: Black,,,,Corro Trailer 1,27.50,27.50,27.50,49.99,0,0,,,
0,ALL INVENTORY,1787926575498,,Eliot's Trailer,1,Tactiq Model O Gloves by Jake Adams Equestrian,Rider > Accessories & Apparel > Gloves,TQ-O-B-6,Size: 6,Color: Black,,,,Corro Trailer 1,27.50,27.50,27.50,49.99,0,0,,,
1,Cycle Counts,1784643477553,,Eliot's Trailer,1,Tactiq Model O Gloves by Jake Adams Equestrian,Rider > Accessories & Apparel > Gloves,TQ-O-B-6.5,Size: 6.5,Color: Black,,,,Corro Trailer 1,27.50,27.50,27.50,49.99,0,0,,,
1,Cycle Counts,1784643477553,,Eliot's Trailer,1,Tactiq Model O Gloves by Jake Adams Equestrian,Rider > Accessories & Apparel > Gloves,TQ-O-B-8.5,Size: 8.5,Color: Black,,,,Corro Trailer 1,27.50,27.50,27.50,49.99,0,0,,,
2,ALL INVENTORY,1787926575498,,Eliot's Trailer,1,Tactiq Model T Gloves by Jake Adams Equestrian,Rider > Accessories & Apparel > Gloves,TQ-T-B-9,Size: 9,,,,,Corro Trailer 1,27.50,27.50,27.50,49.99,0,0,,,
2,ALL INVENTORY,1787926575498,,Eliot's Trailer,1,Tactiq Model T Gloves by Jake Adams Equestrian,Rider > Accessories & Apparel > Gloves,TQ-T-B-8,Size: 8,,,,,Corro Trailer 1,27.50,27.50,27.50,49.99,0,0,,,
1,ALL INVENTORY,1787926575498,,Eliot's Trailer,1,Tactiq Model T Gloves by Jake Adams Equestrian,Rider > Accessories & Apparel > Gloves,TQ-T-B-5,Size: 5,,,,,Corro Trailer 1,27.50,27.50,27.50,49.99,0,0,,,
2,ALL INVENTORY,1787926575498,,Eliot's Trailer,1,Tactiq Model T Gloves by Jake Adams Equestrian,Rider > Accessories & Apparel > Gloves,TQ-T-B-6,Size: 6,,,,,Corro Trailer 1,27.50,27.50,27.50,49.99,0,0,,,
2,ALL INVENTORY,1787926575498,,Eliot's Trailer,1,Tactiq Model T Gloves by Jake Adams Equestrian,Rider > Accessories & Apparel > Gloves,TQ-T-B-7.5,Size: 7.5,,,,,Corro Trailer 1,27.50,27.50,27.50,49.99,0,0,,,
2,ALL INVENTORY,1787926575498,,Eliot's Trailer,1,Tactiq Model T Gloves by Jake Adams Equestrian,Rider > Accessories & Apparel > Gloves,TQ-T-B-6.5,Size: 6.5,,,,,Corro Trailer 1,27.50,27.50,27.50,49.99,0,0,,,
2,ALL INVENTORY,1787926575498,,Eliot's Trailer,1,Tactiq Model T Gloves by Jake Adams Equestrian,Rider > Accessories & Apparel > Gloves,TQ-T-B-7,Size: 7,,,,,Corro Trailer 1,27.50,27.50,27.50,49.99,0,0,,,
2,ALL INVENTORY,1787926575498,,Eliot's Trailer,1,Tactiq Model T Gloves by Jake Adams Equestrian,Rider > Accessories & Apparel > Gloves,TQ-T-B-8.5,Size: 8.5,,,,,Corro Trailer 1,27.50,27.50,27.50,49.99,0,0,,,
1,Cycle Counts 2,1785504784408,,Eliot's Trailer,1,Solid Citizen Winnie Warm Up WindBreaker,Rider > Accessories & Apparel > Shirts,SC58-COCO-M,Color: Coco Brown,Size: M,,,,Corro Trailer 1,67.00,67.00,67.00,190.00,0,0,0.037037037,Fri Jul 31 2026 15:30:11 GMT+0000 (Coordinated Universal Time),SOC00001
1,Cycle Counts 2,1785504784408,,Eliot's Trailer,1,Solid Citizen Winnie Warm Up WindBreaker,Rider > Accessories & Apparel > Shirts,SC58-OLIVE-XS,Color: Olive Green,Size: XS,,,,Corro Trailer 1,67.00,67.00,67.00,190.00,0,0,,Fri Jul 31 2026 15:30:11 GMT+0000 (Coordinated Universal Time),SOC00001
0,Cycle Counts 2,1785504784408,,Eliot's Trailer,1,Solid Citizen Winnie Warm Up WindBreaker,Rider > Accessories & Apparel > Shirts,SC58-COCO-L,Color: Coco Brown,Size: L,,,,Corro Trailer 1,67.00,67.00,67.00,190.00,0,0,,Fri Jul 31 2026 15:30:11 GMT+0000 (Coordinated Universal Time),SOC00001
1,Cycle Counts 2,1785504784408,,Eliot's Trailer,1,Solid Citizen Winnie Warm Up WindBreaker,Rider > Accessories & Apparel > Shirts,SC58-OLIVE-M,Color: Olive Green,Size: M,,,,Corro Trailer 1,67.00,67.00,67.00,190.00,0,0,,Fri Jul 31 2026 15:30:11 GMT+0000 (Coordinated Universal Time),SOC00001
1,Cycle Counts 2,1785504784408,,Eliot's Trailer,1,Solid Citizen Winnie Warm Up WindBreaker,Rider > Accessories & Apparel > Shirts,SC58-COCO-S,Color: Coco Brown,Size: S,,,,Corro Trailer 1,67.00,67.00,67.00,190.00,0,0,0.03846154,Fri Jul 31 2026 15:30:11 GMT+0000 (Coordinated Universal Time),SOC00001
1,Cycle Counts 2,1785504784408,,Eliot's Trailer,1,Solid Citizen Winnie Warm Up WindBreaker,Rider > Accessories & Apparel > Shirts,SC58-COCO-XS,Color: Coco Brown,Size: XS,,,,Corro Trailer 1,67.00,67.00,67.00,190.00,0,0,,Fri Jul 31 2026 15:30:11 GMT+0000 (Coordinated Universal Time),SOC00001
0,Cycle Counts 2,1785504784408,,Eliot's Trailer,1,Solid Citizen Winnie Warm Up WindBreaker,Rider > Accessories & Apparel > Shirts,SC58-OLIVE-L,Color: Olive Green,Size: L,,,,Corro Trailer 1,67.00,67.00,67.00,190.00,0,0,,Fri Jul 31 2026 15:30:11 GMT+0000 (Coordinated Universal Time),SOC00001
1,Cycle Counts 2,1785504784408,,Eliot's Trailer,1,Solid Citizen Winnie Warm Up WindBreaker,Rider > Accessories & Apparel > Shirts,SC58-OLIVE-S,Color: Olive Green,Size: S,,,,Corro Trailer 1,67.00,67.00,67.00,190.00,0,0,0.037037037,Fri Jul 31 2026 15:30:11 GMT+0000 (Coordinated Universal Time),SOC00001
2,Cycle Counts 2,1785504784408,,Eliot's Trailer,1,Solid Citizen Whitney Whipstitch,Rider > Accessories & Apparel > Shirts,SC59-BROWN-XS,Color: Brown,Size: XS,,,,Corro Trailer 1,90.00,90.00,90.00,140.00,0,0,,Fri Jul 31 2026 15:30:11 GMT+0000 (Coordinated Universal Time),SOC00001
2,Cycle Counts 2,1785504784408,,Eliot's Trailer,1,Solid Citizen Whitney Whipstitch,Rider > Accessories & Apparel > Shirts,SC59-BROWN-S,Color: Brown,Size: S,,,,Corro Trailer 1,90.00,90.00,90.00,140.00,0,0,0.04,Fri Jul 31 2026 15:30:11 GMT+0000 (Coordinated Universal Time),SOC00001
3,Cycle Counts 2,1785504784408,,Eliot's Trailer,1,Solid Citizen Whitney Whipstitch,Rider > Accessories & Apparel > Shirts,SC59-BROWN-M,Color: Brown,Size: M,,,,Corro Trailer 1,90.00,90.00,90.00,140.00,0,0,,Fri Jul 31 2026 15:30:11 GMT+0000 (Coordinated Universal Time),SOC00001
1,Cycle Counts 2,1785504784408,,Eliot's Trailer,1,Solid Citizen Whitney Whipstitch,Rider > Accessories & Apparel > Shirts,SC59-BROWN-L,Color: Brown,Size: L,,,,Corro Trailer 1,90.00,90.00,90.00,140.00,0,0,,Fri Jul 31 2026 15:30:11 GMT+0000 (Coordinated Universal Time),SOC00001
2,Cycle Counts 2,1785504784408,,Eliot's Trailer,1,Solid Citizen Bowie Quilted Barn Jacket,Rider > Accessories & Apparel > Shirts,SC57-NAVY-S,Color: Navy,Size: S,,,,Corro Trailer 1,70.00,70.00,70.00,250.00,0,0,,Fri Jul 31 2026 15:30:11 GMT+0000 (Coordinated Universal Time),SOC00001
2,Cycle Counts 2,1785504784408,,Eliot's Trailer,1,Solid Citizen Bowie Quilted Barn Jacket,Rider > Accessories & Apparel > Shirts,SC57-NAVY-M,Color: Navy,Size: M,,,,Corro Trailer 1,70.00,70.00,70.00,250.00,0,0,,Fri Jul 31 2026 15:30:11 GMT+0000 (Coordinated Universal Time),SOC00001
0,Cycle Counts 2,1785504784408,,Eliot's Trailer,1,Solid Citizen Bowie Quilted Barn Jacket,Rider > Accessories & Apparel > Shirts,SC57-NAVY-L,Color: Navy,Size: L,,,,Corro Trailer 1,70.00,70.00,70.00,250.00,0,0,,Fri Jul 31 2026 15:30:11 GMT+0000 (Coordinated Universal Time),SOC00001
1,Cycle Counts 2,1785504784408,,Eliot's Trailer,1,Solid Citizen Bowie Quilted Barn Jacket,Rider > Accessories & Apparel > Shirts,SC57-NAVY-XS,Color: Navy,Size: XS,,,,Corro Trailer 1,70.00,70.00,70.00,250.00,0,0,,Fri Jul 31 2026 15:30:11 GMT+0000 (Coordinated Universal Time),SOC00001
-1,,,,,,Sun Bum SPF 30 Sunscreen Lip Balm,Rider > Accessories & Apparel > Accessories,SunBumSpf30SunscreenLipBalm-DefaultTitle,Title: Default Title,,,,,Corro Trailer 1,3.33,3.33,3.33,5.00,0,0,0.03846154,,