quantity,bin,binBarcode,barcode,shelf,level,productName,productType,sku,option1,option2,option3,lotName,expiration,warehouse,minCost,avgCost,maxCost,price,committed,incoming,velocity,lastReceivedAt,lastReceivedPO
5,ROW 3 : LVL 2,1774281147458,859755002018,Supplements 2,2,Auburn Laboratories Advanced Protection Formula Pro Muscle & Gastric Support Liquid Supplement,Horse Care > Supplements > Weight Gain & Muscle,APF-E02,Size: 12 Ounces,,,,,Wellington Warehouse,130.38,130.38,130.38,165.99,0,0,,,
2,ROW 3 : LVL 3,1774281614628,040102223302,Grooming/Tack Cleaner,3,Andis AGC Super 2-Speed Clipper with T-84 Blade,"Horse Care > Grooming & Bathing > Clippers, Blades & Accessories",23330,Title: Default Title,,,,,Wellington Warehouse,144.31,144.31,144.31,209.99,0,0,,,
0,BIN-02,1767626770401,7340041115701,Shelf 5,2,Back on Track 3D Mesh All-purpose Splint Boots,Tack & Equipment > Boots & Wraps > Protective Boots > Front Boots,20800202,Size: Medium,Color: White,,,,Wellington Warehouse,37.50,37.50,37.50,75.00,0,0,,,
0,ROW 5 : LVL 4,1769190184154,728028238556,Fly sprays,4,Ecovet All-Natural Fly Repellent,Horse Care > Fly & Insect Control > Fly Sprays & Traps,011-23855,Size: 18 Ounces,,,,,Wellington Warehouse,21.56,21.56,21.56,30.99,0,0,0.022727273,,
3,ROW 4 : LVL 1,1774281545041,899046000743,Grooming,1,eZall All-Natural Spot Remover,"Horse Care > Grooming & Bathing > Shampoos, Conditioners, & Sprays > Stain Removers",69-4072,Size: 32 Ounces,,,,,Wellington Warehouse,11.20,11.20,11.20,19.99,0,0,,,
0,ROW 3 : LVL 2,1774281545037,823313023500,Grooming,2,Lucky Braids All-in-One Horse Shampoo,"Horse Care > Grooming & Bathing > Shampoos, Conditioners, & Sprays > Shampoos",2350,Size: 1 Gallon,,,,,Wellington Warehouse,49.50,49.50,49.50,89.95,0,0,,,
0,BIN-02,1767626770401,7340041115671,Shelf 5,2,Back on Track 3D Mesh All-purpose Splint Boots,Tack & Equipment > Boots & Wraps > Protective Boots > Front Boots,20800003,Size: Large,Color: Black,,,,Wellington Warehouse,37.50,37.50,37.50,75.00,0,0,,,
4,BIN-02,1767626770401,7340041115718,Shelf 5,2,Back on Track 3D Mesh All-purpose Splint Boots,Tack & Equipment > Boots & Wraps > Protective Boots > Front Boots,20800203,Size: Large,Color: White,,,,Wellington Warehouse,37.50,37.50,37.50,75.00,0,0,,,
1,BIN-02,1767626770401,7340041115695,Shelf 5,2,Back on Track 3D Mesh All-purpose Splint Boots,Tack & Equipment > Boots & Wraps > Protective Boots > Front Boots,20800201,Size: Small,Color: White,,,,Wellington Warehouse,37.50,37.50,37.50,75.00,0,0,,,
1,ROW 5 : LVL 3,1769190184153,728028331875,Fly sprays,3,Ecovet All-Natural Fly Repellent,Horse Care > Fly & Insect Control > Fly Sprays & Traps,ECO-003,Size: 1 Gallon,,,,,Wellington Warehouse,118.24,118.24,118.24,165.90,0,0,,,
14,BIN-02,1767626770401,7340041115688,Shelf 5,2,Back on Track 3D Mesh All-purpose Splint Boots,Tack & Equipment > Boots & Wraps > Protective Boots > Front Boots,20800004,Size: X-Large,Color: Black,,,,Wellington Warehouse,37.50,37.50,37.50,75.00,0,0,,,
11,BIN-02,1767626770401,7340041115725,Shelf 5,2,Back on Track 3D Mesh All-purpose Splint Boots,Tack & Equipment > Boots & Wraps > Protective Boots > Front Boots,20800204,Size: X-Large,Color: White,,,,Wellington Warehouse,37.50,37.50,37.50,75.00,0,0,,,
24,ROW 1 : LVL 1,1767888349952,087219009642,Supplements 1,1,Zoetis ANTHELCIDE EQ Broad-Spectrum Dewormer Paste,Horse Care > Supplements > Wormer,10010462,Size: 24 Grams,,,Lot #785998,2027-10-01,Wellington Warehouse,7.04,7.04,7.04,11.18,0,0,,,
3,ROW 5 : LVL 2,1774281422020,086621811201,Supplements 3,2,Farnam Apple Elite Electrolyte Powder,Horse Care > Supplements > Electrolytes & Salt,81120,Size: 20 Pounds,,,Lot #2107280150 OR 81120,2028-08-01,Wellington Warehouse,31.08,31.08,31.08,59.99,0,0,0.05263158,,
0,ROW 1 : LVL 1,1774281650387,051115052798,Hoof/Treats,1,3M Animalintex Poultice Pad,Horse Care > First Aid & Wellness > Poultices & Hoof Packing,1395,Size: 5.5 inches x 5.5 inches - 3 Pack,,,,,Wellington Warehouse,8.68,8.68,8.68,14.99,0,8,,,
8,ROW 5 : LVL 2,1774281422020,715401020150,Supplements 3,2,Finish Line Apple-A-Day Electrolytes,Horse Care > Supplements > Electrolytes & Salt,2015,Size: 15 Pounds,,,,,Wellington Warehouse,27.90,28.08,28.45,39.99,0,0,0.02739726,Fri May 08 2026 20:09:12 GMT+0000 (Coordinated Universal Time),Trade Show Order #3
0,ROW 1 : LVL 1,1774281650387,051115052774,Hoof/Treats,1,3M Animalintex Poultice Pad,Horse Care > First Aid & Wellness > Poultices & Hoof Packing,1395P,Size: 8 Inches x 16 Inches - Single Sheet,,,,,Wellington Warehouse,7.07,7.07,7.07,9.99,0,10,,,
8,ROW 4 : LVL 3,1774281147463,086621811102,Supplements 2,3,Farnam Apple Elite Electrolyte Powder,Horse Care > Supplements > Electrolytes & Salt,81110,Size: 5 Pounds,,,Lot #2103042432,2028-08-01,Wellington Warehouse,10.28,10.28,10.28,17.99,0,0,0.016949153,,
12,ROW 5 : LVL 1,1774281422019,,Supplements 3,1,Finish Line Apple-A-Day Electrolytes,Horse Care > Supplements > Electrolytes & Salt,2030,Size: 30 Pounds,,,,,Wellington Warehouse,49.38,49.38,49.38,70.95,0,0,0.11940298,Fri May 29 2026 15:37:44 GMT+0000 (Coordinated Universal Time),RJ TRADE SHOW MAY #26055027400
2,ROW 4 : LVL 3,1774281147463,715401020051,Supplements 2,3,Finish Line Apple-A-Day Electrolytes,Horse Care > Supplements > Electrolytes & Salt,2005,Size: 5 Pounds,,,,,Wellington Warehouse,11.93,11.93,11.93,16.49,0,0,0.08955224,Fri May 29 2026 15:37:29 GMT+0000 (Coordinated Universal Time),RJ TRADE SHOW MAY #26055027400
4,BIN-01,1768403023955,7340041107096,Shelf 10,1,Back on Track Bell Boots,Tack & Equipment > Boots & Wraps > Bell Boots,20420003,Size: Large,,,,,Wellington Warehouse,22.50,22.50,22.50,45.00,0,0,0.01754386,,
10,ROW 3 : LVL 2,1774281614627,5021544000887,Grooming/Tack Cleaner,2,Carr & Day & Martin Belvoir Glycerin Conditioning Soap,Tack & Equipment > Leather Care,10020,Size: 250 Milligrams,,,,,Wellington Warehouse,5.45,5.45,5.45,9.99,0,0,,,
0,BIN-01,1768403023955,7340041107089,Shelf 10,1,Back on Track Bell Boots,Tack & Equipment > Boots & Wraps > Bell Boots,20420002,Size: Medium,,,,,Wellington Warehouse,22.50,22.50,22.50,45.00,0,0,,,
2,ROW 4 : LVL 1,1774281545041,5425016901953,Grooming,1,Cavalor Bianco Wash,"Horse Care > Grooming & Bathing > Shampoos, Conditioners, & Sprays > Stain Removers",82193050,Size: 500 Milliliters,,,,,Wellington Warehouse,21.09,21.09,21.09,30.99,0,0,0.028571429,,
0,BIN-01,1768403023955,7340041107072,Shelf 10,1,Back on Track Bell Boots,Tack & Equipment > Boots & Wraps > Bell Boots,20420001,Size: Small,,,,,Wellington Warehouse,22.50,22.50,22.50,45.00,0,0,0.01724138,,
8,ROW 3 : LVL 3,1774281614628,040102125904,Grooming/Tack Cleaner,3,Andis Blade Care Plus,"Horse Care > Grooming & Bathing > Clippers, Blades & Accessories",12590,Size: 16 Ounce Bottle,,,,,Wellington Warehouse,8.47,8.47,8.47,12.99,0,0,,,
11,ROW 1 : LVL 3,1768938712711,311444130025,First Aid,3,Bigeloil Liniment for Sore Muscle & Joint Relief,Horse Care > First Aid & Wellness > Liniments,427952,Size: 32 Ounces,,,,,Wellington Warehouse,13.72,13.72,13.72,18.29,0,0,0.02173913,,
15,ROW 4 : LVL 2,1774281147462,694244901119,Supplements 2,2,AniMed Biotin 100 Hoof Support Powder,Horse Care > Supplements > Hoof Health,90111,Size: 5 Pounds,,,,,Wellington Warehouse,11.28,11.28,11.28,33.99,0,0,0.056179777,Fri May 29 2026 16:34:40 GMT+0000 (Coordinated Universal Time),RJ April Trade Show Order #26055020300
19,ROW 4 : LVL 2,1774281147462,694244901102,Supplements 2,2,AniMed Biotin 100 Hoof Support Powder,Horse Care > Supplements > Hoof Health,9011125,Size: 2.5 Pounds,,,,,Wellington Warehouse,0.00,5.29,8.08,17.59,0,0,,,
19,ROW 1 : LVL 4,1768938712712,311444130032,First Aid,4,Bigeloil Liniment for Sore Muscle & Joint Relief,Horse Care > First Aid & Wellness > Liniments,427954,Size: 1 Gallon,,,,,Wellington Warehouse,40.39,40.39,40.39,54.09,0,0,,Fri May 29 2026 16:52:47 GMT+0000 (Coordinated Universal Time),RJ TRADE SHOW MAY #26055027400
21,ROW 5 : LVL 2,1769190184152,086621023284,Fly sprays,2,Farnam Bronco Equine Fly Spray,Horse Care > Fly & Insect Control > Fly Sprays & Traps,100502328,Size: 1 Quart,,,,,Wellington Warehouse,5.45,5.45,5.45,12.99,0,0,,,
9,ROW 5 : LVL 2,1769190184152,86621023277,Fly sprays,2,Farnam Bronco Equine Fly Spray,Horse Care > Fly & Insect Control > Fly Sprays & Traps,100502327,Size: 1 Gallon,,,,,Wellington Warehouse,18.38,18.38,18.38,29.97,0,0,0.125,Fri May 29 2026 17:58:37 GMT+0000 (Coordinated Universal Time),RJ TRADE SHOW MAY #26055027400
6,ROW 4 : LVL 2,1774281614632,5021544201062,Grooming/Tack Cleaner,2,Carr & Day & Martin Canter Mane & Tail Conditioner,"Horse Care > Grooming & Bathing > Shampoos, Conditioners & Sprays > Detanglers, Shines & Sprays",20106,Size: 1 Liter,,,,,Wellington Warehouse,16.05,16.05,16.05,25.99,0,0,,,
0,BIN-01,1768403023955,841095052952,Shelf 10,1,Centaur Fleece Cuff Bell Boots,Tack & Equipment > Boots & Wraps > Bell Boots,470790WHT SML,Size: Small,Color: White,,,,Wellington Warehouse,14.98,14.98,14.98,21.99,0,0,,,
1,ROW 4 : LVL 2,1774281614632,5021544201048,Grooming/Tack Cleaner,2,Carr & Day & Martin Canter Mane & Tail Conditioner,"Horse Care > Grooming & Bathing > Shampoos, Conditioners & Sprays > Detanglers, Shines & Sprays",CC025,Size: 500 Milliliters,,,,,Wellington Warehouse,9.59,9.59,9.59,15.99,0,0,0.069767445,,
0,BIN-01,1768403023955,841095046463,Shelf 10,1,Centaur Fleece Cuff Bell Boots,Tack & Equipment > Boots & Wraps > Bell Boots,470790BLK SML,Size: Small,Color: Black,,,,Wellington Warehouse,14.98,14.98,14.98,21.99,0,0,,,
3,ROW 4 : LVL 4,1774281147464,694244904127,Supplements 2,4,AniMed CoMega Supreme Nutritional Oil,Horse Care > Supplements > Vitamins & Minerals,053-90412,Size: 1 Gallon,,,,,Wellington Warehouse,18.07,18.07,18.07,31.39,0,0,,,
40,ROW 1 : LVL 1,1768938420680,724004612501,First Aid,1,Andover CoFlex Vet Cohesive Bandages - Single Roll,Horse Care > First Aid & Wellness > First Aid Supplies,3540WH-018,Size: 4-inch x 5 Yards,Color: White,,,,Wellington Warehouse,1.50,1.50,1.50,1.99,0,0,,,
35,ROW 3 : LVL 3,1774281614628,040102121081,Grooming/Tack Cleaner,3,Andis Clipper Oil,"Horse Care > Grooming & Bathing > Clippers, Blades & Accessories",12501,Size: 4 Ounces,,,,,Wellington Warehouse,1.29,1.29,1.29,2.35,0,0,0.055555556,,
16,ROW 1 : LVL 4,1768938712712,810611000234,First Aid,4,Sore No-More Classic Herbal Gelotion Liniment,Horse Care > First Aid & Wellness > Liniments,AD005,Size: 1 Gallon,,,,,Wellington Warehouse,73.37,73.37,73.37,132.92,0,0,,Tue May 12 2026 18:02:06 GMT+0000 (Coordinated Universal Time),RJ April Trade Show Order #26055020300
16,ROW 4 : LVL 4,1774281147464,816341010017,Supplements 2,4,Uckele Equine CocoSoya Fatty Acid Formula Liquid,Horse Care > Supplements > Weight Gain & Muscle,2109763239,Size: 1 Gallon,,,Lot #3358383,2027-07-01,Wellington Warehouse,24.56,24.56,24.56,35.74,0,0,,Fri May 29 2026 17:04:23 GMT+0000 (Coordinated Universal Time),RJ TRADE SHOW MAY #26055027400
3,ROW 4 : LVL 4,1774281147464,816341010017,Supplements 2,4,Uckele Equine CocoSoya Fatty Acid Formula Liquid,Horse Care > Supplements > Weight Gain & Muscle,2109763239,Size: 1 Gallon,,,Lot #3317229,2026-11-01,Wellington Warehouse,24.56,24.56,24.56,35.74,0,0,,Fri May 29 2026 17:04:23 GMT+0000 (Coordinated Universal Time),RJ TRADE SHOW MAY #26055027400
39,ROW 1 : LVL 1,1768938420680,724004611924,First Aid,1,Andover CoFlex Vet Cohesive Bandages - Single Roll,Horse Care > First Aid & Wellness > First Aid Supplies,3540BK-018,Size: 4-inch x 5 Yards,Color: Black,,,,Wellington Warehouse,1.46,1.46,1.46,1.99,0,0,0.42307693,,
56,ROW 4 : LVL 4,1774281545044,727556543750,Grooming,4,The Original Mane 'n Tail Conditioner,"Horse Care > Grooming & Bathing > Shampoos, Conditioners, & Sprays > Conditioners",013-32375,Size: 1 Gallon,,,,,Wellington Warehouse,15.30,15.30,15.30,31.40,0,0,0.014925373,,
0,ROW 3 : LVL 3,1774281147459,899855500120,Supplements 2,3,Bimeda Confidence EQ Equine Appeasing Pheromone Gel,Horse Care > Supplements > Calming & Focus,1CON011,Size: 10-pack,,,,,Wellington Warehouse,0.00,18.04,36.08,52.99,0,6,0.042857144,,
19,ROW 1 : LVL 3,1768938712711,011444524014,First Aid,3,Absorbine CoolDown Herbal Rinse,Horse Care > First Aid & Wellness > Liniments,427870,Size: 32 Ounces,,,,,Wellington Warehouse,18.53,18.69,18.80,24.49,0,0,0.027027028,Fri May 29 2026 16:48:11 GMT+0000 (Coordinated Universal Time),RJ TRADE SHOW MAY #26055027400
0,Grid wall,1770916055031,872836007894,Girths,1,Lettia Coolmax Clik Girth,Tack & Equipment > Girths & Cinches > English Girths > Hunter/Jumper Girths,7894,Size: 44 inch,,,,,Wellington Warehouse,40.00,40.00,40.00,59.99,0,0,,,
0,Grid wall,1770916055031,8728360028688,Girths,1,Lettia CoolMax Fleece-lined Girth,Tack & Equipment > Girths & Cinches > English Girths > Hunter/Jumper Girths,GM48,Size: 48-inch,,,,,Wellington Warehouse,31.50,31.50,31.50,59.99,0,0,,,
0,Grid wall,1770916055031,872836002820,Girths,1,Lettia CoolMax Fleece-lined Girth,Tack & Equipment > Girths & Cinches > English Girths > Hunter/Jumper Girths,GM40,Size: 40-inch,,,,,Wellington Warehouse,31.50,31.50,31.50,59.99,0,0,,,
0,Grid wall,1770916055031,8728360028374,Girths,1,Lettia CoolMax Fleece-lined Girth,Tack & Equipment > Girths & Cinches > English Girths > Hunter/Jumper Girths,GM42,Size: 42-inch,,,,,Wellington Warehouse,31.50,31.50,31.50,59.99,0,0,,,
2,ROW 1 : LVL 3,1768938712711,5425016902073,First Aid,3,Cavalor CoolSens Liniment,Horse Care > First Aid & Wellness > Liniments,82193605,Size: 500 ml,,,,,Wellington Warehouse,20.39,20.39,20.39,29.99,0,0,0.037037037,,
10,ROW 3 : LVL 1,1774281545036,606786030165,Grooming,1,Cowboy Magic Rosewater Conditioner,"Horse Care > Grooming & Bathing > Shampoos, Conditioners, & Sprays > Conditioners",3016,Size: 16 Ounces,,,,,Wellington Warehouse,4.86,4.86,4.86,10.99,0,0,,,
13,ROW 4 : LVL 3,1774281614633,606786010129,Grooming/Tack Cleaner,3,Cowboy Magic Detangler & Shine,"Horse Care > Grooming & Bathing > Shampoos, Conditioners & Sprays > Detanglers, Shines & Sprays",11815-2,Size: 16 Ounces,,,,,Wellington Warehouse,21.08,21.88,23.48,28.99,0,0,0.01923077,Fri May 29 2026 18:25:05 GMT+0000 (Coordinated Universal Time),RJ TRADE SHOW MAY #26055027400
1,ROW 3 : LVL 1,1774281545036,606786031285,Grooming,1,Cowboy Magic Rosewater Conditioner,"Horse Care > Grooming & Bathing > Shampoos, Conditioners, & Sprays > Conditioners",3128,Size: 1 Gallon,,,,,Wellington Warehouse,27.10,27.10,27.10,38.99,0,0,,,
3,ROW 3 : LVL 1,1774281545036,,Grooming,1,Cowboy Magic Rosewater Shampoo,"Horse Care > Grooming & Bathing > Shampoos, Conditioners, & Sprays > Shampoos",320166,Size: 32 Ounces,,,,,Wellington Warehouse,9.32,9.32,9.32,15.99,0,0,,,
3,ROW 3 : LVL 1,1774281545036,606786041284,Grooming,1,Cowboy Magic GreenSpot Remover,"Horse Care > Grooming & Bathing > Shampoos, Conditioners, & Sprays > Stain Removers",320444,Size: Gallon,,,,,Wellington Warehouse,24.47,24.76,25.04,39.99,0,0,,Fri May 08 2026 20:07:42 GMT+0000 (Coordinated Universal Time),PO 3225
17,ROW 4 : LVL 3,1774281614633,606786010327,Grooming/Tack Cleaner,3,Cowboy Magic Detangler & Shine,"Horse Care > Grooming & Bathing > Shampoos, Conditioners & Sprays > Detanglers, Shines & Sprays",11815-3,Size: 32 Ounces,,,,,Wellington Warehouse,38.30,39.95,43.24,49.99,0,0,,Fri May 29 2026 17:57:46 GMT+0000 (Coordinated Universal Time),RJ TRADE SHOW MAY #26055027400
3,ROW 3 : LVL 1,1774281545036,606786400005,Grooming,1,Cowboy Magic GreenSpot Remover,"Horse Care > Grooming & Bathing > Shampoos, Conditioners, & Sprays > Stain Removers",013-4000,Size: 32 Ounces,,,,,Wellington Warehouse,7.41,7.41,7.41,14.99,0,0,0.036144577,,
2,ROW 3 : LVL 1,1774281545036,606786030325,Grooming,1,Cowboy Magic Rosewater Conditioner,"Horse Care > Grooming & Bathing > Shampoos, Conditioners, & Sprays > Conditioners",3032,Size: 32 Ounces,,,,,Wellington Warehouse,7.62,7.62,7.62,15.99,0,0,,,
11,ROW 3 : LVL 1,1774281545036,606786050163,Grooming,1,Cowboy Magic Shine In Yellow Out,"Horse Care > Grooming & Bathing > Shampoos, Conditioners, & Sprays > Stain Removers",5016,Size: 16 Ounces,,,,,Wellington Warehouse,6.56,6.56,6.56,11.99,0,0,,,
4,ROW 3 : LVL 1,1774281545036,606786020166,Grooming,1,Cowboy Magic Rosewater Shampoo,"Horse Care > Grooming & Bathing > Shampoos, Conditioners, & Sprays > Shampoos",320126,Size: 16 Ounces,,,,,Wellington Warehouse,5.90,5.90,5.90,9.99,0,0,,,
3,ROW 4 : LVL 1,1774281147461,784299620506,Supplements 2,1,"Select the Best Dark Horse Nu-Image Coat, Mane, & Tail Support",Horse Care > Supplements > Skin & Coat,620506,Size: 5 Pounds,,,,,Wellington Warehouse,34.43,34.43,34.43,46.99,0,0,,,
2,ROW 2 : LVL 1,1774281650391,"5410340724767, 5410340724767",Hoof/Treats,1,Cavalor Crunchies Healthy Horse Snacks,Horse Care > Treats & Toys > Treats,82696309,Size: 1.5 Kilograms,,,Lot# LL099,2026-09-10,Wellington Warehouse,13.45,13.45,13.45,19.99,0,0,0.028571429,Wed Apr 15 2026 13:49:08 GMT+0000 (Coordinated Universal Time),PO#3232
24,ROW 3 : LVL 1,1774281147457,018788330844,Supplements 2,1,Redmond Daily Gold Stress Relief,Horse Care > Supplements > Digestive & Gut Health,330844,Size: 70cc,,,,,Wellington Warehouse,9.21,9.21,9.21,12.99,0,0,,,
4,BIN-04,1767722157720,688499148139,Shelf 7,4,Tough-1 600D Poly Grooming Tote,Horse Care > Grooming & Bathing > Brushes & Tools > Grooming Bags,72-9965-4-0,Color: Blue/Royal,,,,,Wellington Warehouse,13.99,13.99,13.99,23.99,0,0,0.06666667,,
6,ROW 4 : LVL 2,1774281614632,727556544832,Grooming/Tack Cleaner,2,The Original Mane 'n Tail Detangler,"Horse Care > Grooming & Bathing > Shampoos, Conditioners & Sprays > Detanglers, Shines & Sprays",544834,Size: 1 Gallon,,,,,Wellington Warehouse,26.49,26.49,26.49,36.99,0,0,,,
13,ROW 4 : LVL 2,1774281614632,727556544825,Grooming/Tack Cleaner,2,The Original Mane 'n Tail Detangler,"Horse Care > Grooming & Bathing > Shampoos, Conditioners & Sprays > Detanglers, Shines & Sprays",544826,Size: 32 Ounces,,,,,Wellington Warehouse,11.82,11.82,11.82,16.99,0,0,,,
1,ROW 3 : LVL 1,1774281147457,078631731389,Supplements 2,1,Probios Dispersible Powder,Horse Care > Supplements > Digestive & Gut Health,CHR-403,Size: 5 Pounds,,,Lot# 3793603,2027-07-15,Wellington Warehouse,56.39,56.39,56.39,70.37,0,0,,Thu May 28 2026 19:11:47 GMT+0000 (Coordinated Universal Time),RJ TRADE SHOW MAY #26055027400
6,ROW 3 : LVL 1,1774281147457,078631731389,Supplements 2,1,Probios Dispersible Powder,Horse Care > Supplements > Digestive & Gut Health,CHR-403,Size: 5 Pounds,,,PROBIOS,2027-07-17,Wellington Warehouse,56.39,56.39,56.39,70.37,0,0,,Thu May 28 2026 19:11:47 GMT+0000 (Coordinated Universal Time),RJ TRADE SHOW MAY #26055027400
3,LVL 2,1772124449866,670784006217,Hoof Boots,2,"EasyCare Easyboot Epic Hoof Boot, Single Boot",Tack & Equipment > Boots & Wraps > Hoof Boots,SB-EASYE0,Size: Size 0,,,,,Wellington Warehouse,57.75,57.75,57.75,99.95,0,0,,,
3,LVL 2,1772124449866,670786005768,Hoof Boots,2,"EasyCare Easyboot New Trail Boot, Single Boot",Tack & Equipment > Boots & Wraps > Hoof Boots,SB-EBNT-3,Size: Size 3,,,,,Wellington Warehouse,55.26,55.26,55.26,97.00,0,0,,,
2,BIN-01,1768403023955,670786005270,Shelf 10,1,"EasyCare Easyboot Cloud Insert Pad, Pair",Tack & Equipment > Boots & Wraps > Hoof Boots,SB-EBCI-3,Size: Size 3,,,,,Wellington Warehouse,13.02,13.02,13.02,25.95,0,0,,,
1,LVL 2,1772124449866,670784006200,Hoof Boots,2,"EasyCare Easyboot Epic Hoof Boot, Single Boot",Tack & Equipment > Boots & Wraps > Hoof Boots,SB-EASYE00,Size: Size 00,,,,,Wellington Warehouse,57.75,57.75,57.75,99.95,0,0,,,
1,LVL 2,1772124449866,670786005133,Hoof Boots,2,"EasyCare Easyboot Cloud Hoof Boot, Single Boot",Tack & Equipment > Boots & Wraps > Hoof Boots,SB-EBC-0,Size: Size 0,,,,,Wellington Warehouse,59.61,59.61,59.61,92.00,0,0,,,
3,LVL 2,1772124449866,670786005799,Hoof Boots,2,"EasyCare Easyboot New Trail Boot, Single Boot",Tack & Equipment > Boots & Wraps > Hoof Boots,SB-EBNT-6,Size: Size 6,,,,,Wellington Warehouse,55.26,55.26,55.26,97.00,0,0,,,
6,LVL 2,1772124449866,670786005737,Hoof Boots,2,"EasyCare Easyboot New Trail Boot, Single Boot",Tack & Equipment > Boots & Wraps > Hoof Boots,SB-EBNT-0,Size: Size 0,,,,,Wellington Warehouse,55.26,55.26,55.26,97.00,0,0,,,
7,LVL 2,1772124449866,670784006248,Hoof Boots,2,"EasyCare Easyboot Epic Hoof Boot, Single Boot",Tack & Equipment > Boots & Wraps > Hoof Boots,SB-EASYE3,Size: Size 3,,,,,Wellington Warehouse,68.31,68.31,68.31,99.95,0,0,,,
0,LVL 2,1772124449866,670784000116,Hoof Boots,2,"EasyCare Easyboot Rx Hoof Boot, Single Boot",Tack & Equipment > Boots & Wraps > Hoof Boots,SB-EBRX-5,Size: Size 5,,,,,Wellington Warehouse,53.40,53.40,53.40,89.95,0,0,,,
1,BIN-01,1768403023955,670786005294,Shelf 10,1,"EasyCare Easyboot Cloud Insert Pad, Pair",Tack & Equipment > Boots & Wraps > Hoof Boots,SB-EBCI-5,Size: Size 5,,,,,Wellington Warehouse,13.02,13.02,13.02,25.95,0,0,,,
6,LVL 2,1772124449866,670786005805,Hoof Boots,2,"EasyCare Easyboot New Trail Boot, Single Boot",Tack & Equipment > Boots & Wraps > Hoof Boots,SB-EBNT-7,Size: Size 7,,,,,Wellington Warehouse,63.96,63.96,63.96,113.00,0,0,,,
1,LVL 2,1772124449866,670784006255,Hoof Boots,2,"EasyCare Easyboot Epic Hoof Boot, Single Boot",Tack & Equipment > Boots & Wraps > Hoof Boots,SB-EASYE4,Size: Size 4,,,,,Wellington Warehouse,68.31,68.31,68.31,99.95,0,0,,,
6,BIN-01,1768403023955,670786005232,Shelf 10,1,"EasyCare Easyboot Cloud Insert Pad, Pair",Tack & Equipment > Boots & Wraps > Hoof Boots,SB-EBCI-0,Size: Size 0,,,,,Wellington Warehouse,13.02,13.02,13.02,25.95,0,0,,,
1,LVL 2,1772124449866,670784006262,Hoof Boots,2,"EasyCare Easyboot Epic Hoof Boot, Single Boot",Tack & Equipment > Boots & Wraps > Hoof Boots,SB-EASYE5,Size: Size 5,,,,,Wellington Warehouse,68.31,68.31,68.31,99.95,0,0,,,
4,LVL 1,1772124449865,670784000123,Hoof Boots,1,"EasyCare Easyboot Rx Hoof Boot, Single Boot",Tack & Equipment > Boots & Wraps > Hoof Boots,SB-EBRX-6,Size: Size 6,,,,,Wellington Warehouse,53.40,53.40,53.40,82.00,0,0,,,
4,LVL 2,1772124449866,670786005782,Hoof Boots,2,"EasyCare Easyboot New Trail Boot, Single Boot",Tack & Equipment > Boots & Wraps > Hoof Boots,SB-EBNT-5,Size: Size 5,,,,,Wellington Warehouse,55.26,55.26,55.26,97.00,0,0,,,
27,ROW 5 : LVL 2,1769190184152,086621017603,Fly sprays,2,Farnam Endure Sweat Resistant Fly Spray,Horse Care > Fly & Insect Control > Fly Sprays & Traps,3002431,Size: 32 Ounces,,,,,Wellington Warehouse,0.00,10.18,20.36,24.99,0,0,0.04347826,Fri May 29 2026 16:59:15 GMT+0000 (Coordinated Universal Time),RJ TRADE SHOW MAY #26055027400
1,LVL 2,1772124449866,670786001371,Hoof Boots,2,"EasyCare Easyboot Original Trail Hoof Boot, Single Boot",Tack & Equipment > Boots & Wraps > Hoof Boots,SB-EBT-3,Size: Size 3,,,,,Wellington Warehouse,39.11,39.11,39.11,74.99,0,0,,,
1,LVL 1,1772124449865,635901309992,Hoof Boots,1,"Cavallo Entry Level Regular Sole Hoof Boot (ELB), Single Boot",Tack & Equipment > Boots & Wraps > Hoof Boots,11-4184SPK-6,Size: Size 6,Color: Bling,,,,Wellington Warehouse,41.20,41.20,41.20,64.99,0,0,,,
4,LVL 1,1772124449865,635901199876,Hoof Boots,1,"Cavallo Entry Level Regular Sole Hoof Boot (ELB), Single Boot",Tack & Equipment > Boots & Wraps > Hoof Boots,11-4184-5,Size: Size 5,Color: Black,,,,Wellington Warehouse,38.50,38.50,38.50,64.99,0,0,,,
8,LVL 2,1772124449866,670786001388,Hoof Boots,2,"EasyCare Easyboot Original Trail Hoof Boot, Single Boot",Tack & Equipment > Boots & Wraps > Hoof Boots,SB-EBT-4,Size: Size 4,,,,,Wellington Warehouse,39.11,39.11,39.11,74.99,0,0,,,
5,LVL 2,1772124449866,670786001395,Hoof Boots,2,"EasyCare Easyboot Original Trail Hoof Boot, Single Boot",Tack & Equipment > Boots & Wraps > Hoof Boots,SB-EBT-5,Size: Size 5,,,,,Wellington Warehouse,39.11,39.11,39.11,74.99,0,0,,,
8,ROW 5 : LVL 2,1769190184152,086621022218,Fly sprays,2,Farnam Endure Sweat Resistant Fly Spray,Horse Care > Fly & Insect Control > Fly Sprays & Traps,100526253,Size: 1 Gallon,,,,,Wellington Warehouse,62.00,62.00,62.00,79.99,0,0,,Tue May 12 2026 16:54:03 GMT+0000 (Coordinated Universal Time),RJ April Trade Show Order #26055020300
1,LVL 2,1772124449866,670786003634,Hoof Boots,2,"EasyCare Easyboot Original Trail Hoof Boot, Single Boot",Tack & Equipment > Boots & Wraps > Hoof Boots,SB-EBT-11,Size: Size 11,,,,,Wellington Warehouse,81.98,81.98,81.98,106.95,0,0,,,
4,LVL 1,1772124449865,635901285098,Hoof Boots,1,"Cavallo Entry Level Regular Sole Hoof Boot (ELB), Single Boot",Tack & Equipment > Boots & Wraps > Hoof Boots,11-4184SPK-5,Size: Size 5,Color: Bling,,,,Wellington Warehouse,41.20,41.20,41.20,64.99,0,0,,,
10,LVL 1,1772124449865,635901279981,Hoof Boots,1,"Cavallo Entry Level Regular Sole Hoof Boot (ELB), Single Boot",Tack & Equipment > Boots & Wraps > Hoof Boots,11-4184SPK-0,Size: Size 0,Color: Bling,,,,Wellington Warehouse,41.20,41.20,41.20,64.99,0,0,,,
16,LVL 2,1772124449866,670786001364,Hoof Boots,2,"EasyCare Easyboot Original Trail Hoof Boot, Single Boot",Tack & Equipment > Boots & Wraps > Hoof Boots,SB-EBT-2,Size: Size 2,,,,,Wellington Warehouse,39.11,39.11,39.11,74.99,0,0,,,
3,LVL 1,1772124449865,635901190217,Hoof Boots,1,"Cavallo Entry Level Regular Sole Hoof Boot (ELB), Single Boot",Tack & Equipment > Boots & Wraps > Hoof Boots,11-4184-0,Size: Size 0,Color: Black,,,,Wellington Warehouse,38.50,38.50,38.50,64.99,0,0,,,
0,ROW 2 : LVL 2,1767888398018,180434000255,Supplements 1,2,Kentucky Performance Elevate Se,Horse Care > Supplements > Vitamins & Minerals,990006,Size: 2 Pounds,,,,,Wellington Warehouse,51.59,51.59,51.59,67.95,0,6,0.017857144,,
5,LVL 2,1772124449866,635901308841,Hoof Boots,2,"Cavallo Entry Level Slim Sole Hoof Boot (ELB), Single Boot",Tack & Equipment > Boots & Wraps > Hoof Boots,11-4185SPK-0,Size: Size 0,Color: Bling,,,,Wellington Warehouse,41.20,41.20,41.20,64.95,0,0,,,
23,ROW 2 : LVL 1,1774281650391,788169141412,Hoof/Treats,1,Horsemen's Pride Equine Jolly Tug,Horse Care > Treats & Toys > Toys & Licks,JT14BL,Size: 14-inch,Color: Blue,,,,Wellington Warehouse,23.20,23.20,23.20,35.99,0,0,,,
0,ROW 4 : LVL 1,1774281545041,5425016901915,Grooming,1,Cavalor Equi Wash,"Horse Care > Grooming & Bathing > Shampoos, Conditioners, & Sprays > Shampoos",82193101,Size: 500 Milliliters,,,,,Wellington Warehouse,14.29,14.29,14.29,16.99,0,0,,,
6,LVL 2,1772124449866,635901200114,Hoof Boots,2,"Cavallo Entry Level Slim Sole Hoof Boot (ELB), Single Boot",Tack & Equipment > Boots & Wraps > Hoof Boots,11-4185-1,Size: Size 1,Color: Black,,,,Wellington Warehouse,38.50,38.50,38.50,64.95,0,0,,,
1,LVL 2,1772124449866,635901200237,Hoof Boots,2,"Cavallo Entry Level Slim Sole Hoof Boot (ELB), Single Boot",Tack & Equipment > Boots & Wraps > Hoof Boots,11-4185-4,Size: Size 4,Color: Black,,,,Wellington Warehouse,38.50,38.50,38.50,64.95,0,0,,,
7,LVL 2,1772124449866,635901200084,Hoof Boots,2,"Cavallo Entry Level Slim Sole Hoof Boot (ELB), Single Boot",Tack & Equipment > Boots & Wraps > Hoof Boots,11-4185-0,Size: Size 0,Color: Black,,,,Wellington Warehouse,38.50,38.50,38.50,64.95,0,0,,,
2,ROW 1 : LVL 1,1767888349952,899855500175,Supplements 1,1,Bimeda EquiMAX Dewormer,Horse Care > Supplements > Wormer,1EQU024,Size: 6.42 Grams,,,Lot# 250856,2027-02-02,Wellington Warehouse,0.00,9.15,14.85,18.99,0,36,0.014285714,Mon Apr 13 2026 17:14:12 GMT+0000 (Coordinated Universal Time),PO#3188
0,ROW 5 : LVL 4,1769190184154,791738114595,Fly sprays,4,Pyranha Equine Spray & Wipe Water Based Formula,Horse Care > Fly & Insect Control > Fly Sprays & Traps,001EQSPRAY,Size: 1 Quart,,,,,Wellington Warehouse,13.63,13.63,13.63,17.99,0,0,,,
4,ROW 5 : LVL 4,1769190184154,043725196252,Fly sprays,4,Country Vet Equine Mosquito and Fly Control Kit,Horse Care > Fly & Insect Control > Fly Sprays & Traps,009-321962CVA,Size: 1 Kit,,,,,Wellington Warehouse,40.27,40.27,40.27,49.99,0,0,,,
0,ROW 5 : LVL 4,1769190184154,791738114694,Fly sprays,4,Pyranha Equine Spray & Wipe Water Based Formula,Horse Care > Fly & Insect Control > Fly Sprays & Traps,001EQS15,Size: 15 Ounces,,,,,Wellington Warehouse,0.00,0.00,0.00,10.99,0,0,,,
4,ROW 4 : LVL 1,1774281147461,816621006341,Supplements 2,1,MVP Exceed 6-Way Pelleted Supplement,Horse Care > Supplements > Joint Health,78500264,Size: 8 Pounds,,,,,Wellington Warehouse,74.90,74.90,74.90,121.98,0,0,,,
2,ROW 3 : LVL 1,1774281147457,078631731365,Supplements 2,1,Probios Feed Granules,Horse Care > Supplements > Digestive & Gut Health,022-CHR406,Size: 5 Pounds,,,Lot #3759228,2026-10-30,Wellington Warehouse,36.78,36.78,36.78,44.99,0,0,,,
0,ROW 1 : LVL 1,1774281650387,899162002119,Hoof/Treats,1,Farriers' Fix Hoof Oil,Horse Care > Grooming & Bathing > Hoof Oils & Conditioner,899162002119,Size: 64 Ounces,,,,,Wellington Warehouse,51.00,51.00,51.00,78.90,0,0,0.01724138,,
3,BIN-04,1773766441666,649982084006,Shelf 16,4,Horseware Ireland Field Safe Halter,Tack & Equipment > Halters & Leads > Halters > Nylon & Rope Halters,DHHF40-B000-CO,Size: Cob,Color: Navy,,,,Wellington Warehouse,20.00,20.00,20.00,39.95,0,0,,,
5,BIN-04,1773766441666,649982631088,Shelf 16,4,Horseware Ireland Field Safe Halter,Tack & Equipment > Halters & Leads > Halters > Nylon & Rope Halters,DHHF40-G000-PY,Size: Pony,Color: Green,,,,Wellington Warehouse,20.00,20.00,20.00,39.95,0,0,,,
4,LVL 1,1770059667422,788169002447,Buckets,1,Horsemen's Pride Plastic Fence Feeder,Stable > Stable Supplies > Feed & Water Buckets,024BLK,Size: 12-quart,Color: Black,,,,Wellington Warehouse,14.19,14.19,14.19,15.99,0,0,0.12962963,,
0,BIN-02,1773766480620,000399132870,Shelf 18,2,Weaver Leather Flat Nylon Lunge Line with Snap,Tack & Equipment > Training & Lunging > Lunge Lines,35-7062-BK,Size: 1-inch x 24 Feet,Color: Black,,,,Wellington Warehouse,15.90,15.90,15.90,27.99,0,0,,,
5,BIN-04,1767722157720,789088072535,Shelf 7,4,Kensington Freedom Feeder Trailer-Mini Net (2 Flake),Stable > Stable Supplies > Hay Nets & Bags,FF-TM1.5,Size: 1.5-inch,,,,,Wellington Warehouse,25.00,25.00,25.00,42.99,0,0,,,
3,BIN-04,1767722157720,789088072511,Shelf 7,4,Kensington Freedom Feeder Day Net (4 Flake),Stable > Stable Supplies > Hay Nets & Bags,FF-D1.5,Size: 1.5-inch,,,,,Wellington Warehouse,35.00,35.00,35.00,59.99,0,0,,,
2,ROW 1 : LVL 3,1768938712711,5425016902165,First Aid,3,Cavalor FreeBute Pain Relief Gel,Horse Care > First Aid & Wellness > Liniments,82194852,Size: 200 Milliliters,,,,,Wellington Warehouse,26.59,26.59,26.59,38.99,0,0,,,
5,ROW 2 : LVL 1,1774282126773,051115052750,First Aid,1,3M Gamgee Highly Absorbent Padding,Horse Care > First Aid & Wellness > Wound Care & Topicals,084-1396M,Size: 12 inches x 11.6 feet,,,,,Wellington Warehouse,15.32,16.75,18.26,21.99,0,0,,,
1,ROW 4 : LVL 1,1774281147461,630447701095,Supplements 2,1,Hilton Herbs Freeway Respiration Support Supplement,Horse Care > Supplements > Respiratory & Allergy,70109,Size: 2.2 Pounds,,,Lot #4317,2027-11-12,Wellington Warehouse,42.00,42.00,42.00,61.99,0,0,0.022727273,,
0,ROW 1 : LVL 4,1767974772720,816341014558,Supplements 1,4,Uckele Equine GUT Digestive & GI Support Powder,Horse Care > Supplements > Digestive & Gut Health,2109696379,Size: 10 Pounds,,,,,Wellington Warehouse,153.90,153.90,153.90,194.68,0,0,,,
7,ROW 4 : LVL 4,1774281147464,694244906657,Supplements 2,4,AniMed FSO Flaxseed Oil Blend,Horse Care > Supplements > Skin & Coat,053-90665,Size: 1 Gallon,,,,,Wellington Warehouse,23.69,23.69,23.69,38.90,0,0,,,
2,ROW 4 : LVL 2,1774281147462,694244904172,Supplements 2,2,AniMed Glucosamine 5000 Powdered Joint Supplement,Horse Care > Supplements > Joint Health,90417,Size: 5 Pounds,,,Lot# 29529,2028-05-01,Wellington Warehouse,27.76,27.76,27.76,55.24,0,0,,Fri May 29 2026 16:33:10 GMT+0000 (Coordinated Universal Time),RJ TRADE SHOW MAY #26055027400
4,ROW 4 : LVL 2,1774281147462,694244904172,Supplements 2,2,AniMed Glucosamine 5000 Powdered Joint Supplement,Horse Care > Supplements > Joint Health,90417,Size: 5 Pounds,,,,,Wellington Warehouse,27.76,27.76,27.76,55.24,0,0,,Fri May 29 2026 16:33:10 GMT+0000 (Coordinated Universal Time),RJ TRADE SHOW MAY #26055027400
10,ROW 4 : LVL 2,1774281147462,694244904165,Supplements 2,2,AniMed Glucosamine 5000 Powdered Joint Supplement,Horse Care > Supplements > Joint Health,90416,Size: 2.25 Pounds,,,,,Wellington Warehouse,14.98,14.98,14.98,26.39,0,0,,,
15,ROW 4 : LVL 2,1774281147462,694244904158,Supplements 2,2,AniMed Glucosamine 5000 Powdered Joint Supplement,Horse Care > Supplements > Joint Health,90415,Size: 16 Ounces,,,Lot #25337-211521,2027-01-01,Wellington Warehouse,7.22,7.22,7.22,16.99,0,0,0.016393442,,
3,ROW 1 : LVL 3,1774281650389,5036486000017,Hoof/Treats,3,Keratex Hoof Hardener,Horse Care > Grooming & Bathing > Hoof Oils & Conditioner,13477-1,Size: 250 Millileters,,,,,Wellington Warehouse,29.14,29.14,29.14,39.99,0,12,0.083333336,Fri May 08 2026 20:07:37 GMT+0000 (Coordinated Universal Time),PO 3225
6,ROW 1 : LVL 1,1774281650387,5036486000482,Hoof/Treats,1,Keratex Hoof Gel,Horse Care > Grooming & Bathing > Hoof Oils & Conditioner,KHG 1000,Size: 1 Liter,,,,,Wellington Warehouse,20.63,20.63,20.63,32.99,0,0,0.023255814,Fri May 08 2026 20:07:21 GMT+0000 (Coordinated Universal Time),PO 3225
0,ROW 1 : LVL 1,1767888349952,630447260028,Supplements 1,1,Hilton Herbs Himalayan Salt Lick,Horse Care > Treats & Toys > Toys & Licks,26002,Size: 6.5 Pounds (Medium),,,,,Wellington Warehouse,14.25,14.25,14.25,19.99,0,0,,,
2,ROW 3 : LVL 3,1774281147459,"5425016902295, 5425016902295, 5425016902295",Supplements 2,3,Cavalor Hoof Aid Special,Horse Care > Supplements > Hoof Health,82690910,Size: 10 Kilograms,,,Lot# US26020001,2027-09-30,Wellington Warehouse,159.19,159.19,159.19,233.99,0,0,,Wed Apr 15 2026 14:09:50 GMT+0000 (Coordinated Universal Time),PO#3232
3,ROW 1 : LVL 1,1774281650387,4102460111404,Hoof/Treats,1,Effol Hoof Oil,Horse Care > Grooming & Bathing > Hoof Oils & Conditioner,111475,Size: 475 Milliliters,,,,,Wellington Warehouse,14.20,14.20,14.20,24.99,0,0,0.039473683,,
1,BIN-03,1768403067587,859642004095,Shelf 12,3,"Click Hock Shield, One Pair",Tack & Equipment > Boots & Wraps > Protective Boots > Hock & Knee Boots,HSrp,Size: Regular,,,,,Wellington Warehouse,27.79,27.79,27.79,44.99,0,0,0.083333336,,
10,ROW 1 : LVL 1,1774281650387,311444029046,Hoof/Treats,1,Absorbine Hooflex Thrush Remedy,Horse Care > First Aid & Wellness > Hoof Care > Thrush,428455,Size: 12 Ounces,,,,,Wellington Warehouse,11.70,11.70,11.70,16.99,0,0,0.057142857,Fri May 29 2026 17:57:57 GMT+0000 (Coordinated Universal Time),RJ TRADE SHOW MAY #26055027400
7,ROW 1 : LVL 1,1774281650387,011444134039,Hoof/Treats,1,Absorbine Hooflex All Natural Dressing And Conditioner,Horse Care > Grooming & Bathing > Hoof Oils & Conditioner,14496-1,Size: 15 Ounces,,,,,Wellington Warehouse,13.97,13.97,13.97,20.89,0,0,0.036144577,Tue May 12 2026 18:06:25 GMT+0000 (Coordinated Universal Time),RJ April Trade Show Order #26055020300
0,ROW 1 : LVL 3,1774281650389,4102460106011,Hoof/Treats,3,Effol Hoof Ointment,Horse Care > Grooming & Bathing > Hoof Oils & Conditioner,110601,Size: 500 Milliliters,Color: Black,,,,Wellington Warehouse,8.13,8.13,8.13,9.99,0,12,0.014285714,,
1,ROW 1 : LVL 1,1774281650387,5036486000062,Hoof/Treats,1,Keratex Hoof Putty,Horse Care > Grooming & Bathing > Hoof Oils & Conditioner,KHP,Size: 200 Grams,,,,,Wellington Warehouse,14.98,14.98,14.98,23.50,0,12,0.0625,,
3,ROW 1 : LVL 1,1774281650387,4102460110124,Hoof/Treats,1,Effol Hoof Ointment,Horse Care > Grooming & Bathing > Hoof Oils & Conditioner,110112,Size: 1 Liter,Color: Green,,,,Wellington Warehouse,13.48,13.48,13.48,21.99,0,12,,,
8,ROW 1 : LVL 2,1768938712710,897227002005,First Aid,2,Banixx Horse & Pet Care Antibacterial & Antifungal Spray,Horse Care > First Aid & Wellness > Wound Care & Topicals,897227002005,Size: 16 Ounces,,,,,Wellington Warehouse,12.26,12.26,12.26,24.77,0,0,,,
8,ROW 1 : LVL 2,1768938712710,897227002012,First Aid,2,Banixx Horse & Pet Care Antibacterial & Antifungal Spray,Horse Care > First Aid & Wellness > Wound Care & Topicals,2012,Size: 32 Ounces,,,,,Wellington Warehouse,21.18,21.18,21.18,38.94,0,0,,,
7,ROW 1 : LVL 1,1774281650387,011444056010,Hoof/Treats,1,Absorbine Hooflex Therapeutic Conditioner Liquid,Horse Care > Grooming & Bathing > Hoof Oils & Conditioner,11713-1,Size: 15 Ounces,,,,,Wellington Warehouse,12.72,12.72,12.72,19.79,0,0,,,
7,ROW 1 : LVL 3,1768938712711,010576000274,First Aid,3,Hawthorne Products Ichthammol 20%,Horse Care > First Aid & Wellness > Wound Care & Topicals,16827-1,Size: 16 Ounces,,,,,Wellington Warehouse,18.03,18.03,18.03,27.99,0,0,,,
12,ROW 1 : LVL 1,1774281650387,086621771253,Hoof/Treats,1,IceTight 24-hour Poultice,Horse Care > First Aid & Wellness > Poultices & Hoof Packing,77125,Size: 25 Pounds,,,,,Wellington Warehouse,31.47,31.88,32.08,46.99,0,0,0.036144577,Thu May 28 2026 19:26:09 GMT+0000 (Coordinated Universal Time),RJ TRADE SHOW MAY #26055027400
14,ROW 1 : LVL 1,1774281650387,086621771055,Hoof/Treats,1,IceTight 24-hour Poultice,Horse Care > First Aid & Wellness > Poultices & Hoof Packing,77105,Size: 7.5 Pounds,,,,,Wellington Warehouse,11.47,11.53,11.65,16.99,0,0,,Fri May 29 2026 15:37:20 GMT+0000 (Coordinated Universal Time),RJ TRADE SHOW MAY #26055027400
2,ROW 3 : LVL 2,1774281614627,011444126010,Grooming/Tack Cleaner,2,Absorbine Horseman’s One Step Cream Leather Cleaner & Conditioner,Tack & Equipment > Leather Care,428320,Size: 15 Ounces,,,,,Wellington Warehouse,7.55,7.55,7.55,10.99,0,0,,,
2,ROW 5 : LVL 2,1774281422020,086621133228,Supplements 3,2,Farnam Horseshoer's Secret Pelleted Hoof Supplement,Horse Care > Supplements > Hoof Health,13322,Size: 22 Pound,,,,,Wellington Warehouse,60.27,60.27,60.27,86.31,0,0,,,
19,ROW 5 : LVL 4,1769190184154,791738114564,Fly sprays,4,Pyranha Insecticide,Horse Care > Fly & Insect Control > Fly Sprays & Traps,001AERO,Size: 15 Ounces,,,,,Wellington Warehouse,17.26,17.26,17.26,24.99,0,0,0.45833334,,
1,ROW 2 : LVL 1,1774281650391,788169041088,Hoof/Treats,1,Horsemen's Pride Jolly Ball,Horse Care > Treats & Toys > Toys & Licks,410PK,Flavor: Bubble Gum,Size: 10-inch,,,,Wellington Warehouse,15.72,15.72,15.72,22.99,0,0,0.041666668,,
0,ROW 4 : LVL 1,1774281614631,086621459120,Grooming/Tack Cleaner,1,Farnam Laser Sheen Dazzling Shine & Detangler,"Horse Care > Grooming & Bathing > Shampoos, Conditioners & Sprays > Detanglers, Shines & Sprays",11229-1,Size: 12-ounce Concentrate,,,,,Wellington Warehouse,14.74,14.74,14.74,23.99,0,0,,,
28,LVL 1,1770059667422,788169000146,Buckets,1,Horsemen's Pride Large Feed Tub 30 Qt,Stable > Stable Supplies > Feed & Water Buckets,001BLK,Size: 30-quart,Color: Black,,,,Wellington Warehouse,19.37,19.37,19.37,34.99,0,0,,,
5,ROW 4 : LVL 1,1774281614631,086621459045,Grooming/Tack Cleaner,1,Farnam Laser Sheen Dazzling Shine & Detangler,"Horse Care > Grooming & Bathing > Shampoos, Conditioners & Sprays > Detanglers, Shines & Sprays",11229-3,Size: 32-ounce Spray,,,,,Wellington Warehouse,11.97,11.97,11.97,17.99,0,0,,,
7,BIN 1,1776787211212,688499608855,Gloves,1,Tough-1 Leather Stirrup Hobble Straps,Tack & Equipment > Stirrups & Leathers > Stirrup Leathers & Accessories,56-1132-32-0,Size: Dark Oil,,,,,Wellington Warehouse,2.29,2.29,2.29,3.95,0,0,,,
9,ROW 4 : LVL 3,1774281545043,786232104456,Grooming,3,EQyss Mega-Tek Equine Rebuilder,"Horse Care > Grooming & Bathing > Shampoos, Conditioners, & Sprays > Shampoos",091-10445,Size: 16 Ounces,,,,,Wellington Warehouse,18.17,18.17,18.17,28.95,0,0,0.023809524,,
5,ROW 1 : LVL 1,1774281650387,011444300021,Hoof/Treats,1,Absorbine Magic Cushion,Horse Care > First Aid & Wellness > Poultices & Hoof Packing,13671-2,Size: 4 Pounds,,,,,Wellington Warehouse,38.32,41.70,45.08,56.19,0,0,0.060240965,Fri May 29 2026 15:23:03 GMT+0000 (Coordinated Universal Time),RJ TRADE SHOW MAY #26055027400
3,ROW 1 : LVL 1,1774281650387,011444301059,Hoof/Treats,1,Absorbine Magic Cushion Xtreme,Horse Care > First Aid & Wellness > Poultices & Hoof Packing,13670-3,Size: 8 Pounds,,,,,Wellington Warehouse,83.86,83.86,83.86,116.79,0,0,,,
4,ROW 1 : LVL 1,1774281650387,011444300052,Hoof/Treats,1,Absorbine Magic Cushion,Horse Care > First Aid & Wellness > Poultices & Hoof Packing,13671-3,Size: 8 Pounds,,,,,Wellington Warehouse,64.93,69.66,74.38,96.19,0,0,,Fri May 29 2026 17:04:10 GMT+0000 (Coordinated Universal Time),RJ TRADE SHOW MAY #26055027400
4,ROW 3 : LVL 2,1774281147458,185034000025,Supplements 2,2,Mare Magic Calming Supplement,Horse Care > Supplements > Calming & Focus,12416-3,Size: 32 Ounces,,,Lot #1623833,2027-04-01,Wellington Warehouse,34.15,34.15,34.15,49.99,0,0,0.055555556,,
9,ROW 2 : LVL 1,1774281650391,788169004403,Hoof/Treats,1,Horsemen's Pride Mega Ball,Horse Care > Treats & Toys > Toys & Licks,440,Size: 40-inch (Green),,,,,Wellington Warehouse,31.05,31.05,31.05,47.47,0,0,,Fri May 29 2026 16:35:07 GMT+0000 (Coordinated Universal Time),RJ TRADE SHOW MAY #26055027400
4,ROW 1 : LVL 1,1774281650387,011444301028,Hoof/Treats,1,Absorbine Magic Cushion Xtreme,Horse Care > First Aid & Wellness > Poultices & Hoof Packing,13670-2,Size: 4 Pounds,,,,,Wellington Warehouse,50.07,50.07,50.07,67.59,0,0,0.046511628,,
3,ROW 1 : LVL 1,1774281650387,011444300045,Hoof/Treats,1,Absorbine Magic Cushion,Horse Care > First Aid & Wellness > Poultices & Hoof Packing,446030,Size: 28 Pounds,,,,,Wellington Warehouse,192.08,192.08,192.08,285.49,0,0,,Fri May 29 2026 16:38:52 GMT+0000 (Coordinated Universal Time),RJ TRADE SHOW MAY #26055027400
6,ROW 2 : LVL 1,1774281650391,788169004304,Hoof/Treats,1,Horsemen's Pride Mega Ball,Horse Care > Treats & Toys > Toys & Licks,430,Size: 30-Inch (Blue),,,,,Wellington Warehouse,19.40,19.40,19.40,29.72,0,0,0.037037037,Fri May 29 2026 18:18:12 GMT+0000 (Coordinated Universal Time),RJ TRADE SHOW MAY #26055027400
12,ROW 5 : LVL 4,1769190184154,043725203356,Fly sprays,4,Country Vet Metered Mosquito and Flying Insect Spray,Horse Care > Fly & Insect Control > Fly Sprays & Traps,342033CV,Size: 6.9 Ounces,,,,,Wellington Warehouse,15.37,15.37,15.37,19.99,0,0,,,
7,ROW 4 : LVL 3,1774281545043,786232101554,Grooming,3,EQyss Micro-Tek Equine Shampoo,"Horse Care > Grooming & Bathing > Shampoos, Conditioners, & Sprays > Shampoos",091-10155,Size: 1 Gallon,,,,,Wellington Warehouse,48.07,48.07,48.07,75.99,0,0,,Fri May 29 2026 18:24:26 GMT+0000 (Coordinated Universal Time),RJ TRADE SHOW MAY #26055027400
0,ROW 1 : LVL 4,1767974772720,786232101509,Supplements 1,4,EQyss Micro-Tek Equine Shampoo,"Horse Care > Grooming & Bathing > Shampoos, Conditioners, & Sprays > Shampoos",091-10150,Size: 32 Ounces,,,,,Wellington Warehouse,17.68,17.68,17.68,26.95,0,0,,Fri May 08 2026 18:44:39 GMT+0000 (Coordinated Universal Time),RJ April Trade Show Order #26055020300
12,ROW 4 : LVL 3,1774281545043,786232101509,Grooming,3,EQyss Micro-Tek Equine Shampoo,"Horse Care > Grooming & Bathing > Shampoos, Conditioners, & Sprays > Shampoos",091-10150,Size: 32 Ounces,,,,,Wellington Warehouse,17.68,17.68,17.68,26.95,0,0,,Fri May 08 2026 18:44:39 GMT+0000 (Coordinated Universal Time),RJ April Trade Show Order #26055020300
3,BIN-02,1777314699039,000399420250,Shelf 20,2,Weaver Leather Miracle Cribbing Collar,Tack & Equipment > Grazing Muzzles & Cribbing Collars > Cribbing Collars,30-1260-HV,Size: Medium,Color: Havana,,,,Wellington Warehouse,51.27,51.27,51.27,74.99,0,0,,,
6,ROW 5 : LVL 2,1769190184152,086621043312,Fly sprays,2,Farnam Mosquito Halt Repellent Spray,Horse Care > Fly & Insect Control > Fly Sprays & Traps,12504-2,Size: 1 Gallon,,,,,Wellington Warehouse,58.67,58.67,58.67,73.95,0,8,0.011904762,,
8,ROW 1 : LVL 3,1768938712711,312090000984,First Aid,3,MannaPro Corona Multi-Purpose Ointment,Horse Care > First Aid & Wellness > Wound Care & Topicals,11170-4,Size: 36 Ounces,,,,,Wellington Warehouse,34.04,34.04,34.04,53.99,0,0,0.125,Fri May 29 2026 16:52:34 GMT+0000 (Coordinated Universal Time),RJ TRADE SHOW MAY #26055027400
4,ROW 1 : LVL 2,1768938712710,5036486000147,First Aid,2,Keratex Mud Shield Powder,Horse Care > First Aid & Wellness > Wound Care & Topicals,KMSP,Size: 450 Grams,,,,,Wellington Warehouse,15.04,15.04,15.04,22.95,0,0,0.015625,,
0,ROW 2 : LVL 1,1774281650391,708852000055,Hoof/Treats,1,Mrs. Pastures Cookies for Horses,Horse Care > Treats & Toys > Treats,73157,Size: 5 Pound Refill,,,,,Wellington Warehouse,18.85,18.85,18.85,26.99,0,8,,,
12,ROW 5 : LVL 2,1769190184152,086621034419,Fly sprays,2,Farnam Mosquito Halt Repellent Spray,Horse Care > Fly & Insect Control > Fly Sprays & Traps,100551171,Size: 1 Quart,,,,,Wellington Warehouse,15.05,15.05,15.05,28.58,0,0,,,
8,ROW 1 : LVL 3,1768938712711,095668001315,First Aid,3,MannaPro Corona Multi-Purpose Ointment,Horse Care > First Aid & Wellness > Wound Care & Topicals,1000140,Size: 14 Ounces,,,,,Wellington Warehouse,0.00,8.08,16.15,26.99,0,0,0.014084507,Fri May 29 2026 16:59:31 GMT+0000 (Coordinated Universal Time),RJ TRADE SHOW MAY #26055027400
2,ROW 2 : LVL 1,1774281650391,708852000352,Hoof/Treats,1,Mrs. Pastures Cookies for Horses,Horse Care > Treats & Toys > Treats,708852000352,Size: 32 Ounces,,,,,Wellington Warehouse,7.30,7.30,7.30,14.99,0,6,0.06097561,,
9,ROW 4 : LVL 2,1774281147462,694244903717,Supplements 2,2,AniMed Muscle Up Powder,Horse Care > Supplements > Weight Gain & Muscle,053-90371,Size: 2.5 Pounds,,,,,Wellington Warehouse,27.41,29.59,30.68,38.79,0,0,0.03773585,Mon May 11 2026 16:32:16 GMT+0000 (Coordinated Universal Time),RJ April Trade Show Order #26055020300
4,ROW 2 : LVL 1,1767888349951,180434000323,Supplements 1,1,Kentucky Performance Neigh-Lox Advanced,Horse Care > Supplements > Digestive & Gut Health,990010,Size: 8 Pounds,,,Lot# 031025006,2026-09-01,Wellington Warehouse,60.38,60.38,60.38,84.99,0,0,,,
4,ROW 1 : LVL 2,1768938712710,674422122185,First Aid,2,Shapley's Original M-T-G,Horse Care > First Aid & Wellness > Wound Care & Topicals,13017-2,Size: 32 Ounces,,,,,Wellington Warehouse,14.37,14.58,14.69,21.99,0,0,0.14583333,Fri May 08 2026 20:08:21 GMT+0000 (Coordinated Universal Time),PO 3225
4,ROW 4 : LVL 1,1774281147461,784299040502,Supplements 2,1,"Select the Best Nu-Image Coat, Tail & Mane Support",Horse Care > Supplements > Skin & Coat,040502,Size: 5 Pounds,,,,,Wellington Warehouse,18.03,18.03,18.03,22.99,0,0,,,
1,BIN-03,1777314699040,688499119146,Shelf 20,3,Royal King Poly Roping Rein,"Tack & Equipment > Bridles, Headstalls & Reins > Western Headstalls & Reins > Reins",54-906-2-0,Color: Black,,,,,Wellington Warehouse,5.99,5.99,5.99,11.95,0,0,,,
2,ROW 1 : LVL 1,1768938420680,724004401693,First Aid,1,Andover PowerFlex Cohesive Bandages - Single Roll,Horse Care > First Aid & Wellness > Wound Care & Topicals,3840BL-018,Size: 4-inch x 5 Yards,Color: Blue,,,,Wellington Warehouse,1.70,1.70,1.70,2.40,0,0,,,
4,ROW 1 : LVL 1,1768938420680,724004000537,First Aid,1,Andover PowerFlex Cohesive Bandages - Single Roll,Horse Care > First Aid & Wellness > Wound Care & Topicals,3840RD-018,Size: 4-inch x 5 Yards,Color: Red,,,,Wellington Warehouse,1.70,1.70,1.70,2.40,0,0,0.07692308,,
38,ROW 5 : LVL 4,1769190184154,745801310384,Fly sprays,4,Durvet Permethrin 10% Rapid Kill Insecticide Concentrate,Horse Care > Fly & Insect Control > Fly Sprays & Traps,003-1038,Size: 16 Ounces,,,,,Wellington Warehouse,13.39,13.39,13.39,16.99,0,0,,Fri May 29 2026 15:52:28 GMT+0000 (Coordinated Universal Time),RJ TRADE SHOW MAY #26055027400
22,ROW 1 : LVL 1,1768938420680,724004000544,First Aid,1,Andover PowerFlex Cohesive Bandages - Single Roll,Horse Care > First Aid & Wellness > Wound Care & Topicals,3840PU-018,Size: 4-inch x 5 Yards,Color: Purple,,,,Wellington Warehouse,1.70,1.70,1.70,2.40,0,0,0.09677419,,
2,ROW 1 : LVL 1,1767888349952,021784471572,Supplements 1,1,Panacur Powerpac Equine Dewormer,Horse Care > Supplements > Wormer,001-069276,"Size: 57 Grams, 5-Pack",,,Lot# A489A01,2027-04-01,Wellington Warehouse,79.50,80.03,81.09,95.99,0,0,,Mon Apr 13 2026 17:14:12 GMT+0000 (Coordinated Universal Time),PO#3188
5,ROW 1 : LVL 1,1767888349952,021784471572,Supplements 1,1,Panacur Powerpac Equine Dewormer,Horse Care > Supplements > Wormer,001-069276,"Size: 57 Grams, 5-Pack",,,Lot# A510A01V,2027-11-01,Wellington Warehouse,79.50,80.03,81.09,95.99,0,0,,Mon Apr 13 2026 17:14:12 GMT+0000 (Coordinated Universal Time),PO#3188
28,ROW 1 : LVL 1,1767888349952,021784471572,Supplements 1,1,Panacur Powerpac Equine Dewormer,Horse Care > Supplements > Wormer,001-069276,"Size: 57 Grams, 5-Pack",,,Lot# A535B01,2028-06-01,Wellington Warehouse,79.50,80.03,81.09,95.99,0,0,,Mon Apr 13 2026 17:14:12 GMT+0000 (Coordinated Universal Time),PO#3188
44,ROW 5 : LVL 4,1769190184154,745801310322,Fly sprays,4,Durvet Permethrin 10% Rapid Kill Insecticide Concentrate,Horse Care > Fly & Insect Control > Fly Sprays & Traps,003-1111032,Size: 32 Ounces,,,,,Wellington Warehouse,20.45,20.45,20.45,29.99,0,0,0.022222223,Fri May 29 2026 16:47:49 GMT+0000 (Coordinated Universal Time),RJ TRADE SHOW MAY #26055027400
0,ROW 1 : LVL 3,1768938712711,674422122765,First Aid,3,Shapley's Original M-T-G Plus,Horse Care > First Aid & Wellness > Wound Care & Topicals,14937-1,Size: 32 Ounces,,,,,Wellington Warehouse,15.63,15.63,15.63,22.49,0,0,,,
0,BIN-05,1767466772771,"78908813605, 78908813605",Shelf 3,5,"Kensington Fly Boots with Fleece Trim, Pair",Horse Wear > Fly & Insect Control > Fly Boots,KFB200XXL2019,Size: Extra Extra Large - Draft,Color: Imperial Jade,,,,Wellington Warehouse,22.50,22.50,22.50,39.99,0,0,,,
2,BIN-05,1767466772771,"7889088109439, 7889088109439",Shelf 3,5,"Kensington Fly Boots with Fleece Trim, Pair",Horse Wear > Fly & Insect Control > Fly Boots,KFB-200M2017,Size: Medium - Arab/Cob,Color: Lavender Mint,,,,Wellington Warehouse,22.50,22.50,22.50,39.99,0,0,,,
11,ROW 4 : LVL 3,1774281545043,786232104753,Grooming,3,EQyss Premier Marigold Spray,"Horse Care > Grooming & Bathing > Shampoos, Conditioners & Sprays > Detanglers, Shines & Sprays",13149-1,Size: 32 Ounces,,,,,Wellington Warehouse,15.25,15.25,15.25,22.99,0,0,0.014285714,,
2,BIN-05,1767466772771,"789088109453, 789088109453",Shelf 3,5,"Kensington Fly Boots with Fleece Trim, Pair",Horse Wear > Fly & Insect Control > Fly Boots,KFB200L121,Size: Large - Average,Color: Deluxe Black,,,,Wellington Warehouse,22.50,22.50,22.50,39.99,0,0,,,
0,BIN-05,1767466772771,"789088130013, 789088130013",Shelf 3,5,"Kensington Fly Boots with Fleece Trim, Pair",Horse Wear > Fly & Insect Control > Fly Boots,KFB200M2021,Size: Medium - Arab/Cob,Color: Atlantis,,,,Wellington Warehouse,22.50,22.50,22.50,39.99,0,0,0.15,,
2,BIN-05,1767466772771,"789088107787, 789088107787",Shelf 3,5,"Kensington Fly Boots with Web Trim, Pair",Horse Wear > Fly & Insect Control > Fly Boots,KFB100XL200,Size: Extra Large - Oversize,Color: Bay/Brown,,,,Wellington Warehouse,20.00,20.00,20.00,39.99,0,0,,,
2,BIN-05,1767466772771,"789088130020, 789088130020",Shelf 3,5,"Kensington Fly Boots with Fleece Trim, Pair",Horse Wear > Fly & Insect Control > Fly Boots,KFB200XL2021,Size: Extra Large - Oversize,Color: Atlantis,,,,Wellington Warehouse,22.50,22.50,22.50,39.99,0,0,,,
8,BIN-05,1767466772771,"789088109514, 789088109514",Shelf 3,5,"Kensington Fly Boots with Fleece Trim, Pair",Horse Wear > Fly & Insect Control > Fly Boots,KFB200XL121,Size: Extra Large - Oversize,Color: Deluxe Black,,,,Wellington Warehouse,22.50,22.50,22.50,39.99,0,0,,,
14,ROW 4 : LVL 3,1774281545043,786232103800,Grooming,3,EQyss Premier Conditioner,"Horse Care > Grooming & Bathing > Shampoos, Conditioners, & Sprays > Conditioners",091-10380,Size: 16 Ounces,,,,,Wellington Warehouse,9.85,9.85,9.85,13.99,0,0,0.05263158,Fri May 29 2026 16:50:19 GMT+0000 (Coordinated Universal Time),RJ TRADE SHOW MAY #26055027400
0,BIN-05,1767466772771,"789088109477, 789088109477",Shelf 3,5,"Kensington Fly Boots with Fleece Trim, Pair",Horse Wear > Fly & Insect Control > Fly Boots,KFB200L181,Size: Large - Average,Color: Kentucky Blue,,,,Wellington Warehouse,22.50,22.50,22.50,39.99,0,0,0.03448276,,
8,BIN-05,1767466772771,"789088109392, 789088109392",Shelf 3,5,"Kensington Fly Boots with Fleece Trim, Pair",Horse Wear > Fly & Insect Control > Fly Boots,KFB200M121,Size: Medium - Arab/Cob,Color: Deluxe Black,,,,Wellington Warehouse,22.50,22.50,22.50,39.99,0,0,,,
30,ROW 4 : LVL 3,1774281545043,786232103503,Grooming,3,EQyss Premier Equine Shampoo,"Horse Care > Grooming & Bathing > Shampoos, Conditioners, & Sprays > Shampoos",091-10350,Size: 32 Ounces,,,,,Wellington Warehouse,13.29,13.29,13.29,19.95,0,0,0.03508772,Fri May 29 2026 15:28:58 GMT+0000 (Coordinated Universal Time),RJ TRADE SHOW MAY #26055027400
19,ROW 4 : LVL 3,1774281545043,786232103558,Grooming,3,EQyss Premier Equine Shampoo,"Horse Care > Grooming & Bathing > Shampoos, Conditioners, & Sprays > Shampoos",10355,Size: 1 Gallon,,,,,Wellington Warehouse,44.50,44.50,44.50,59.99,0,0,,Fri May 29 2026 16:41:12 GMT+0000 (Coordinated Universal Time),RJ TRADE SHOW MAY #26055027400
11,ROW 4 : LVL 3,1774281545043,786232104708,Grooming,3,EQyss Premier Marigold Spray,"Horse Care > Grooming & Bathing > Shampoos, Conditioners & Sprays > Detanglers, Shines & Sprays",091-10470,Size: 1 Gallon,,,,,Wellington Warehouse,48.25,48.25,48.25,66.99,0,0,,Fri May 29 2026 16:41:22 GMT+0000 (Coordinated Universal Time),RJ TRADE SHOW MAY #26055027400
1,BIN-05,1767466772771,"789088109538, 789088109538",Shelf 3,5,"Kensington Fly Boots with Fleece Trim, Pair",Horse Wear > Fly & Insect Control > Fly Boots,KFB200XL181,Size: Extra Large - Oversize,Color: Kentucky Blue,,,,Wellington Warehouse,22.50,22.50,22.50,39.99,0,0,0.5,,
0,ROW 3 : LVL 2,1774281545037,722424321096,Grooming,2,exhibitor's QUIC CONDITIONER Moisturizer & Strengthener,"Horse Care > Grooming & Bathing > Shampoos, Conditioners, & Sprays > Conditioners",321096,Size: 32 Ounces,,,,,Wellington Warehouse,9.27,9.27,9.27,13.99,0,0,,,
7,ROW 3 : LVL 4,1774281545039,722424064115,Grooming,4,exhibitor's QUIC BRAID Total Mane & Tail Control,Horse Care > Grooming & Bathing > Brushes & Tools > Braiding,12028-2,Size: 64 Ounces,,,,,Wellington Warehouse,19.09,19.09,19.09,29.99,0,0,,Fri May 29 2026 18:19:30 GMT+0000 (Coordinated Universal Time),RJ TRADE SHOW MAY #26055027400
6,ROW 3 : LVL 4,1774281545039,722424016114,Grooming,4,exhibitor's QUIC BRAID Total Mane & Tail Control,Horse Care > Grooming & Bathing > Brushes & Tools > Braiding,321326,Size: 16 Ounces,,,,,Wellington Warehouse,8.06,8.06,8.06,15.34,0,0,0.039473683,Fri May 29 2026 18:19:24 GMT+0000 (Coordinated Universal Time),RJ TRADE SHOW MAY #26055027400
0,ROW 4 : LVL 2,1774281614632,722424032091,Grooming/Tack Cleaner,2,exhibitor's QUIC SHEEN Coat Polish,"Horse Care > Grooming & Bathing > Shampoos, Conditioners & Sprays > Detanglers, Shines & Sprays",013-321386,Size: 32 Ounces,,,,,Wellington Warehouse,9.99,9.99,9.99,16.99,0,0,,,
9,ROW 3 : LVL 2,1774281545037,722424016367,Grooming,2,exhibitor's QUIC BLACK Dark Intensifier & Shampoo,"Horse Care > Grooming & Bathing > Shampoos, Conditioners, & Sprays > Shampoos",321266,Size: 16 Ounces,,,,,Wellington Warehouse,6.79,6.79,6.79,12.99,0,0,,,
2,BIN-05,1767452692386,0649982108931,Shelf 2,5,Rambo Plus Fly Mask with Ears,Horse Wear > Fly & Insect Control > Fly Masks,DMAF15-LL00-SP,Color: Lavender,Size: Small Pony,,,,Wellington Warehouse,24.75,24.75,24.75,47.96,0,0,,,
1,BIN-03,1768845014311,649982461128,Shelf 13,3,Rambo Micklem Original Competition Bridle,"Tack & Equipment > Bridles, Headstalls & Reins > English Bridles & Reins > Bridles",SBAC9D-NAB0-LH,Size: Large Horse,Color: Dark Havana,,,,Wellington Warehouse,115.00,115.00,115.00,169.99,0,0,,,
0,ROW 1 : LVL 1,1774281650387,086621397019,Hoof/Treats,1,Farnam Rain Maker Triple Action Hoof Moisturizer and Conditioner,Horse Care > Grooming & Bathing > Hoof Oils & Conditioner,39701,Size: 32 Ounces,,,,,Wellington Warehouse,16.88,16.88,16.88,30.99,0,0,,,
0,ROW 5 : LVL 4,1769190184154,041535792183,Fly sprays,4,Starbar QuikStrike Fly Bait,Horse Care > Fly & Insect Control > Fly Sprays & Traps,100508298,Size: 5 Pounds,,,,,Wellington Warehouse,34.16,34.16,34.16,38.99,0,0,0.26666668,,
4,BIN-05,1768845069693,649982632740,Shelf 15,5,Rambo Plus Fly Mask with Ears,Horse Wear > Fly & Insect Control > Fly Masks,DMAF15-IB00-PY,Color: Silver/Navy,Size: Pony,,,,Wellington Warehouse,27.76,27.76,27.76,59.95,0,2,,,
0,ROW 5 : LVL 4,1769190184154,041535792190,Fly sprays,4,Starbar QuikStrike Fly Bait,Horse Care > Fly & Insect Control > Fly Sprays & Traps,100508299,Size: 1 Pound,,,,,Wellington Warehouse,0.00,0.00,0.00,8.99,0,0,,,
17,ROW 3 : LVL 2,1774281545037,722424064016,Grooming,2,exhibitor's QUIC SILVER Whitening Intensifier & Shampoo,"Horse Care > Grooming & Bathing > Shampoos, Conditioners, & Sprays > Shampoos",321164,Size: 64 Ounces,,,,,Wellington Warehouse,23.23,23.23,23.23,35.99,0,0,0.024096385,Fri May 29 2026 16:46:20 GMT+0000 (Coordinated Universal Time),RJ TRADE SHOW MAY #26055027400
8,BIN-03,1768845014311,649982448204,Shelf 13,3,Rambo Micklem Original Competition Bridle,"Tack & Equipment > Bridles, Headstalls & Reins > English Bridles & Reins > Bridles",SBAC9D-K000-PY,Size: Pony,Color: Black,,,,Wellington Warehouse,115.00,115.00,115.00,169.99,0,0,,,
3,BIN-03,1768845014311,649982461135,Shelf 13,3,Rambo Micklem Original Competition Bridle,"Tack & Equipment > Bridles, Headstalls & Reins > English Bridles & Reins > Bridles",SBAC9D-NAB0-PY,Size: Pony,Color: Dark Havana,,,,Wellington Warehouse,115.00,115.00,115.00,169.99,0,0,,,
11,ROW 3 : LVL 2,1774281545037,722424016015,Grooming,2,exhibitor's QUIC SILVER Whitening Intensifier & Shampoo,"Horse Care > Grooming & Bathing > Shampoos, Conditioners, & Sprays > Shampoos",12029-1,Size: 16 Ounces,,,,,Wellington Warehouse,7.63,7.63,7.63,13.99,0,0,0.036363635,Fri May 29 2026 18:25:12 GMT+0000 (Coordinated Universal Time),RJ TRADE SHOW MAY #26055027400
0,ROW 5 : LVL 2,1769190184152,086621103306,Fly sprays,2,Farnam Repel-X Insecticide and Repellent,Horse Care > Fly & Insect Control > Fly Sprays & Traps,100551184,Size: 1 Quart,,,,,Wellington Warehouse,10.56,10.56,10.56,15.99,0,0,,,
8,ROW 1 : LVL 1,1767888349952,018788331063,Supplements 1,1,Redmond Rock on a Rope,Horse Care > Treats & Toys > Toys & Licks,331063,Size: 3-6 Pounds,,,,,Wellington Warehouse,6.50,6.50,6.50,15.99,0,0,0.027027028,,
7,ROW 1 : LVL 1,1767888349952,018788330004,Supplements 1,1,Redmond Rock,Horse Care > Treats & Toys > Toys & Licks,330004,Size: 7 Pounds,,,,,Wellington Warehouse,8.37,8.37,8.37,14.99,0,0,0.17142858,,
41,ROW 4 : LVL 4,1774281147464,086621741102,Supplements 2,4,Horse Health Products Red Cell Vitamin-Iron-Mineral Supplement,Horse Care > Supplements > Performance & Energy,74110,Size: 1 Gallon,,,,,Wellington Warehouse,21.84,21.84,21.84,34.97,0,0,,,
5,ROW 4 : LVL 4,1774281147464,086621607842,Supplements 2,4,Horse Health Products Red Cell Pellets,Horse Care > Supplements > Performance & Energy,100506701,Size: 4 Pounds,,,,,Wellington Warehouse,25.90,25.90,25.90,31.99,0,0,0.023255814,,
10,BIN-01,1773766480614,850025151023,Shelf 17,1,Kensington Safe-T-Tie Breakaway Tether Release,Stable > Stable Supplies > Cross Ties & Trailer Ties,SAFT-2-DarkGreen,Quantity: 2-Pack,Color: Dark Green,,,,Wellington Warehouse,7.50,7.50,7.50,12.95,0,0,0.02,,
13,ROW 5 : LVL 2,1774281422020,086621102101,Supplements 3,2,Farnam SandClear Natural Psyllium Fiber Crumbles Supplement for Digestive Support,Horse Care > Supplements > Digestive & Gut Health,10208,Size: 10 Pounds,,,,,Wellington Warehouse,51.76,51.76,51.76,83.49,0,0,,,
10,BIN-01,1773766480614,789088072085,Shelf 17,1,Kensington Safe-T-Tie Breakaway Tether Release,Stable > Stable Supplies > Cross Ties & Trailer Ties,SAFT-2-PK,Quantity: 2-Pack,Color: Pink,,,,Wellington Warehouse,7.50,7.50,7.50,12.95,0,0,0.060606062,,
4,ROW 5 : LVL 4,1769190184154,086621199033,Fly sprays,4,Farnam Repel-X Lotion Fly Repellent,Horse Care > Fly & Insect Control > Fly Sprays & Traps,19903,Size: 8 Ounces,,,,,Wellington Warehouse,9.83,9.83,9.83,12.95,0,0,0.09589041,,
17,ROW 4 : LVL 3,1774281545043,071409543641,Grooming,3,The Original Mane 'n Tail Shampoo,"Horse Care > Grooming & Bathing > Shampoos, Conditioners, & Sprays > Shampoos",013-543646,Size: 1 Quart,,,,,Wellington Warehouse,5.83,5.83,5.83,8.99,0,0,,Fri May 29 2026 16:43:51 GMT+0000 (Coordinated Universal Time),RJ TRADE SHOW MAY #26055027400
10,BIN-01,1773766480614,789088135452,Shelf 17,1,Kensington Safe-T-Tie Breakaway Tether Release,Stable > Stable Supplies > Cross Ties & Trailer Ties,SAFT-2-RSP,Quantity: 2-Pack,Color: Raspberry,,,,Wellington Warehouse,7.50,7.50,7.50,12.95,0,0,0.060606062,,
6,ROW 5 : LVL 2,1774281422020,086621102200,Supplements 3,2,Farnam SandClear Natural Psyllium Fiber Crumbles Supplement for Digestive Support,Horse Care > Supplements > Digestive & Gut Health,10220,Size: 20 Pounds,,,,,Wellington Warehouse,100.59,102.10,103.60,149.97,0,0,0.15789473,,
10,BIN-01,1773766480614,789088072122,Shelf 17,1,Kensington Safe-T-Tie Breakaway Tether Release,Stable > Stable Supplies > Cross Ties & Trailer Ties,SAFT-2-GRN,Quantity: 2-Pack,Color: Green,,,,Wellington Warehouse,7.50,7.50,7.50,12.95,0,0,,,
0,ROW 4 : LVL 4,1774281147464,694244904226,Supplements 2,4,AniMed Rice Bran Oil,Horse Care > Supplements > Weight Gain & Muscle,053-90422,Size: 1 Gallon,,,,,Wellington Warehouse,29.02,29.02,29.02,49.99,0,4,0.017857144,,
13,ROW 4 : LVL 3,1774281545043,071409543214,Grooming,3,The Original Mane 'n Tail Shampoo,"Horse Care > Grooming & Bathing > Shampoos, Conditioners, & Sprays > Shampoos",013-543216,Size: 12 Ounces,,,,,Wellington Warehouse,2.47,2.47,2.47,5.06,0,0,,,
6,ROW 4 : LVL 3,1774281545043,727556541503,Grooming,3,The Original Mane 'n Tail Shampoo,"Horse Care > Grooming & Bathing > Shampoos, Conditioners, & Sprays > Shampoos",11468-3,Size: 1 Gallon,,,,,Wellington Warehouse,22.90,22.90,22.90,31.40,0,0,0.05970149,Fri May 29 2026 17:03:55 GMT+0000 (Coordinated Universal Time),RJ TRADE SHOW MAY #26055027400
0,ROW 4 : LVL 2,1774281614632,674422115279,Grooming/Tack Cleaner,2,Shapley's Show Touch Ups,"Horse Care > Grooming & Bathing > Shampoos, Conditioners, & Sprays > Stain Removers",STUGDS,Size: 10 Ounces,Color: Gray,,,,Wellington Warehouse,9.94,9.94,9.94,12.99,0,13,,,
3,ROW 4 : LVL 2,1774281614632,674422115255,Grooming/Tack Cleaner,2,Shapley's Show Touch Ups,"Horse Care > Grooming & Bathing > Shampoos, Conditioners, & Sprays > Stain Removers",13018-3,Size: 10 Ounces,Color: Dark Brown,,,,Wellington Warehouse,9.94,9.94,9.94,12.99,0,12,,,
9,BIN 1,1776787211212,688499448161,Gloves,1,Tough-1 Shaped Leather Hobble Straps,Tack & Equipment > Stirrups & Leathers > Stirrup Leathers & Accessories,56-1133-32-0,Color: Dark Oil,,,,,Wellington Warehouse,3.39,3.39,3.39,6.99,0,0,,,
9,LVL 2,1772124449866,635901727666,Hoof Boots,2,"Cavallo Simple Regular Sole Hoof Boots, Set of Two",Tack & Equipment > Boots & Wraps > Hoof Boots,11-4170-0,Size: Size 0,,,,,Wellington Warehouse,94.50,94.50,94.50,169.95,0,0,,,
8,BIN 1,1776787211212,688499448154,Gloves,1,Tough-1 Shaped Leather Hobble Straps,Tack & Equipment > Stirrups & Leathers > Stirrup Leathers & Accessories,56-1133-31-0,Color: Light Oil,,,,,Wellington Warehouse,3.39,3.39,3.39,6.99,0,0,,,
0,ROW 4 : LVL 1,1774281614631,011444146063,Grooming/Tack Cleaner,1,Absorbine ShowSheen Miracle Groom Bath in a Bottle,"Horse Care > Grooming & Bathing > Shampoos, Conditioners & Sprays > Detanglers, Shines & Sprays",450150,Size: 16 Ounces,,,,,Wellington Warehouse,6.33,6.33,6.33,17.29,0,0,0.023255814,,
5,ROW 4 : LVL 2,1774281614632,674422115224,Grooming/Tack Cleaner,2,Shapley's Show Touch Ups,"Horse Care > Grooming & Bathing > Shampoos, Conditioners, & Sprays > Stain Removers",STUSDS,Size: 10 Ounces,Color: Sorrel,,,,Wellington Warehouse,9.94,9.94,9.94,12.99,0,0,,,
1,ROW 4 : LVL 2,1774281614632,674422115231,Grooming/Tack Cleaner,2,Shapley's Show Touch Ups,"Horse Care > Grooming & Bathing > Shampoos, Conditioners, & Sprays > Stain Removers",STU-C DS,Size: 10 Ounces,Color: Chestnut,,,,Wellington Warehouse,9.94,9.94,9.94,12.99,0,12,,,
13,LVL 2,1772124449866,635901727703,Hoof Boots,2,"Cavallo Simple Regular Sole Hoof Boots, Set of Two",Tack & Equipment > Boots & Wraps > Hoof Boots,11-4170-4,Size: Size 4,,,,,Wellington Warehouse,94.50,94.50,94.50,169.95,0,0,0.022222223,,
2,ROW 4 : LVL 2,1774281614632,674422115262,Grooming/Tack Cleaner,2,Shapley's Show Touch Ups,"Horse Care > Grooming & Bathing > Shampoos, Conditioners, & Sprays > Stain Removers",STUPDS,Size: 10 Ounces,Color: Palomino,,,,Wellington Warehouse,9.94,9.94,9.94,12.99,0,12,0.012048192,,
9,ROW 4 : LVL 2,1774281614632,674422115248,Grooming/Tack Cleaner,2,Shapley's Show Touch Ups,"Horse Care > Grooming & Bathing > Shampoos, Conditioners, & Sprays > Stain Removers",13018-5,Size: 10 Ounces,Color: Medium Brown,,,,Wellington Warehouse,9.94,9.94,9.94,12.99,0,0,,Wed May 06 2026 19:58:28 GMT+0000 (Coordinated Universal Time),March Trade show order 26055018900
31,ROW 4 : LVL 3,1774281614633,311444032046,Grooming/Tack Cleaner,3,Absorbine ShowSheen Hair Polish & Detangler,"Horse Care > Grooming & Bathing > Shampoos, Conditioners & Sprays > Detanglers, Shines & Sprays",428940,Size: 1 Gallon,,,,,Wellington Warehouse,30.16,30.16,30.16,43.59,0,0,0.048780486,Fri May 29 2026 15:36:49 GMT+0000 (Coordinated Universal Time),RJ TRADE SHOW MAY #26055027400
17,ROW 4 : LVL 2,1774281614632,674422115200,Grooming/Tack Cleaner,2,Shapley's Show Touch Ups,"Horse Care > Grooming & Bathing > Shampoos, Conditioners, & Sprays > Stain Removers",13018-8,Size: 10 Ounces,Color: White,,,,Wellington Warehouse,9.94,9.94,9.94,12.99,0,0,0.012048192,Fri May 29 2026 14:30:31 GMT+0000 (Coordinated Universal Time),RJ TRADE SHOW MAY #26055027400
15,ROW 4 : LVL 3,1774281614633,311444032039,Grooming/Tack Cleaner,3,Absorbine ShowSheen Hair Polish & Detangler,"Horse Care > Grooming & Bathing > Shampoos, Conditioners & Sprays > Detanglers, Shines & Sprays",11094-1,Size: 32-Ounce Spray,,,,,Wellington Warehouse,11.94,11.94,11.94,17.99,0,0,0.023529412,Fri May 29 2026 15:47:44 GMT+0000 (Coordinated Universal Time),RJ TRADE SHOW MAY #26055027400
5,LVL 2,1772124449866,635901727680,Hoof Boots,2,"Cavallo Simple Regular Sole Hoof Boots, Set of Two",Tack & Equipment > Boots & Wraps > Hoof Boots,11-4170-2,Size: Size 2,,,,,Wellington Warehouse,94.50,94.50,94.50,169.95,0,0,,,
11,ROW 4 : LVL 2,1774281614632,674422115194,Grooming/Tack Cleaner,2,Shapley's Show Touch Ups,"Horse Care > Grooming & Bathing > Shampoos, Conditioners, & Sprays > Stain Removers",STU-BDS,Size: 10 Ounces,Color: Black,,,,Wellington Warehouse,9.94,9.94,9.94,12.99,0,0,,Tue May 12 2026 13:45:00 GMT+0000 (Coordinated Universal Time),RJ April Trade Show Order #26055020300
2,ROW 1 : LVL 1,1774281650387,010576000229,Hoof/Treats,1,Hawthorne Products Sole Pack Medicated Liquid Hoof Dressing,Horse Care > First Aid & Wellness > Poultices & Hoof Packing,1003,Size: 16 Ounces,,,,,Wellington Warehouse,8.22,8.22,8.22,22.99,0,0,0.023255814,,
14,ROW 1 : LVL 1,1774281650387,010576000236,Hoof/Treats,1,Hawthorne Products Sole Pack Medicated Hoof Packing Paste,Horse Care > First Aid & Wellness > Poultices & Hoof Packing,16824-2,Size: 8 Pounds,,,,,Wellington Warehouse,74.77,74.77,74.77,94.99,0,0,0.06779661,,
0,ROW 1 : LVL 3,1768938712711,4102460117246,First Aid,3,Effol Skin Balm,Horse Care > First Aid & Wellness > Wound Care & Topicals,117240,Size: 150 Milliliters,,,,,Wellington Warehouse,9.95,9.95,9.95,14.99,0,0,0.012820513,,
34,ROW 1 : LVL 1,1774281650387,010576000205,Hoof/Treats,1,Hawthorne Products Sole Pack Medicated Hoof Packing Paddies,Horse Care > First Aid & Wellness > Poultices & Hoof Packing,SP-SINGLE,"Size: 2-ounce, Single",,,,,Wellington Warehouse,2.28,2.28,2.28,2.99,0,0,0.093023255,,
1,LVL 2,1772124449866,635901128241,Hoof Boots,2,"Cavallo Sport Regular Sole Hoof Boot, Set of Two",Tack & Equipment > Boots & Wraps > Hoof Boots,11-4180-1,Size: Size 1,,,,,Wellington Warehouse,85.00,85.00,85.00,174.95,0,0,,,
9,LVL 2,1772124449866,635901128227,Hoof Boots,2,"Cavallo Sport Regular Sole Hoof Boot, Set of Two",Tack & Equipment > Boots & Wraps > Hoof Boots,11-4180-0,Size: Size 0,,,,,Wellington Warehouse,85.00,85.00,85.00,174.95,0,0,,,
16,LVL 2,1772124449866,635901128470,Hoof Boots,2,"Cavallo Sport Regular Sole Hoof Boot, Set of Two",Tack & Equipment > Boots & Wraps > Hoof Boots,11-4180-4,Size: Size 4,,,,,Wellington Warehouse,85.00,85.00,85.00,174.95,0,0,,,
14,LVL 2,1772124449866,635901128302,Hoof Boots,2,"Cavallo Sport Regular Sole Hoof Boot, Set of Two",Tack & Equipment > Boots & Wraps > Hoof Boots,11-4180-2,Size: Size 2,,,,,Wellington Warehouse,85.00,85.00,85.00,174.95,0,0,,,
11,BIN-01,1777314699038,754888042729,Shelf 20,1,Best Friend Standard Grazing Muzzle,Tack & Equipment > Grazing Muzzles & Cribbing Collars > Grazing Muzzles,BF08S,Size: Cob,,,,,Wellington Warehouse,24.22,24.22,24.22,67.99,0,0,,,
0,ROW 2 : LVL 1,1774281650391,788169020311,Hoof/Treats,1,Horsemen's Pride Stall Snack Combo,Horse Care > Treats & Toys > Toys & Licks,SS203APPLE,Size: 1 Combo,,,,,Wellington Warehouse,25.47,25.47,25.47,44.45,0,0,0.015625,,
14,ROW 5 : LVL 4,1769190184154,086621123021,Fly sprays,4,Farnam SWAT Fly Repellent Ointment,Horse Care > Fly & Insect Control > Fly Sprays & Traps,100532426,Size: 7 Ounces,Color: Clear,,,,Wellington Warehouse,0.00,4.92,9.84,15.49,0,0,0.014925373,Fri May 29 2026 16:44:26 GMT+0000 (Coordinated Universal Time),RJ TRADE SHOW MAY #26055027400
15,ROW 1 : LVL 1,1767888349952,087219711569,Supplements 1,1,Zoetis STRONGID Broad-Spectrum Dewormer Paste,Horse Care > Supplements > Wormer,10000468,Size: .5 Ounces,,,Lot# 738439,2026-12-01,Wellington Warehouse,7.20,7.20,7.20,10.99,0,0,1.875,,
5,ROW 1 : LVL 1,1774281650387,011444034018,Hoof/Treats,1,Absorbine SuperShine Hoof Polish & Sealer,Horse Care > Grooming & Bathing > Hoof Oils & Conditioner,428989,Size: 8 Ounces,Color: Black,,,,Wellington Warehouse,9.60,9.60,9.60,15.99,0,0,,,
1,ROW 2 : LVL 1,1774281650391,"5410340724774, 5410340724774",Hoof/Treats,1,Cavalor Sweeties Healthy Horse Snacks,Horse Care > Treats & Toys > Treats,82696304,Size: 750 Grams,,,Lot# LL297,2027-04-24,Wellington Warehouse,7.29,7.29,7.29,10.95,0,0,0.05,Wed Apr 15 2026 13:57:25 GMT+0000 (Coordinated Universal Time),PO#3232
1,BIN-03,1767626770402,7340041109359,Shelf 5,3,Back on Track Therapeutic Exercise Front Boots,Tack & Equipment > Boots & Wraps > Protective Boots > Front Boots,20440201,Size: Small,Color: White,,,,Wellington Warehouse,36.00,36.00,36.00,72.00,0,0,,,
1,BIN-03,1767626770402,,Shelf 5,3,Back on Track Therapeutic Exercise Front Boots,Tack & Equipment > Boots & Wraps > Protective Boots > Front Boots,20440002,Size: Medium,Color: Black,,,,Wellington Warehouse,36.00,36.00,36.00,72.00,0,0,,,
5,BIN-01,1767626770400,7340041106136,Shelf 5,1,Back on Track Therapeutic Knee Boots,Tack & Equipment > Boots & Wraps > Protective Boots > Hock & Knee Boots,20370004,Size: Extra Large,Color: Black,,,,Wellington Warehouse,34.50,34.50,34.50,69.00,0,0,,,
6,BIN-03,1767626770402,7340041109335,Shelf 5,3,Back on Track Therapeutic Exercise Hind Boots,Tack & Equipment > Boots & Wraps > Protective Boots > Hind Boots,20450202,Size: Medium,Color: White,,,,Wellington Warehouse,36.00,36.00,36.00,72.00,0,0,,,
0,LVL 1,1770396427443,7340041122723,Saddle Pads 3,1,Back on Track Therapeutic Dressage Saddle Pad,Tack & Equipment > English Saddle Pads > Dressage Saddle Pads,21370203,Color: White,Size: Full,,,,Wellington Warehouse,41.00,41.00,41.00,82.00,0,0,0.017857144,,
2,BIN-01,1767626770400,7340041106129,Shelf 5,1,Back on Track Therapeutic Knee Boots,Tack & Equipment > Boots & Wraps > Protective Boots > Hock & Knee Boots,20370003,Size: Large,Color: Black,,,,Wellington Warehouse,34.50,34.50,34.50,69.00,0,0,0.018518519,,
2,LVL 1,1770396427443,7340041121986,Saddle Pads 3,1,Back on Track Therapeutic Dressage Saddle Pad,Tack & Equipment > English Saddle Pads > Dressage Saddle Pads,21370003,Color: Black,Size: Full,,,,Wellington Warehouse,41.00,41.00,41.00,82.00,0,0,,,
0,BIN-03,1767626770402,7340041109342,Shelf 5,3,Back on Track Therapeutic Exercise Hind Boots,Tack & Equipment > Boots & Wraps > Protective Boots > Hind Boots,20450203,Size: Large,Color: White,,,,Wellington Warehouse,36.00,36.00,36.00,72.00,0,0,,,
3,LVL 1,1770396427443,7340041127728,Saddle Pads 3,1,Back on Track Therapeutic Dressage Saddle Pad,Tack & Equipment > English Saddle Pads > Dressage Saddle Pads,21370303,Color: Navy,Size: Full,,,,Wellington Warehouse,41.00,41.00,41.00,82.00,0,0,,,
1,BIN-03,1767626770402,7340041109328,Shelf 5,3,Back on Track Therapeutic Exercise Hind Boots,Tack & Equipment > Boots & Wraps > Protective Boots > Hind Boots,20450201,Size: Small,Color: White,,,,Wellington Warehouse,36.00,36.00,36.00,72.00,0,0,,,
4,BIN-03,1767626770402,7340041109366,Shelf 5,3,Back on Track Therapeutic Exercise Front Boots,Tack & Equipment > Boots & Wraps > Protective Boots > Front Boots,20440202,Size: Medium,Color: White,,,,Wellington Warehouse,36.00,36.00,36.00,72.00,0,0,,,
2,BIN-03,1767626770402,7340041107140,Shelf 5,3,Back on Track Therapeutic Exercise Front Boots,Tack & Equipment > Boots & Wraps > Protective Boots > Front Boots,20440003,Size: Large,Color: Black,,,,Wellington Warehouse,36.00,36.00,36.00,72.00,0,0,,,
0,BIN-03,1767626770402,7340041109373,Shelf 5,3,Back on Track Therapeutic Exercise Front Boots,Tack & Equipment > Boots & Wraps > Protective Boots > Front Boots,20440203,Size: Large,Color: White,,,,Wellington Warehouse,36.00,36.00,36.00,72.00,0,0,,,
2,LVL 2,1770840424777,7340041123423,Blankets 5,2,Back on Track Therapeutic Mesh Sheet,Horse Wear > Blankets & Sheets > Stable Blankets & Sheets > Lightweight,21180809,Color: Hunter Green,Size: 57,,,,Wellington Warehouse,119.40,119.40,119.40,199.00,0,0,,,
1,LVL 2,1770840424777,7340041113370,Blankets 5,2,Back on Track Classic Turnout Sheet,Horse Wear > Blankets & Sheets > Turnout Blankets & Sheets > Sheets,21420035,Size: 72,,,,,Wellington Warehouse,144.50,144.50,144.50,289.00,0,0,,,
30,BIN-04,1768403067583,7340041110478,Shelf 11,4,Back on Track Therapeutic No Bow Wraps,Tack & Equipment > Boots & Wraps > Leg Wraps,20500018,Size: 16 Inches x 20 Inches,Color: Black,,,,Wellington Warehouse,34.00,34.00,34.00,68.00,0,0,0.011363637,,
10,BIN-02,1768403067586,7340041107034,Shelf 12,2,Back on Track Therapeutic Polo Wraps,Tack & Equipment > Boots & Wraps > Leg Wraps,20400201,Size: 9-foot,Color: White,,,,Wellington Warehouse,21.50,21.50,21.50,43.00,0,0,,,
9,LVL 2,1770840424777,7340041113363,Blankets 5,2,Back on Track Classic Turnout Sheet,Horse Wear > Blankets & Sheets > Turnout Blankets & Sheets > Sheets,21420025,Size: 69,,,,,Wellington Warehouse,144.50,144.50,144.50,289.00,0,0,,,
0,LVL 2,1770840424777,7340041123607,Blankets 5,2,Back on Track Therapeutic Mesh Sheet,Horse Wear > Blankets & Sheets > Stable Blankets & Sheets > Lightweight,21180565,Color: Burgundy,Size: 87,,,,Wellington Warehouse,119.40,119.40,119.40,199.00,0,0,,,
1,BIN-02,1768403067586,7340041107010,Shelf 12,2,Back on Track Therapeutic Polo Wraps,Tack & Equipment > Boots & Wraps > Leg Wraps,20400001,Size: 9-foot,Color: Black,,,,Wellington Warehouse,21.50,21.50,21.50,43.00,0,0,,,
4,BIN-02,1768403067586,7340041107027,Shelf 12,2,Back on Track Therapeutic Polo Wraps,Tack & Equipment > Boots & Wraps > Leg Wraps,20400002,Size: 11-foot,Color: Black,,,,Wellington Warehouse,21.50,21.50,21.50,43.00,0,0,,,
1,LVL 2,1770840424777,7340041123539,Blankets 5,2,Back on Track Therapeutic Mesh Sheet,Horse Wear > Blankets & Sheets > Stable Blankets & Sheets > Lightweight,21180509,Color: Burgundy,Size: 57,,,,Wellington Warehouse,119.40,119.40,119.40,199.00,0,0,,,
0,BIN-04,1768403067583,7340041110447,Shelf 11,4,Back on Track Therapeutic No Bow Wraps,Tack & Equipment > Boots & Wraps > Leg Wraps,20500006,Size: 12 Inches x 30 Inches,Color: Black,,,,Wellington Warehouse,34.00,34.00,34.00,68.00,0,0,0.018518519,,
2,BIN-04,1768403067583,7340041110454,Shelf 11,4,Back on Track Therapeutic No Bow Wraps,Tack & Equipment > Boots & Wraps > Leg Wraps,20500007,Size: 14 Inches x 30 Inches,Color: Black,,,,Wellington Warehouse,34.00,34.00,34.00,68.00,0,0,0.018518519,,
3,BIN-02,1768403067586,7340041115411,Shelf 12,2,Back on Track Therapeutic Polo Wraps,Tack & Equipment > Boots & Wraps > Leg Wraps,20400003,Size: 7-foot,Color: Black,,,,Wellington Warehouse,21.50,21.50,21.50,43.00,0,0,,,
0,BIN-04,1768403067583,7340041110461,Shelf 11,4,Back on Track Therapeutic No Bow Wraps,Tack & Equipment > Boots & Wraps > Leg Wraps,20500008,Size: 16 Inches x 30 Inches,Color: Black,,,,Wellington Warehouse,34.00,34.00,34.00,68.00,0,0,,,
3,LVL 2,1770840424777,7340041123522,Blankets 5,2,Back on Track Therapeutic Mesh Sheet,Horse Wear > Blankets & Sheets > Stable Blankets & Sheets > Lightweight,21180508,Color: Burgundy,Size: 51,,,,Wellington Warehouse,119.40,119.40,119.40,199.00,0,0,,,
5,LVL 2,1770840424777,7340041123546,Blankets 5,2,Back on Track Therapeutic Mesh Sheet,Horse Wear > Blankets & Sheets > Stable Blankets & Sheets > Lightweight,21180515,Color: Burgundy,Size: 66,,,,Wellington Warehouse,119.40,119.40,119.40,199.00,0,0,,,
4,LVL 2,1770840424777,7340041123416,Blankets 5,2,Back on Track Therapeutic Mesh Sheet,Horse Wear > Blankets & Sheets > Stable Blankets & Sheets > Lightweight,21180805,Color: Hunter Green,Size: 60,,,,Wellington Warehouse,119.40,119.40,119.40,199.00,0,0,,,
1,ROW 4 : LVL 2,1774281147462,694244905759,Supplements 2,2,AniMed TIE-BY Muscle Support Powdered Supplement,Horse Care > Supplements > Weight Gain & Muscle,053-90575,Size: 2.5 Pounds,,,,,Wellington Warehouse,24.95,24.95,24.95,45.59,0,0,,,
0,BIN-04,1768403067583,7340041172568,Shelf 11,4,Back on Track Therapeutic No Bow Wraps,Tack & Equipment > Boots & Wraps > Leg Wraps,20500009,Size: 10 Inches x 30 Inches,Color: Black,,,,Wellington Warehouse,34.00,34.00,34.00,68.00,0,0,,,
18,BIN-02,1768403067586,7340041107041,Shelf 12,2,Back on Track Therapeutic Polo Wraps,Tack & Equipment > Boots & Wraps > Leg Wraps,20400202,Size: 11-foot,Color: White,,,,Wellington Warehouse,21.50,21.50,21.50,43.00,0,0,,,
39,BIN-03,1776354991788,757475332685,Grooming Small,3,Epona Tiger’s Tongue Horse Groomer,"Horse Care > Grooming & Bathing > Brushes & Tools > Grooming Gloves, Curry Combs & Deshedding Tools",TIGER-1010,Title: Default Title,,,,,Wellington Warehouse,3.75,3.75,3.75,9.95,0,0,0.06097561,,
3,LVL 2,1770840424777,7340041123614,Blankets 5,2,Back on Track Therapeutic Mesh Sheet,Horse Wear > Blankets & Sheets > Stable Blankets & Sheets > Lightweight,21180575,Color: Burgundy,Size: 90,,,,Wellington Warehouse,149.40,149.40,149.40,199.00,0,0,,,
1,LVL 2,1772124449866,635901311001,Hoof Boots,2,"Cavallo Trek Regular Sole Hoof Boot, Single Boot",Tack & Equipment > Boots & Wraps > Hoof Boots,11-4182-6-BKGR,Size: Size 6,Color: Green,,,,Wellington Warehouse,55.00,55.00,55.00,104.95,0,0,,,
8,ROW 3 : LVL 3,1774281147459,890347002009,Supplements 2,3,Ramard Total Joint Care Performance Formula,Horse Care > Supplements > Joint Health,RAM-01J,Size: 1.12 Pounds (30 Day Supply),,,,,Wellington Warehouse,50.22,50.22,50.22,74.30,0,0,,Fri May 08 2026 18:48:35 GMT+0000 (Coordinated Universal Time),RJ April Trade Show Order #26055020300
1,LVL 2,1772124449866,635901266455,Hoof Boots,2,"Cavallo Trek Regular Sole Hoof Boot, Single Boot",Tack & Equipment > Boots & Wraps > Hoof Boots,11-4182-1-BKGR,Size: Size 1,Color: Green,,,,Wellington Warehouse,55.00,55.00,55.00,104.95,0,0,,,
0,ROW 2 : LVL 1,1767888349951,715401660097,Supplements 1,1,Finish Line Total Control All-In-One Supplement,Horse Care > Supplements > Digestive & Gut Health,13439-2,Size: 9.3 Pounds,,,,,Wellington Warehouse,112.38,112.38,112.38,129.99,0,0,,,
6,ROW 4 : LVL 1,1774281545041,899046002020,Grooming,1,eZall Total Body Wash Green,"Horse Care > Grooming & Bathing > Shampoos, Conditioners, & Sprays > Shampoos",69-4002,Size: 32 Ounces,,,,,Wellington Warehouse,11.35,11.35,11.35,18.15,0,0,,,
4,ROW 4 : LVL 1,1774281545041,899046002051,Grooming,1,eZall Total Body Wash Green,"Horse Care > Grooming & Bathing > Shampoos, Conditioners, & Sprays > Shampoos",69-4003,Size: 1 Gallon,,,,,Wellington Warehouse,26.48,26.48,26.48,42.99,0,0,,,
7,ROW 5 : LVL 3,1769190184153,011444230014,Fly sprays,3,Absorbine UltraShield Red Insecticide & Repellent,Horse Care > Fly & Insect Control > Fly Sprays & Traps,429265,Size: 1 Quart,,,,,Wellington Warehouse,13.38,13.38,13.38,19.49,0,0,,,
1,ROW 5 : LVL 3,1769190184153,011444220039,Fly sprays,3,Absorbine UltraShield Green Natural Fly Repellent,Horse Care > Fly & Insect Control > Fly Sprays & Traps,429512,Size: 1 Gallon,,,,,Wellington Warehouse,46.22,46.22,46.22,69.19,0,0,,,
4,ROW 5 : LVL 3,1769190184153,011444230038,Fly sprays,3,Absorbine UltraShield Red Insecticide & Repellent,Horse Care > Fly & Insect Control > Fly Sprays & Traps,430874,Size: 1 Gallon,,,,,Wellington Warehouse,41.87,41.87,41.87,62.09,0,0,,,
11,ROW 5 : LVL 3,1769190184153,011444220015,Fly sprays,3,Absorbine UltraShield Green Natural Fly Repellent,Horse Care > Fly & Insect Control > Fly Sprays & Traps,429501,Size: 32 Ounces,,,,,Wellington Warehouse,15.48,15.48,15.48,23.59,0,0,,,
0,ROW 1 : LVL 1,1768938420680,4064035091880,First Aid,1,3M Vetrap Bandaging Tape,Horse Care > First Aid & Wellness > First Aid Supplies,1410BK,Size: 4-inch x 5 Yards,Color: Black,,,,Wellington Warehouse,2.05,2.16,2.27,2.89,0,0,0.18181819,,
21,ROW 1 : LVL 3,1768938712711,311444075012,First Aid,3,Absorbine Veterinary Liniment Gel,Horse Care > First Aid & Wellness > Liniments,11015-2,Size: 12 Ounces,,,,,Wellington Warehouse,11.14,11.14,11.14,15.45,0,0,0.028169014,Fri May 29 2026 15:52:13 GMT+0000 (Coordinated Universal Time),RJ TRADE SHOW MAY #26055027400
14,ROW 4 : LVL 1,1774281614631,086621049604,Grooming/Tack Cleaner,1,Farnam Vetrolin Instant Detangler & Conditioner for Mane & Tail,"Horse Care > Grooming & Bathing > Shampoos, Conditioners & Sprays > Detanglers, Shines & Sprays",3004960,Size: 12 Ounces,,,,,Wellington Warehouse,15.80,15.80,15.80,22.99,0,0,0.012658228,,
10,ROW 5 : LVL 3,1769190184153,011444231011,Fly sprays,3,Absorbine UltraShield Sport Insecticide & Repellent,Horse Care > Fly & Insect Control > Fly Sprays & Traps,429267,Size: 32 Ounces,,,,,Wellington Warehouse,13.99,13.99,13.99,20.29,0,0,0.019607844,,
0,ROW 3 : LVL 2,1774281545037,086621049598,Grooming,2,Farnam Vetrolin Green Spot Out Spray-On Dry Clean Shampoo,"Horse Care > Grooming & Bathing > Shampoos, Conditioners, & Sprays > Stain Removers",3004959,Size: 16 Ounces,,,,,Wellington Warehouse,5.61,5.61,5.61,9.99,0,0,,,
12,ROW 1 : LVL 1,1768938420680,051115048685,First Aid,1,3M Vetrap Bandaging Tape,Horse Care > First Aid & Wellness > First Aid Supplies,1410R,Size: 4-inch x 5 Yards,Color: Red,,,,Wellington Warehouse,1.81,1.81,1.81,2.89,0,0,,,
27,ROW 3 : LVL 2,1774281545037,086621003330,Grooming,2,Farnam Vetrolin Body Wash,"Horse Care > Grooming & Bathing > Shampoos, Conditioners, & Sprays > Shampoos",100543875,Size: 32 Ounces,,,,,Wellington Warehouse,12.34,12.34,12.34,14.99,0,0,0.012820513,,
15,ROW 1 : LVL 1,1768938420680,051115048609,First Aid,1,3M Vetrap Bandaging Tape,Horse Care > First Aid & Wellness > First Aid Supplies,1410B,Size: 4-inch x 5 Yards,Color: Blue,,,,Wellington Warehouse,2.05,2.16,2.27,2.89,0,0,,,
4,ROW 5 : LVL 3,1769190184153,011444231035,Fly sprays,3,Absorbine UltraShield Sport Insecticide & Repellent,Horse Care > Fly & Insect Control > Fly Sprays & Traps,430872,Size: 1 Gallon,,,ULTRASHIELD SPORT,2029-09-01,Wellington Warehouse,44.48,44.48,44.48,62.99,0,4,,,
7,ROW 1 : LVL 4,1768938712712,086621801936,First Aid,4,Farnam Vetrolin Liniment,Horse Care > First Aid & Wellness > Liniments,80193,Size: 1 Gallon,,,,,Wellington Warehouse,35.59,35.59,35.59,44.99,0,0,0.039473683,,
12,ROW 3 : LVL 2,1774281545037,086621461062,Grooming,2,Farnam Vetrolin White 'N Brite,"Horse Care > Grooming & Bathing > Shampoos, Conditioners, & Sprays > Shampoos",100543890,Size: 32 Ounces,,,,,Wellington Warehouse,14.60,14.60,14.60,18.99,0,0,0.027027028,,
0,ROW 3 : LVL 2,1774281545037,823313023609,Grooming,2,Lucky Braids Whitener & Dry Wash Spray,"Horse Care > Grooming & Bathing > Shampoos, Conditioners, & Sprays > Stain Removers",2360,Size: 1 Gallon,,,,,Wellington Warehouse,52.00,52.00,52.00,99.95,0,0,0.011904762,,
2,ROW 4 : LVL 2,1774281147462,694244904516,Supplements 2,2,AniMed Via Calm,Horse Care > Supplements > Calming & Focus,053-90451,Size: 2 Pounds,,,,,Wellington Warehouse,11.35,11.35,11.35,20.79,0,0,,,
4,ROW 4 : LVL 1,1774281614631,086621803084,Grooming/Tack Cleaner,1,Farnam Vetrolin Shine,"Horse Care > Grooming & Bathing > Shampoos, Conditioners & Sprays > Detanglers, Shines & Sprays",80308,Size: 64 Ounces,,,,,Wellington Warehouse,14.20,14.20,14.20,19.99,0,0,,,
9,ROW 4 : LVL 2,1774281147462,694244904523,Supplements 2,2,AniMed Via Calm,Horse Care > Supplements > Calming & Focus,90452,Size: 5 Pounds,,,,,Wellington Warehouse,21.85,22.14,22.72,39.74,0,4,0.121212125,Fri May 29 2026 15:26:16 GMT+0000 (Coordinated Universal Time),RJ TRADE SHOW MAY #26055027400
8,ROW 1 : LVL 3,1768938712711,086621801929,First Aid,3,Farnam Vetrolin Liniment,Horse Care > First Aid & Wellness > Liniments,80192,Size: 32 Ounces,,,,,Wellington Warehouse,12.73,12.73,12.73,15.99,0,0,0.051948052,,
50,ROW 5 : LVL 3,1769190184153,791738114519,Fly sprays,3,Pyranha Wipe n' Spray,Horse Care > Fly & Insect Control > Fly Sprays & Traps,001WIPEG,Size: 1 Gallon,,,,,Wellington Warehouse,40.52,40.52,40.52,77.95,0,0,0.057142857,Fri May 29 2026 18:29:54 GMT+0000 (Coordinated Universal Time),RJ TRADE SHOW MAY #26055027400
5,ROW 5 : LVL 3,1769190184153,791738114526,Fly sprays,3,Pyranha Wipe n' Spray,Horse Care > Fly & Insect Control > Fly Sprays & Traps,001WIPE,Size: 32 Ounces,,,,,Wellington Warehouse,13.82,13.82,13.82,23.99,0,0,0.041666668,,
12,ROW 4 : LVL 1,1774281614631,086621803077,Grooming/Tack Cleaner,1,Farnam Vetrolin Shine,"Horse Care > Grooming & Bathing > Shampoos, Conditioners & Sprays > Detanglers, Shines & Sprays",80307,Size: 32 Ounces,,,,,Wellington Warehouse,0.00,0.00,0.00,11.99,0,0,,,
7,ROW 3 : LVL 2,1774281545037,823313023623,Grooming,2,Lucky Braids Whitener & Dry Wash Spray,"Horse Care > Grooming & Bathing > Shampoos, Conditioners, & Sprays > Stain Removers",2362,Size: 1 Quart,,,,,Wellington Warehouse,25.00,25.00,25.00,39.95,0,0,0.02631579,,
8,ROW 1 : LVL 3,1768938712711,086621311015,First Aid,3,Farnam Wonder Dust Wound Powder,Horse Care > First Aid & Wellness > Wound Care & Topicals,31101,Size: 4 Ounces,,,,,Wellington Warehouse,5.03,5.03,5.03,7.99,0,0,0.012658228,,
0,ROW 5 : LVL 2,1769190184152,"086621020184, 086621020184",Fly sprays,2,Equicare Flysect Super-7 Repellent Spray,Horse Care > Fly & Insect Control > Fly Sprays & Traps,100502018,Size: 1 Gallon,,,,,Wellington Warehouse,63.22,63.22,63.22,78.99,0,0,0.032258064,Thu May 07 2026 15:13:59 GMT+0000 (Coordinated Universal Time),March Trade show order 26055018900
6,ROW 5 : LVL 3,1769190184153,086621113015,Fly sprays,3,Equicare Flysect Citronella Spray with Lanolin,Horse Care > Fly & Insect Control > Fly Sprays & Traps,11301,Size: 32 Ounces,,,,,Wellington Warehouse,15.53,15.53,15.53,25.99,0,0,0.05263158,,
0,BIN-05,1767626770404,0732068253226,Shelf 5,5,Premier Equine Air Cooled Super Lite Carbon Tech Boots,Tack & Equipment > Boots & Wraps > Protective Boots > Hind Boots,1031HLBLK,Size: Large,Leg: Hind,,,,Wellington Warehouse,30.00,30.00,30.00,49.99,0,0,,,
34,ROW 5 : LVL 2,1769190184152,"086621020191, 086621020191",Fly sprays,2,Equicare Flysect Super-7 Repellent Spray,Horse Care > Fly & Insect Control > Fly Sprays & Traps,100502019,Size: 32 Ounce,,,,,Wellington Warehouse,20.06,20.06,20.06,29.95,0,0,0.072289154,,
0,BIN-05,1767626770404,0732068253219,Shelf 5,5,Premier Equine Air Cooled Super Lite Carbon Tech Boots,Tack & Equipment > Boots & Wraps > Protective Boots > Hind Boots,1031HMBLK,Size: Medium,Leg: Hind,,,,Wellington Warehouse,30.00,30.00,30.00,49.99,0,0,0.024096385,,
3,ROW 5 : LVL 3,1769190184153,086621113022,Fly sprays,3,Equicare Flysect Citronella Spray with Lanolin,Horse Care > Fly & Insect Control > Fly Sprays & Traps,11302,Size: 1 Gallon,,,,,Wellington Warehouse,61.83,61.83,61.83,79.99,0,0,,,
4,BIN-02,1767452692383,"789088087591, 789088087591",Shelf 2,2,Kensington Signature Fly Mask with Web Trim,Horse Wear > Fly & Insect Control > Fly Masks,KFM100XL2017,Size: Extra Large,Color: Lavender Mint,,,,Wellington Warehouse,20.00,20.00,20.00,34.99,0,0,,,
1,BIN-02,1767452692383,"789088097248, 789088097248",Shelf 2,2,Kensington Signature Fly Mask with Web Trim,Horse Wear > Fly & Insect Control > Fly Masks,KFM100L181,Size: Large,Color: Kentucky Blue,,,,Wellington Warehouse,20.00,20.00,20.00,34.99,0,0,0.054054055,,
3,BIN-02,1767452692383,"789088015587, 789088015587",Shelf 2,2,Kensington Signature Fly Mask with Web Trim,Horse Wear > Fly & Insect Control > Fly Masks,KFM100S121,Size: Small,Color: Deluxe Black,,,,Wellington Warehouse,20.00,20.00,20.00,34.99,0,0,,,
8,BIN-02,1767452692383,"789088099013, 789088099013",Shelf 2,2,Kensington UViator Protective Mask,Horse Wear > Fly & Insect Control > Fly Masks,KCM-100M121,Size: Medium - Small Horse,Color: Deluxe Black,,,,Wellington Warehouse,40.00,40.00,40.00,55.99,0,0,,,
3,BIN-02,1767452692383,"789088015440, 789088015440",Shelf 2,2,Kensington Signature Fly Mask with Web Trim,Horse Wear > Fly & Insect Control > Fly Masks,KFM100L121,Size: Large,Color: Deluxe Black,,,,Wellington Warehouse,20.00,20.00,20.00,34.99,0,0,0.027027028,,
8,BIN-02,1767452692383,"789088015518, 789088015518",Shelf 2,2,Kensington Signature Fly Mask with Web Trim,Horse Wear > Fly & Insect Control > Fly Masks,KFM100M121,Size: Medium,Color: Deluxe Black,,,,Wellington Warehouse,20.00,20.00,20.00,34.99,0,0,,,
3,BIN-04,1768845014312,4031189173991,Shelf 13,4,Passier Special Caveson with Bit Ring Recess,"Tack & Equipment > Bridles, Headstalls & Reins > English Bridles & Reins > Bridle Accessories",951020,Size: Full,,,,,Wellington Warehouse,54.00,54.00,54.00,99.99,0,0,,,
0,Grid wall,1770916055031,4031189031918,Girths,1,Passier Leather Girth for Dressage Saddles with a Tendency to Slip Forward,Tack & Equipment > Girths & Cinches > Dressage Girths,73070,Size: 70 Centimeters,,,,,Wellington Warehouse,82.00,82.00,82.00,164.99,0,0,,,
0,BIN-02,1767452692383,"789088099150, 789088099150",Shelf 2,2,Kensington UViator Protective Mask,Horse Wear > Fly & Insect Control > Fly Masks,KCM-100XL181,Size: Extra Large - Large Horse,Color: Kentucky Blue,,,,Wellington Warehouse,40.00,40.00,40.00,55.99,0,0,0.17391305,,
3,BIN-05,1776354991790,863765000230,Grooming Small,5,Betty's Best Striphair Gentle Original Groomer,"Horse Care > Grooming & Bathing > Brushes & Tools > Grooming Gloves, Curry Combs & Deshedding Tools",1100,Title: Default Title,,,,,Wellington Warehouse,19.50,19.50,19.50,29.95,0,0,,,
1,BIN-03,1767452692384,"789088085924, 789088085924",Shelf 2,3,Kensington Signature Fly Mask with Web Trim,Horse Wear > Fly & Insect Control > Fly Masks,KFM100XXL2013,Size: Extra Extra Large,Color: Black Ice,,,,Wellington Warehouse,20.00,20.00,20.00,34.99,0,0,,,
5,BIN-03,1767452692384,"789088067500, 789088067500",Shelf 2,3,Kensington Signature Fly Mask with Web Trim,Horse Wear > Fly & Insect Control > Fly Masks,KFM100XL2013,Size: Extra Large,Color: Black Ice,,,,Wellington Warehouse,20.00,20.00,20.00,34.99,0,0,,,
10,BIN-02,1767452692383,"789088015655, 789088015655",Shelf 2,2,Kensington Signature Fly Mask with Web Trim,Horse Wear > Fly & Insect Control > Fly Masks,KFM100XL121,Size: Extra Large,Color: Deluxe Black,,,,Wellington Warehouse,20.00,20.00,20.00,34.99,0,0,,,
1,BIN-02,1767452692383,"789088133342, 789088133342",Shelf 2,2,Kensington Signature Fly Mask with Web Trim,Horse Wear > Fly & Insect Control > Fly Masks,KFM100S2017,Size: Small,Color: Lavender Mint,,,,Wellington Warehouse,20.00,20.00,20.00,34.99,0,0,,,
5,BIN-02,1767452692383,,Shelf 2,2,Kensington UViator Protective Mask,Horse Wear > Fly & Insect Control > Fly Masks,KCM-100M181,Size: Medium - Small Horse,Color: Kentucky Blue,,,,Wellington Warehouse,40.00,40.00,40.00,55.99,0,0,0.05,,
11,BIN-02,1767452692383,"789088097255, 789088097255",Shelf 2,2,Kensington Signature Fly Mask with Web Trim,Horse Wear > Fly & Insect Control > Fly Masks,KFM100XL181,Size: Extra Large,Color: Kentucky Blue,,,,Wellington Warehouse,20.00,20.00,20.00,34.99,0,0,,,
6,BIN-02,1767452692383,"789088099136, 789088099136",Shelf 2,2,Kensington UViator Protective Mask,Horse Wear > Fly & Insect Control > Fly Masks,KCM-100XL121,Size: Extra Large - Large Horse,Color: Deluxe Black,,,,Wellington Warehouse,40.00,40.00,40.00,55.99,0,0,,,
4,BIN-02,1767452692383,"789088088338, 789088088338",Shelf 2,2,Kensington Signature Fly Mask with Web Trim,Horse Wear > Fly & Insect Control > Fly Masks,KFM100XXL2017,Size: Extra Extra Large,Color: Lavender Mint,,,,Wellington Warehouse,20.00,20.00,20.00,34.99,0,0,,,
16,BIN-05,1776354991790,863765000247,Grooming Small,5,Betty's Best Striphair Gentle Sensitive Groomer,"Horse Care > Grooming & Bathing > Brushes & Tools > Grooming Gloves, Curry Combs & Deshedding Tools",1120,Title: Default Title,,,,,Wellington Warehouse,19.50,19.50,19.50,29.95,0,0,,,
0,ROW 5 : LVL 4,1769190184154,086621101241,Fly sprays,4,Farnam Wipe Original Formula Fly Protectant,Horse Care > Fly & Insect Control > Fly Sprays & Traps,10124,Size: 1 Gallon,,,,,Wellington Warehouse,80.49,80.49,80.49,115.99,0,0,,,
3,BIN 1,1776787262020,635901215736,Bits 2,1,"Myler Flat Shank with Sweet Iron Correctional Low Ported Barrel (MB 27PB, Level 2-3)",Tack & Equipment > Bits > Western Bits,89-11255,Size: 5 Inches,,,,,Wellington Warehouse,73.50,73.50,73.50,181.95,0,0,,,
54,ROW 3 : LVL 3,1774281614628,040102726057,Grooming/Tack Cleaner,3,Andis CeramicEdge Detachable Blade,"Horse Care > Grooming & Bathing > Clippers, Blades & Accessories",64240,Size: Size 7FC (3.2mm),,,,,Wellington Warehouse,23.78,23.78,23.78,32.99,0,0,,,
9,ROW 3 : LVL 3,1774281614628,040102642654,Grooming/Tack Cleaner,3,Andis CeramicEdge Detachable Blade,"Horse Care > Grooming & Bathing > Clippers, Blades & Accessories",64265,Size: Size 40 (.25mm),,,,,Wellington Warehouse,21.83,21.83,21.83,26.99,0,0,,,
31,ROW 3 : LVL 3,1774281614628,040102643156,Grooming/Tack Cleaner,3,Andis CeramicEdge Detachable Blade,"Horse Care > Grooming & Bathing > Clippers, Blades & Accessories",64315,Size: Size 10 (1.5mm),,,,,Wellington Warehouse,21.83,21.83,21.83,27.99,0,0,0.02631579,Mon Mar 23 2026 19:57:15 GMT+0000 (Coordinated Universal Time),PO#3222
0,BIN 1,1776787262020,635901271732,Bits 2,1,"Myler Flat Shank with Sweet Iron Low Port (MB 04, Level 2)",Tack & Equipment > Bits > Western Bits,89-11045,Size: 5 Inches,,,,,Wellington Warehouse,71.50,71.50,71.50,173.95,0,0,,,
0,BIN 1,1776787262020,635901215798,Bits 2,1,"Myler Flat Shank with Sweet Iron Ported Barrel (MB 33, Level 3)",Tack & Equipment > Bits > Western Bits,89-11335,Size: 5 Inches,,,,,Wellington Warehouse,74.50,74.50,74.50,183.95,0,0,,,
2,BIN 1,1776787262020,635901216085,Bits 2,1,"Myler Western Dee with Sweet Iron Comfort Snaffle with Copper Roller (MB 03, Level 1)",Tack & Equipment > Bits > Western Bits,89-18035,Size: 5 Inches,,,,,Wellington Warehouse,61.95,61.95,61.95,151.95,0,0,,,
1,BIN 1,1776787262020,635901271770,Bits 2,1,"Myler Western Dee with 2 Hooks with Sweet Iron Low Port Comfort Snaffle (MB 04, Level 2)",Tack & Equipment > Bits > Western Bits,89-19045,Size: 5 Inches,,,,,Wellington Warehouse,61.95,61.95,61.95,151.95,0,0,,,
7,BIN 1,1776787262020,635901216276,Bits 2,1,"Myler HBT Shank with Sweet Iron Comfort Snaffle Wide Barrel (MB 02, Level 1)",Tack & Equipment > Bits > Western Bits,89-20025,Size: 5 inches,,,,,Wellington Warehouse,63.95,63.95,63.95,159.95,0,0,,,
0,BIN 1,1776787262020,635901271763,Bits 2,1,"Myler Western Dee with Sweet Iron Low Port Comfort Snaffle (MB 04, Level 2)",Tack & Equipment > Bits > Western Bits,89-18045,Size: 5 Inches,,,,,Wellington Warehouse,58.50,58.50,58.50,143.95,0,0,,,
7,BIN 1,1776787262020,635901215835,Bits 2,1,"Myler Flat Shank with Sweet Iron Low Ported Barrel Narrow (MB 43LP, Level 2-3)",Tack & Equipment > Bits > Western Bits,89-11435,Size: 5 Inches,,,,,Wellington Warehouse,73.50,73.50,73.50,181.95,0,0,,,
4,BIN 1,1776787262019,635901112264,Bits 1,1,"Myler Loose Ring with Low Wide Ported Barrel (MB 33WL, Level 3)",Tack & Equipment > Bits > English Bits,89-28345,Size: 5 Inches,,,,,Wellington Warehouse,48.95,48.95,48.95,121.95,0,0,,,
0,BIN 1,1776787262020,635901216375,Bits 2,1,"Myler HBT Shank with Sweet Iron Ported Barrel (MB 33, Level 3)",Tack & Equipment > Bits > Western Bits,89-20335,Size: 5 inches,,,,,Wellington Warehouse,65.95,65.95,65.95,163.95,0,0,0.033333335,,
1,BIN 1,1776787262019,635901216481,Bits 1,1,"Myler Dee without Hooks with Stainless Steel Comfort Snaffle Wide Barrel (MB 02, Level 1)",Tack & Equipment > Bits > English Bits,89-21025,Size: 5 Inches,,,,,Wellington Warehouse,53.95,53.95,53.95,139.95,0,0,,,
1,BIN 1,1776787262019,635901045524,Bits 1,1,"Myler Loose Ring with 14mm Low Port Comfort Snaffle Wide Barrel (MB 04, Level 2)",Tack & Equipment > Bits > English Bits,89-28145,Size: 5 Inches,,,,,Wellington Warehouse,46.50,46.50,46.50,113.95,0,0,,,
5,BIN 1,1776787262020,635901216412,Bits 2,1,"Myler HBT Shank with Sweet Iron Low Ported Barrel Narrow (MB 43LP, Level 2-3)",Tack & Equipment > Bits > Western Bits,89-20435,Size: 5 inches,,,,,Wellington Warehouse,70.50,70.50,70.50,173.95,0,0,,,
10,BIN 1,1776787262019,635901217303,Bits 1,1,"Myler Kimberwick with Stainless Steel Ported Barrel (MB 33, Level 3)",Tack & Equipment > Bits > English Bits,89-25335,Size: 5 inches,,,,,Wellington Warehouse,78.95,78.95,78.95,193.95,0,0,,,
1,BIN 1,1776787262019,635901112592,Bits 1,1,"Myler Eggbutt without Hooks with Wide Ported Barrel (MB 33WL, Level 3)",Tack & Equipment > Bits > English Bits,89-29345,Size: 5 Inches,,,,,Wellington Warehouse,59.95,59.95,59.95,147.95,0,0,,,
1,BIN 1,1776787262020,635901272975,Bits 2,1,"Myler Eggbutt with Hooks and Stainless Steel Ported Barrel (MB 33, Level 3)",Tack & Equipment > Bits > Western Bits,89-30335,Size: 5 Inches,,,,,Wellington Warehouse,60.95,60.95,60.95,151.95,0,0,,,
4,BIN 1,1776787262019,635901050559,Bits 1,1,"Myler Eggbutt without Hooks with 14mm Stainless Steel Comfort Snaffle Wide Barrel (MB 02, Level 1)",Tack & Equipment > Bits > English Bits,89-29135,Size: 5 Inches,,,,,Wellington Warehouse,53.95,53.95,53.95,133.95,0,0,,,
0,BIN 1,1776787262019,635901050979,Bits 1,1,"Myler Eggbutt without Hooks with 14mm Stainless Steel Low Port Comfort Snaffle (MB 04, Level 2)",Tack & Equipment > Bits > English Bits,89-29145,Size: 5 Inches,,,,,Wellington Warehouse,53.95,53.95,53.95,137.95,0,0,,,
2,BIN 1,1776787262020,635901135980,Bits 2,1,"Myler MBB Black Flat Shank with Sweet Iron Wide Ported Barrel  (MB 16PB, Level 3)",Tack & Equipment > Bits > Western Bits,89-64175,Size: 5 Inches,,,,,Wellington Warehouse,75.95,75.95,75.95,151.95,0,0,,,
1,BIN 1,1776787262019,635901123239,Bits 1,1,"Myler 3 3/8"" Medium Dee with Hooks and Forward Tilted Port (MB 36, Level 2-3)",Tack & Equipment > Bits > English Bits,89-44365,Size: 5 Inches,,,,,Wellington Warehouse,70.95,70.95,70.95,165.95,0,0,,,
1,BIN 1,1776787262020,635901127350,Bits 2,1,"Myler MBT Shank with Sweet Iron Wide Ported Barrel MB (16PB, Level 3)",Tack & Equipment > Bits > Western Bits,89-61175,Size: 5 Inches,,,,,Wellington Warehouse,76.95,76.95,76.95,187.95,0,0,,,
4,BIN 1,1776787262019,635901123826,Bits 1,1,"Myler 3 3/8"" Medium Dee with Hooks and Low Medium Wide Ported Barrel (MB 33, Level 3)",Tack & Equipment > Bits > English Bits,89-44335,Size: 5 Inches,,,,,Wellington Warehouse,67.95,67.95,67.95,157.95,0,0,0.033333335,,
3,BIN 1,1776787262020,635901127404,Bits 2,1,"Myler MBT Shank with Sweet Iron Ported Barrel (MB 33, Level 3)",Tack & Equipment > Bits > Western Bits,89-61335,Size: 5 Inches,,,,,Wellington Warehouse,76.95,76.95,76.95,187.95,0,0,,,
3,BIN 1,1776787262019,635901010287,Bits 1,1,Myler Black Leather Noseband Kit for Combination Bits,Tack & Equipment > Bits > Bit Accessories,89-0027L5,Size: 5 Inches,,,,,Wellington Warehouse,14.95,14.95,14.95,29.95,0,0,,,
1,BIN 1,1776787262019,635901272708,Bits 1,1,"Myler Eggbutt without Hooks with Stainless Steel Comfort Snaffle Wide Barrel (MB 02, Level 1)",Tack & Equipment > Bits > English Bits,89-29027,Size: 5.5 Inches,,,,,Wellington Warehouse,52.95,52.95,52.95,129.95,0,0,,,
1,BIN 1,1776787211212,4022853161727,Gloves,1,Herm Sprenger Bow Balance Stirrup,Tack & Equipment > Stirrups & Leathers > English Stirrups,44266 112 55,Width: 4.25 Inches,Color: Black,,,,Wellington Warehouse,126.20,126.20,126.20,241.90,0,0,0.06122449,,
3,BIN 1,1776787262019,635901187361,Bits 1,1,Myler Black Leather Noseband Kit for Combination Bits,Tack & Equipment > Bits > Bit Accessories,89-0027L8,Size: 6 Inches,,,,,Wellington Warehouse,14.95,14.95,14.95,29.95,0,0,,,
3,BIN 1,1776787262019,635901010386,Bits 1,1,Myler Black Leather Noseband Kit for Combination Bits,Tack & Equipment > Bits > Bit Accessories,89-0027L4,Size: 4.75 Inches,,,,,Wellington Warehouse,14.95,14.95,14.95,29.95,0,0,,,
3,BIN 1,1776787262019,635901010522,Bits 1,1,Myler Black Leather Noseband Kit for Combination Bits,Tack & Equipment > Bits > Bit Accessories,89-0027L7,Size: 5.5 Inches,,,,,Wellington Warehouse,14.95,14.95,14.95,29.95,0,0,,,
1,BIN 1,1776787262019,4022853200662,Bits 1,1,Herm Sprenger KK Ultra Sensogan 14mm Loose Ring Snaffle,Tack & Equipment > Bits > English Bits,40605 145 78,Width: 14 Millimeters,Length: 5.75 Inches,,,,Wellington Warehouse,79.30,79.30,79.30,170.90,0,0,,,
2,BIN 1,1776787262019,4022853200624,Bits 1,1,Herm Sprenger KK Ultra Sensogan 14mm Loose Ring Snaffle,Tack & Equipment > Bits > English Bits,40605 135 78,Width: 14 Millimeters,Length: 5.25 Inches,,,,Wellington Warehouse,79.30,79.30,79.30,170.90,0,0,,,
24,LVL 1,1770059667422,012891260036,Buckets,1,Fortiflex 8-Quart Utility Pail,Stable > Stable Supplies > Feed & Water Buckets,N400-8-GRN,Size: 8 Quarts,Color: Green,,,,Wellington Warehouse,3.99,3.99,3.99,6.99,0,0,,,
6,LVL 1,1770059667422,012891275009,Buckets,1,Fortiflex 20 Quart Over The Fence Feeder,Stable > Stable Supplies > Feed & Water Buckets,OF20-BLU,Size: 20 Quarts,Color: Blue,,,,Wellington Warehouse,12.19,12.19,12.19,14.99,0,0,,,
10,LVL 1,1770059667422,084369995177,Buckets,1,Little Giant Duraflex Advanced Flat Back Rubber Bucket 12 Qt,Stable > Stable Supplies > Feed & Water Buckets,DF12FB,Size: 12 Quarts,Color: Black,,,,Wellington Warehouse,10.42,10.42,10.42,17.99,0,0,0.13333334,,
0,LVL 1,1770059667422,084369187428,Buckets,1,Little Giant Plastic 20 Quart Flat Back Bucket,Stable > Stable Supplies > Feed & Water Buckets,P20FBNAVY6,Size: 20 Quarts,Color: Navy,,,,Wellington Warehouse,5.84,6.47,7.09,12.99,0,0,0.16666667,Fri May 08 2026 18:20:49 GMT+0000 (Coordinated Universal Time),RJ April Trade Show Order #26055020300
0,LVL 2,1770059717290,084369187428,Buckets,2,Little Giant Plastic 20 Quart Flat Back Bucket,Stable > Stable Supplies > Feed & Water Buckets,P20FBNAVY6,Size: 20 Quarts,Color: Navy,,,,Wellington Warehouse,5.84,6.47,7.09,12.99,0,0,0.16666667,Fri May 08 2026 18:20:49 GMT+0000 (Coordinated Universal Time),RJ April Trade Show Order #26055020300
115,LVL 1,1770059667422,012891190012,Buckets,1,Fortiflex Square Low Pan 10 Qt,Stable > Stable Supplies > Feed & Water Buckets,SLP-10,Size: 10 Quarts,Color: Black,,,,Wellington Warehouse,6.57,6.57,6.57,10.99,0,0,0.0882353,,
2,LVL 1,1770059667422,012891275023,Buckets,1,Fortiflex 20 Quart Over The Fence Feeder,Stable > Stable Supplies > Feed & Water Buckets,OF20-RED,Size: 20 Quarts,Color: Red,,,,Wellington Warehouse,12.19,12.19,12.19,14.99,0,0,,,
158,LVL 2,1770059717290,012891260012,Buckets,2,Fortiflex 8-Quart Utility Pail,Stable > Stable Supplies > Feed & Water Buckets,N400-8BX,Size: 8 Quarts,Color: Black,,,,Wellington Warehouse,3.99,3.99,3.99,6.99,0,0,0.08571429,,
42,LVL 1,1770059667422,012891255032,Buckets,1,Fortiflex Corner Fence Mount Feeder,Stable > Stable Supplies > Feed & Water Buckets,CF-24GREEN,Size: 24 Quarts,Color: Green,,,,Wellington Warehouse,14.16,14.16,14.16,19.99,0,0,,,
0,LVL 1,1770059667422,012891260005,Buckets,1,Fortiflex 8-Quart Utility Pail,Stable > Stable Supplies > Feed & Water Buckets,N400-8-BLU,Size: 8 Quarts,Color: Blue,,,,Wellington Warehouse,3.99,3.99,3.99,6.99,0,0,0.16216215,,
0,LVL 1,1770059667422,084369187312,Buckets,1,Little Giant Plastic 20 Quart Flat Back Bucket,Stable > Stable Supplies > Feed & Water Buckets,P20FBBLACK6,Size: 20 Quarts,Color: Black,,,,Wellington Warehouse,5.84,6.47,7.09,12.99,0,0,0.03125,Fri May 08 2026 18:20:49 GMT+0000 (Coordinated Universal Time),RJ April Trade Show Order #26055020300
0,LVL 2,1770059717290,084369187312,Buckets,2,Little Giant Plastic 20 Quart Flat Back Bucket,Stable > Stable Supplies > Feed & Water Buckets,P20FBBLACK6,Size: 20 Quarts,Color: Black,,,,Wellington Warehouse,5.84,6.47,7.09,12.99,0,0,0.03125,Fri May 08 2026 18:20:49 GMT+0000 (Coordinated Universal Time),RJ April Trade Show Order #26055020300
0,LVL 2,1770059717290,012891265239,Buckets,2,Fortiflex 20 Quart Flat Back Bucket,Stable > Stable Supplies > Feed & Water Buckets,FB-120HG,Size: 20 Quarts,Color: Hunter Green,,,,Wellington Warehouse,5.84,5.84,5.84,14.99,0,0,,,
2,LVL 1,1770059667422,012891260029,Buckets,1,Fortiflex 8-Quart Utility Pail,Stable > Stable Supplies > Feed & Water Buckets,N400-8-RED,Size: 8 Quarts,Color: Red,,,,Wellington Warehouse,3.99,3.99,3.99,6.99,0,0,,,
6,LVL 1,1770059667422,012891255025,Buckets,1,Fortiflex Corner Fence Mount Feeder,Stable > Stable Supplies > Feed & Water Buckets,CF-24RED,Size: 24 Quarts,Color: Red,,,,Wellington Warehouse,14.16,14.16,14.16,19.99,0,0,,,
24,LVL 1,1770059667422,012891255018,Buckets,1,Fortiflex Corner Fence Mount Feeder,Stable > Stable Supplies > Feed & Water Buckets,CF-24 BLACK,Size: 24 Quarts,Color: Black,,,,Wellington Warehouse,14.16,14.16,14.16,19.99,0,0,,,
2,ROW 3 : LVL 3,1774281147459,890347002177,Supplements 2,3,Ramard Total Calm & Focus Supplement,Horse Care > Supplements > Calming & Focus,RAM-04J,Size: 1.12LB (30 day supply),,,Lot #F242422,2027-03-01,Wellington Warehouse,42.15,42.15,42.15,63.48,0,0,,,
5,LVL 1,1770059667422,084369007856,Buckets,1,Little Giant Plastic 8 Quart Flat Back Bucket,Stable > Stable Supplies > Feed & Water Buckets,P8FBBLACK,Size: 8 Quarts,Color: Black,,,,Wellington Warehouse,3.73,4.11,4.49,6.99,0,0,0.06666667,Fri May 08 2026 18:20:49 GMT+0000 (Coordinated Universal Time),RJ April Trade Show Order #26055020300
8,LVL 2,1770059717290,084369007856,Buckets,2,Little Giant Plastic 8 Quart Flat Back Bucket,Stable > Stable Supplies > Feed & Water Buckets,P8FBBLACK,Size: 8 Quarts,Color: Black,,,,Wellington Warehouse,3.73,4.11,4.49,6.99,0,0,0.06666667,Fri May 08 2026 18:20:49 GMT+0000 (Coordinated Universal Time),RJ April Trade Show Order #26055020300
0,ROW 3 : LVL 3,1774281147459,890347002184,Supplements 2,3,Ramard Total Calm & Focus Show Safe Syringe,Horse Care > Supplements > Calming & Focus,RAM-04S,Size: 1 Ounce,,,,,Wellington Warehouse,8.03,8.03,8.03,11.99,0,24,0.375,Fri May 29 2026 15:31:14 GMT+0000 (Coordinated Universal Time),RJ TRADE SHOW MAY #26055027400
7,LVL 2,1770059717290,012891141113,Buckets,2,Fortiflex Rubber Stall Feeder Reinforced Rubber Pan,Stable > Stable Supplies > Feed & Water Buckets,CR-80,Size: 8 Quarts,Color: Black,,,,Wellington Warehouse,5.54,5.54,5.54,8.99,0,0,0.057971016,,
60,ROW 5 : LVL 6,1769190184156,086621043237,Fly sprays,6,Starbar EZ Fly Trap,Horse Care > Fly & Insect Control > Fly Sprays & Traps,3004323,Size: Twin Pack,,,,,Wellington Warehouse,7.55,8.76,9.96,9.99,0,0,,Fri May 29 2026 18:17:30 GMT+0000 (Coordinated Universal Time),RJ TRADE SHOW MAY #26055027400
4,ROW 3 : LVL 3,1774281147459,890347002191,Supplements 2,3,Ramard Total Calm & Focus Supplement,Horse Care > Supplements > Calming & Focus,RAM-04P,Size: 6.75LB (180 day supply),,,Lot #F253607,2028-04-01,Wellington Warehouse,259.97,259.97,259.97,315.99,0,0,,Fri May 29 2026 16:46:00 GMT+0000 (Coordinated Universal Time),RJ TRADE SHOW MAY #26055027400
6,LVL 4,1771259569149,9329028010251,Blankets 7,4,WeatherBeeta Comfitec Essential Standard Neck Lite Turnout Sheet,Horse Wear > Blankets & Sheets > Turnout Blankets & Sheets > Sheets,801461,Size: 63,Color: Navy/Silver/Red,,,,Wellington Warehouse,73.46,73.46,73.46,129.99,0,0,,,
4,ROW 1 : LVL 4,1768938712712,311444026038,First Aid,4,Absorbine Veterinary Liniment Liquid,Horse Care > First Aid & Wellness > Liniments,427862,Size: 1 Gallon,,,,,Wellington Warehouse,59.82,59.82,59.82,81.69,0,0,0.012048192,,
1,LVL 4,1771259569149,9329028010275,Blankets 7,4,WeatherBeeta Comfitec Essential Standard Neck Lite Turnout Sheet,Horse Wear > Blankets & Sheets > Turnout Blankets & Sheets > Sheets,801463,Size: 69,Color: Navy/Silver/Red,,,,Wellington Warehouse,73.46,73.46,73.46,129.99,0,0,,,
3,LVL 4,1771259569149,9329028011395,Blankets 7,4,WeatherBeeta Comfitec Classic Standard Neck Lite Turnout Sheet,Horse Wear > Blankets & Sheets > Turnout Blankets & Sheets > Sheets,801583,Size: 87,Color: Red/Silver/Navy,,,,Wellington Warehouse,70.58,70.58,70.58,79.99,0,0,,,
4,LVL 5,1771001977937,9329028009729,Blankets 6,5,WeatherBeeta Comfitec Essential Standard Neck Heavy Turnout Blanket,Horse Wear > Blankets & Sheets > Turnout Blankets & Sheets > Heavy Weight,801411,Size: 81,Color: Navy/Silver/Red,,,,Wellington Warehouse,80.72,80.72,80.72,114.99,0,0,,,
5,LVL 5,1771001977937,9329028009712,Blankets 6,5,WeatherBeeta Comfitec Essential Standard Neck Heavy Turnout Blanket,Horse Wear > Blankets & Sheets > Turnout Blankets & Sheets > Heavy Weight,801410,Size: 78,Color: Navy/Silver/Red,,,,Wellington Warehouse,80.72,80.72,80.72,114.99,0,0,,,
0,LVL 4,1771259569149,9329028010282,Blankets 7,4,WeatherBeeta Comfitec Essential Standard Neck Lite Turnout Sheet,Horse Wear > Blankets & Sheets > Turnout Blankets & Sheets > Sheets,801464,Size: 72,Color: Navy/Silver/Red,,,,Wellington Warehouse,73.46,73.46,73.46,129.99,0,0,0.019607844,,
2,LVL 4,1771001977936,9329028009316,Blankets 6,4,WeatherBeeta Comfitec Essential Combo Neck Heavy Turnout Blanket,Horse Wear > Blankets & Sheets > Turnout Blankets & Sheets > Heavy Weight,801370,Size: 66,Color: Navy,,,,Wellington Warehouse,91.14,91.14,91.14,123.95,0,0,,,
5,LVL 4,1771259569149,9329028010268,Blankets 7,4,WeatherBeeta Comfitec Essential Standard Neck Lite Turnout Sheet,Horse Wear > Blankets & Sheets > Turnout Blankets & Sheets > Sheets,801462,Size: 66,Color: Navy/Silver/Red,,,,Wellington Warehouse,73.46,73.46,73.46,129.99,0,0,,,
13,LVL 4,1771259569149,9329028010299,Blankets 7,4,WeatherBeeta Comfitec Essential Standard Neck Lite Turnout Sheet,Horse Wear > Blankets & Sheets > Turnout Blankets & Sheets > Sheets,801465,Size: 75,Color: Navy/Silver/Red,,,,Wellington Warehouse,73.46,73.46,73.46,129.99,0,0,0.011494253,,
1,LVL 5,1771001977937,9329028009675,Blankets 6,5,WeatherBeeta Comfitec Essential Standard Neck Heavy Turnout Blanket,Horse Wear > Blankets & Sheets > Turnout Blankets & Sheets > Heavy Weight,801406,Size: 66,Color: Navy/Silver/Red,,,,Wellington Warehouse,80.72,80.72,80.72,114.99,0,0,,,
12,LVL 4,1771259569149,9329028010305,Blankets 7,4,WeatherBeeta Comfitec Essential Standard Neck Lite Turnout Sheet,Horse Wear > Blankets & Sheets > Turnout Blankets & Sheets > Sheets,801466,Size: 78,Color: Navy/Silver/Red,,,,Wellington Warehouse,73.46,73.46,73.46,129.99,0,0,0.011494253,,
11,ROW 4 : LVL 2,1774281147462,694244903502,Supplements 2,2,"AniMed Pure Glucosamine Powdered Cartilage, Connective Tissue, and Joint Supplement",Horse Care > Supplements > Joint Health,90350,Size: 16 Ounces,,,,,Wellington Warehouse,24.65,24.65,24.65,53.31,0,0,0.016949153,,
1,LVL 4,1771259569149,9329028011333,Blankets 7,4,WeatherBeeta Comfitec Classic Standard Neck Lite Turnout Sheet,Horse Wear > Blankets & Sheets > Turnout Blankets & Sheets > Sheets,801577,Size: 69,Color: Red/Silver/Navy,,,,Wellington Warehouse,70.58,70.58,70.58,79.99,0,0,,,
5,LVL 5,1771001977937,9329028108415,Blankets 6,5,WeatherBeeta Comfitec Essential Standard Neck Heavy Turnout Blanket,Horse Wear > Blankets & Sheets > Turnout Blankets & Sheets > Heavy Weight,811624,Size: 63,Color: Navy/Silver/Red,,,,Wellington Warehouse,80.72,80.72,80.72,114.99,0,0,,,
3,LVL 4,1771001977936,9329028009804,Blankets 6,4,WeatherBeeta Comfitec Essential Standard Neck Medium Turnout Blanket,Horse Wear > Blankets & Sheets > Turnout Blankets & Sheets > Medium Weight,801419,Size: 63,Color: Navy/Silver/Red,,,,Wellington Warehouse,75.52,75.52,75.52,139.95,0,0,,,
6,LVL 4,1771001977936,9329028009835,Blankets 6,4,WeatherBeeta Comfitec Essential Standard Neck Medium Turnout Blanket,Horse Wear > Blankets & Sheets > Turnout Blankets & Sheets > Medium Weight,801422,Size: 72,Color: Navy/Silver/Red,,,,Wellington Warehouse,75.52,75.52,75.52,139.95,0,0,,,
1,LVL 4,1771001977936,9329028009880,Blankets 6,4,WeatherBeeta Comfitec Essential Standard Neck Medium Turnout Blanket,Horse Wear > Blankets & Sheets > Turnout Blankets & Sheets > Medium Weight,801427,Size: 87,Color: Navy/Silver/Red,,,,Wellington Warehouse,75.52,75.52,75.52,139.95,0,0,,,
2,LVL 4,1771001977936,9329028009798,Blankets 6,4,WeatherBeeta Comfitec Essential Standard Neck Medium Turnout Blanket,Horse Wear > Blankets & Sheets > Turnout Blankets & Sheets > Medium Weight,801418,Size: 60,Color: Navy/Silver/Red,,,,Wellington Warehouse,75.52,75.52,75.52,139.95,0,0,,,
38,BIN-01,1767466741476,688499606394,Shelf 3,1,Tough-1 Contoured Mesh Fly Boots,Horse Wear > Fly & Insect Control > Fly Boots,85-800P-2-0,Size: Pony,Color: Black,,,,Wellington Warehouse,12.98,12.98,12.98,18.95,0,0,,,
25,BIN-01,1767466741476,688499561266,Shelf 3,1,Tough-1 Contoured Mesh Fly Boots,Horse Wear > Fly & Insect Control > Fly Boots,85-800-3-0,Size: Horse,Color: White,,,,Wellington Warehouse,12.98,12.98,12.98,24.95,0,0,0.012345679,,
3,BIN-01,1767466741476,688499556750,Shelf 3,1,Tough-1 Contoured Mesh Fly Boots,Horse Wear > Fly & Insect Control > Fly Boots,85-800-2-0,Size: Horse,Color: Black,,,,Wellington Warehouse,12.98,12.98,12.98,24.95,0,0,0.012048192,,
6,ROW 1 : LVL 3,1768938712711,798304227826,First Aid,3,Sore No-More Performance Liniment,Horse Care > First Aid & Wellness > Liniments,14900-2,Size: 16 Ounces,,,,,Wellington Warehouse,15.23,15.89,16.54,28.13,0,0,0.045454547,,
3,ROW 4 : LVL 1,1774281147461,899565002006,Supplements 2,1,HEIRO Insulin Resistance Supplement,Horse Care > Supplements > Digestive & Gut Health,2006,Size: 30 Servings,,,Lot# 30H-425021,2026-12-01,Wellington Warehouse,37.20,37.20,37.20,50.95,0,0,,,
0,ROW 5 : LVL 2,1769190184152,610395266310,Fly sprays,2,E3 All Natural Fly Repellent Spray,Horse Care > Fly & Insect Control > Fly Sprays & Traps,30128,Size: Gallon,,,,,Wellington Warehouse,25.89,25.89,25.89,34.99,0,0,0.084337346,,
17,ROW 3 : LVL 2,1774281147458,892229001001,Supplements 2,2,Equiade Body Builder,Horse Care > Supplements > Weight Gain & Muscle,BB-32,Size: 32 Ounces,,,,,Wellington Warehouse,52.97,54.71,56.45,69.95,0,0,,Fri Apr 17 2026 18:51:05 GMT+0000 (Coordinated Universal Time),Trade show order#2
14,ROW 3 : LVL 3,1774281545038,736211267917,Grooming,3,E3 Tea Tree Shampoo,"Horse Care > Grooming & Bathing > Shampoos, Conditioners, & Sprays > Shampoos",E3-40032,Size: 32 Ounces,,,,,Wellington Warehouse,11.01,11.01,11.01,16.00,0,0,0.038961038,,
2,ROW 3 : LVL 3,1774281545038,736211267818,Grooming,3,E3 Tea Tree Shampoo,"Horse Care > Grooming & Bathing > Shampoos, Conditioners, & Sprays > Shampoos",001-40128,Size: 1 Gallon,,,,,Wellington Warehouse,23.79,27.36,30.92,38.99,0,0,1,Fri May 29 2026 16:58:34 GMT+0000 (Coordinated Universal Time),RJ TRADE SHOW MAY #26055027400
14,ROW 3 : LVL 3,1774281545038,610395266372,Grooming,3,E3 Argan Oil Shampoo Waterless Spray,"Horse Care > Grooming & Bathing > Shampoos, Conditioners, & Sprays > Shampoos",001-130032,Size: 32 Ounces,,,,,Wellington Warehouse,8.85,8.85,8.85,14.85,0,0,0.024691358,,
7,ROW 5 : LVL 2,1769190184152,736211268518,Fly sprays,2,E3 All Natural Fly Repellent Spray,Horse Care > Fly & Insect Control > Fly Sprays & Traps,30032,Size: 32 Ounces,,,,,Wellington Warehouse,10.40,10.40,10.40,17.00,0,0,0.025,,
11,ROW 3 : LVL 3,1774281545038,736211267610,Grooming,3,E3 Antibacterial & Antifungal Shampoo,"Horse Care > Grooming & Bathing > Shampoos, Conditioners, & Sprays > Shampoos",17230-2,Size: 1 Gallon,,,,,Wellington Warehouse,31.82,31.82,31.82,47.78,0,0,0.14705883,Fri May 29 2026 17:04:53 GMT+0000 (Coordinated Universal Time),RJ TRADE SHOW MAY #26055027400
22,ROW 3 : LVL 3,1774281545038,040232253256,Grooming,3,E3 Argan Oil Conditioner,"Horse Care > Grooming & Bathing > Shampoos, Conditioners, & Sprays > Conditioners",17235-1,Size: 32 Ounces,,,,,Wellington Warehouse,9.62,9.62,9.62,17.98,0,0,0.013888889,Fri May 29 2026 18:23:46 GMT+0000 (Coordinated Universal Time),RJ TRADE SHOW MAY #26055027400
4,ROW 3 : LVL 3,1774281545038,051497006075,Grooming,3,E3 Argan Oil Shampoo,"Horse Care > Grooming & Bathing > Shampoos, Conditioners, & Sprays > Shampoos",17231-3,Size: 1 Gallon,,,,,Wellington Warehouse,28.67,28.67,28.67,49.95,0,0,0.10666667,Fri May 29 2026 18:24:42 GMT+0000 (Coordinated Universal Time),RJ TRADE SHOW MAY #26055027400
4,ROW 3 : LVL 3,1774281545038,736211267719,Grooming,3,E3 Antibacterial & Antifungal Shampoo,"Horse Care > Grooming & Bathing > Shampoos, Conditioners, & Sprays > Shampoos",17230-1,Size: 32 Ounces,,,,,Wellington Warehouse,0.00,6.95,13.90,25.17,0,0,0.060240965,Fri May 29 2026 18:23:57 GMT+0000 (Coordinated Universal Time),RJ TRADE SHOW MAY #26055027400
4,ROW 3 : LVL 3,1774281545038,610395266396,Grooming,3,E3 Argan Oil Shampoo,"Horse Care > Grooming & Bathing > Shampoos, Conditioners, & Sprays > Shampoos",120032,Size: 32 Ounces,,,,,Wellington Warehouse,12.04,12.04,12.04,21.29,0,0,0.034883723,Fri May 29 2026 18:24:11 GMT+0000 (Coordinated Universal Time),RJ TRADE SHOW MAY #26055027400
0,ROW 3 : LVL 4,1774281545039,823313024408,Grooming,4,Lucky Braids Horse Braiding Yarn,Horse Care > Grooming & Bathing > Brushes & Tools > Braiding,2440,Color: Charcoal/Salt & Pepper,,,,,Wellington Warehouse,5.75,5.75,5.75,17.95,0,0,,,
13,ROW 2 : LVL 1,1774281650391,856519002246,Hoof/Treats,1,German Horse Minty Muffins,Horse Care > Treats & Toys > Treats,15497-1,Size: 1 Pound,,,,,Wellington Warehouse,7.53,7.53,7.53,10.99,0,0,0.19277108,Fri May 29 2026 18:18:04 GMT+0000 (Coordinated Universal Time),RJ TRADE SHOW MAY #26055027400
0,ROW 2 : LVL 1,1774281650391,856519002024,Hoof/Treats,1,German Horse Muffins,Horse Care > Treats & Toys > Treats,011-1001014,Size: 14 Pounds,,,,,Wellington Warehouse,54.16,56.27,58.38,78.99,0,4,,,
5,ROW 3 : LVL 4,1774281545039,823313024200,Grooming,4,Lucky Braids Horse Braiding Yarn,Horse Care > Grooming & Bathing > Brushes & Tools > Braiding,2420,Color: Chestnut/Sorrel,,,,,Wellington Warehouse,5.75,5.75,5.75,17.95,0,0,,,
3,BIN 1,1776787262019,4022853200907,Bits 1,1,Herm Sprenger KK Ultra Sensogan 16mm Loose Ring Snaffle,Tack & Equipment > Bits > English Bits,40604 145 78,Width: 16 Millimeters,Length: 5.75 Inches,,,,Wellington Warehouse,79.30,79.30,79.30,169.30,0,0,0.014492754,,
2,ROW 3 : LVL 4,1774281545039,823313024248,Grooming,4,Lucky Braids Horse Braiding Yarn,Horse Care > Grooming & Bathing > Brushes & Tools > Braiding,2422,Color: Liver Chestnut,,,,,Wellington Warehouse,5.75,5.75,5.75,17.95,0,0,,,
0,ROW 2 : LVL 1,1774281650391,856519002109,Hoof/Treats,1,German Horse Muffins,Horse Care > Treats & Toys > Treats,15528-3,Size: 6 Pounds,,,,,Wellington Warehouse,22.63,22.63,22.63,34.99,0,6,,,
0,ROW 2 : LVL 1,1774281650391,856519002253,Hoof/Treats,1,German Horse Minty Muffins,Horse Care > Treats & Toys > Treats,15497-4,Size: 6 Pounds,,,,,Wellington Warehouse,31.74,31.74,31.74,45.99,0,6,,,
127,ROW 5 : LVL 6,1769190184156,041535001476,Fly sprays,6,Starbar Captivator Fly Trap,Horse Care > Fly & Insect Control > Fly Sprays & Traps,100520214,Title: Default Title,,,,,Wellington Warehouse,6.26,6.49,6.72,9.99,0,0,0.37777779,Fri May 29 2026 18:14:09 GMT+0000 (Coordinated Universal Time),RJ TRADE SHOW MAY #26055027400
2,ROW 3 : LVL 4,1774281545039,823313024309,Grooming,4,Lucky Braids Horse Braiding Yarn,Horse Care > Grooming & Bathing > Brushes & Tools > Braiding,2430,Color: Light Grey/Flaxen,,,,,Wellington Warehouse,5.75,5.75,5.75,17.95,0,0,0.013333334,,
1,BIN 1,1776787262019,4022853201959,Bits 1,1,Herm Sprenger KK Ultra Sensogan 21mm Loose Ring Snaffle,Tack & Equipment > Bits > English Bits,40600 140 78,Width: 21 Millimeters,Length: 5.5 Inches,,,,Wellington Warehouse,79.30,79.30,79.30,169.30,0,0,,,
11,ROW 2 : LVL 1,1774281650391,856519002000,Hoof/Treats,1,German Horse Muffins,Horse Care > Treats & Toys > Treats,011-1001001,Size: 1 Pound,,,,,Wellington Warehouse,5.12,5.12,5.12,9.99,0,0,0.20481928,Fri May 29 2026 18:23:37 GMT+0000 (Coordinated Universal Time),RJ TRADE SHOW MAY #26055027400
1,BIN 1,1776787262019,4022853200846,Bits 1,1,Herm Sprenger KK Ultra Sensogan 16mm Loose Ring Snaffle,Tack & Equipment > Bits > English Bits,40604 135 78,Width: 16 Millimeters,Length: 5.25 Inches,,,,Wellington Warehouse,79.30,79.30,79.30,169.30,0,0,,,
1,BIN 1,1776787262019,4022853200976,Bits 1,1,Herm Sprenger KK Ultra Sensogan 18mm Loose Ring Snaffle,Tack & Equipment > Bits > English Bits,40606 130 78,Width: 18 Millimeters,Length: 5.125 Inches,,,,Wellington Warehouse,79.30,79.30,79.30,169.30,0,0,,,
3,ROW 3 : LVL 4,1774281545039,823313024101,Grooming,4,Lucky Braids Horse Braiding Yarn,Horse Care > Grooming & Bathing > Brushes & Tools > Braiding,2410,Color: Black,,,,,Wellington Warehouse,5.75,5.75,5.75,17.95,0,0,,,
1,Grid wall,1770916055031,892277180970,Girths,1,EquiFit Belly Band,Tack & Equipment > Girths & Cinches > English Girths > Hunter/Jumper Girths,02018O,Size: Oversized,,,,,Wellington Warehouse,81.18,81.18,81.18,164.00,0,0,,,
1,BIN-04,1777314709514,"00892277186941, 00892277186941",Shelf 21,4,EquiFit Ear Bonnet,Tack & Equipment > Ear Plugs & Bonnets > Bonnets,02016C,Size: Cob,Color: Black,,,,Wellington Warehouse,54.97,54.97,54.97,108.00,0,0,,,
0,Grid wall,1770916055031,892277180963,Girths,1,EquiFit Belly Band,Tack & Equipment > Girths & Cinches > English Girths > Hunter/Jumper Girths,02018H,Size: Horse,,,,,Wellington Warehouse,81.18,81.18,81.18,164.00,0,0,,,
0,LVL 5,1770396443383,00892277184824,Saddle Pads 3,5,EquiFit Essential Square Pad,Tack & Equipment > English Saddle Pads > All Purpose & Hunter/Jumper Saddle Pads,41207,Color: White,,,,,Wellington Warehouse,28.12,28.12,28.12,60.00,0,0,,,
0,BIN-04,1777314709514,"00892277180802, 00892277180802",Shelf 21,4,EquiFit Ear Bonnet,Tack & Equipment > Ear Plugs & Bonnets > Bonnets,02016O,Size: Oversized,Color: Black,,,,Wellington Warehouse,54.97,54.97,54.97,108.00,0,0,0.011363637,,
0,BIN-05,1767626770404,892277185166,Shelf 5,5,EquiFit Essential Everyday Front Boots,Tack & Equipment > Boots & Wraps > Protective Boots > Front Boots,11277FMB,Size: Medium,Color: Black,,,,Wellington Warehouse,57.49,57.49,57.49,116.00,0,0,,,
1,BIN-04,1777314709514,"00892277180796, 00892277180796",Shelf 21,4,EquiFit Ear Bonnet,Tack & Equipment > Ear Plugs & Bonnets > Bonnets,02016H,Size: Horse,Color: Black,,,,Wellington Warehouse,54.97,54.97,54.97,108.00,0,0,,,
12,ROW 4 : LVL 1,1774281147461,694244901652,Supplements 2,1,AniMed Vitamin E,Horse Care > Supplements > Vitamins & Minerals,90165,Size: 5 Pounds,,,,,Wellington Warehouse,26.00,26.00,26.00,36.54,0,0,0.023809524,,
0,BIN-04,1767626770403,"00892277182233, 00892277182233",Shelf 5,4,EquiFit D-Teq Hind Boots with ImpacTeq Liners,Tack & Equipment > Boots & Wraps > Protective Boots > Hind Boots,01602HLB,Size: Large,Color: Black with Black Binding,,,,Wellington Warehouse,156.45,156.45,156.45,302.00,0,0,,,
1,BIN-05,1767626770404,00892277190061,Shelf 5,5,EquiFit Essential Everyday Front Boots,Tack & Equipment > Boots & Wraps > Protective Boots > Front Boots,11277XLWHT,Size: Extra Large,Color: White,,,,Wellington Warehouse,57.49,57.49,57.49,116.00,0,0,,,
1,BIN-05,1767626770404,892277185180,Shelf 5,5,EquiFit Essential Everyday Front Boots,Tack & Equipment > Boots & Wraps > Protective Boots > Front Boots,11277FXLB,Size: Extra Large,Color: Black,,,,Wellington Warehouse,57.49,57.49,57.49,116.00,0,0,,,
1,BIN-04,1767626770403,"00892277177918, 00892277177918",Shelf 5,4,EquiFit D-Teq Hind Boots with ImpacTeq Liners,Tack & Equipment > Boots & Wraps > Protective Boots > Hind Boots,01604-LGBLKOST,Size: Large,Color: Black Ostrich with Black Binding,,,,Wellington Warehouse,156.45,156.45,156.45,302.00,0,0,,,
0,BIN-04,1767626770403,00892277178871,Shelf 5,4,EquiFit D-Teq Front Boot with ImpacTeq Liner,Tack & Equipment > Boots & Wraps > Protective Boots > Front Boots,01601FMB,Size: Medium,Color: Black with Black Binding,,,,Wellington Warehouse,162.75,162.75,162.75,314.00,0,0,,,
0,BIN-04,1767626770403,00892277177888,Shelf 5,4,EquiFit D-Teq Front Boot with ImpacTeq Liner,Tack & Equipment > Boots & Wraps > Protective Boots > Front Boots,01601FLB,Size: Large,Color: Black with Black Binding,,,,Wellington Warehouse,162.75,162.75,162.75,314.00,0,0,,,
13,ROW 4 : LVL 2,1774281147462,694244901676,Supplements 2,2,AniMed Vitamin E,Horse Care > Supplements > Vitamins & Minerals,053-90167,Size: 2.5 Pounds,,,,,Wellington Warehouse,9.48,9.48,9.48,21.24,0,0,0.04,,
1,BIN-04,1767626770403,00892277182226,Shelf 5,4,EquiFit D-Teq Hind Boots with ImpacTeq Liners,Tack & Equipment > Boots & Wraps > Protective Boots > Hind Boots,01602HMB,Size: Medium,Color: Black with Black Binding,,,,Wellington Warehouse,156.45,156.45,156.45,302.00,0,0,,,
2,BIN-04,1767626770403,00892277177895,Shelf 5,4,EquiFit D-Teq Front Boot with ImpacTeq Liner,Tack & Equipment > Boots & Wraps > Protective Boots > Front Boots,01601FXLB,Size: Extra Large,Color: Black with Black Binding,,,,Wellington Warehouse,162.75,162.75,162.75,314.00,0,0,,,
0,BIN-04,1767626770403,"00892277181205, 00892277181205",Shelf 5,4,EquiFit D-Teq Hind Boots with ImpacTeq Liners,Tack & Equipment > Boots & Wraps > Protective Boots > Hind Boots,01608-LGBN,Size: Large,Color: Black Ostrich with Brown Binding,,,,Wellington Warehouse,156.45,156.45,156.45,302.00,0,0,,,
1,Grid wall,1770916055031,892277180956,Girths,1,EquiFit Belly Band,Tack & Equipment > Girths & Cinches > English Girths > Hunter/Jumper Girths,02018C,Size: Cob,,,,,Wellington Warehouse,81.18,81.18,81.18,164.00,0,0,,,
1,BIN-04,1767626770403,00892277182271,Shelf 5,4,EquiFit D-Teq Front Boot with ImpacTeq Liner,Tack & Equipment > Boots & Wraps > Protective Boots > Front Boots,01603-Large,Size: Large,Color: Black Ostrich with Black Binding,,,,Wellington Warehouse,162.75,162.75,162.75,314.00,0,0,,,
2,LVL 4,1771001977936,9329028008814,Blankets 6,4,WeatherBeeta Comfitec Plus Dynamic Standard Neck Medium/Lite,Horse Wear > Blankets & Sheets > Turnout Blankets & Sheets > Medium Weight,801321,Size: 60-,Color: Purple/Black,,,,Wellington Warehouse,78.98,78.98,78.98,164.99,0,0,,,
6,LVL 2,1770131722585,"649982187844, 649982187844",Blankets 1,2,Amigo Bravo 12 Plus (400g Heavy),Horse Wear > Blankets & Sheets > Turnout Blankets & Sheets > Heavy Weight,AARP74-KJI0-75,Color: Black/Titanium Grey & Silver,Size: 75-Inch,,,,Wellington Warehouse,109.20,109.20,109.20,239.95,0,0,,,
3,LVL 4,1771259569149,9329028009071,Blankets 7,4,WeatherBeeta Comfitec Plus Dynamic Standard Neck Lite Turnout Sheet,Horse Wear > Blankets & Sheets > Turnout Blankets & Sheets > Sheets,801346,Size: 69,Color: Purple/Black,,,,Wellington Warehouse,73.86,73.86,73.86,124.99,0,0,,,
7,LVL 2,1770131722585,649982187790,Blankets 1,2,Amigo Bravo 12 Plus (400g Heavy),Horse Wear > Blankets & Sheets > Turnout Blankets & Sheets > Heavy Weight,AARP74-KJI0-72,Color: Black/Titanium Grey & Silver,Size: 72-Inch,,,,Wellington Warehouse,109.20,109.20,109.20,239.95,0,0,,,
2,BIN-05,1767626770404,892277185227,Shelf 5,5,EquiFit Essential Everyday Hind Boot,Tack & Equipment > Boots & Wraps > Protective Boots > Hind Boots,11278HXLB,Size: Extra Large,Color: Black,,,,Wellington Warehouse,51.22,51.22,51.22,103.00,0,0,,,
0,LVL 4,1771259569149,9329028009125,Blankets 7,4,WeatherBeeta Comfitec Plus Dynamic Standard Neck Lite Turnout Sheet,Horse Wear > Blankets & Sheets > Turnout Blankets & Sheets > Sheets,801351,Size: 84,Color: Purple/Black,,,,Wellington Warehouse,73.86,73.86,73.86,124.99,0,0,,,
3,LVL 3,1771436264207,649982037972,Blankets 8,3,Amigo Hero 900 Plus Turnout Sheet with Disc Front Closure (0g Lite),Horse Wear > Blankets & Sheets > Turnout Blankets & Sheets > Sheets,AAMPT0-BMWV-66,Size: 66,Color: Blue,,,,Wellington Warehouse,95.00,95.00,95.00,113.99,0,0,,,
1,LVL 4,1771259569149,9329028009057,Blankets 7,4,WeatherBeeta Comfitec Plus Dynamic Standard Neck Lite Turnout Sheet,Horse Wear > Blankets & Sheets > Turnout Blankets & Sheets > Sheets,801344,Size: 63,Color: Purple/Black,,,,Wellington Warehouse,73.86,73.86,73.86,124.99,0,0,,,
6,LVL 2,1770131722585,649982189145,Blankets 1,2,Amigo Bravo 12 Plus (400g Heavy),Horse Wear > Blankets & Sheets > Turnout Blankets & Sheets > Heavy Weight,AARP74-BJI0-72,Color: Navy/Titanium Grey & Silver,Size: 72-Inch,,,,Wellington Warehouse,109.20,109.20,109.20,239.95,0,0,,,
1,BIN-05,1767626770404,00892277190108,Shelf 5,5,EquiFit Essential Everyday Hind Boot,Tack & Equipment > Boots & Wraps > Protective Boots > Hind Boots,11278WhiteXLarge,Size: Extra Large,Color: White,,,,Wellington Warehouse,51.22,51.22,51.22,103.00,0,0,,,
1,LVL 4,1771259569149,9329028009064,Blankets 7,4,WeatherBeeta Comfitec Plus Dynamic Standard Neck Lite Turnout Sheet,Horse Wear > Blankets & Sheets > Turnout Blankets & Sheets > Sheets,801345,Size: 66,Color: Purple/Black,,,,Wellington Warehouse,73.86,73.86,73.86,124.99,0,0,,,
0,BIN-05,1767626770404,892277185203,Shelf 5,5,EquiFit Essential Everyday Hind Boot,Tack & Equipment > Boots & Wraps > Protective Boots > Hind Boots,11278HMB,Size: Medium,Color: Black,,,,Wellington Warehouse,51.22,51.22,51.22,103.00,0,0,,,
2,LVL 4,1771259569149,9329028009132,Blankets 7,4,WeatherBeeta Comfitec Plus Dynamic Standard Neck Lite Turnout Sheet,Horse Wear > Blankets & Sheets > Turnout Blankets & Sheets > Sheets,801352,Size: 87,Color: Purple/Black,,,,Wellington Warehouse,73.86,73.86,73.86,124.99,0,0,,,
0,BIN-05,1773766441667,789088087768,Shelf 16,5,Kensington Premium Nylon Halter,Tack & Equipment > Halters & Leads > Halters > Nylon & Rope Halters,KHS-L-2017,Size: Large - Average,Color: Lavender Mint,,,,Wellington Warehouse,22.50,22.50,22.50,44.99,0,0,,,
1,BIN-05,1773766441667,789088098306,Shelf 16,5,Kensington Premium Nylon Halter,Tack & Equipment > Halters & Leads > Halters > Nylon & Rope Halters,KHS-L-181,Size: Large - Average,Color: Kentucky Blue,,,,Wellington Warehouse,22.50,22.50,22.50,44.99,0,0,,,
3,LVL 3,1770740443980,649982191094,Blankets 2,3,Amigo Bravo 12 Wug (250g Medium),Horse Wear > Blankets & Sheets > Turnout Blankets & Sheets > Medium Weight,AARW72-KJI0-75,Size: 75-Inch,Color: Black/Titanium Grey & Silver,,,,Wellington Warehouse,111.00,111.00,111.00,219.95,0,0,,,
3,BIN-05,1773766441667,789088098290,Shelf 16,5,Kensington Premium Nylon Halter,Tack & Equipment > Halters & Leads > Halters > Nylon & Rope Halters,KHS-M-181,Size: Medium - Small Horse,Color: Kentucky Blue,,,,Wellington Warehouse,22.50,22.50,22.50,44.99,0,0,,,
1,BIN-05,1773766441667,789088098399,Shelf 16,5,Kensington Premium Breakaway Halter,Tack & Equipment > Halters & Leads > Halters > Nylon & Rope Halters,KHSB-XL-181,Size: Extra Large - Large Horse,Color: Kentucky Blue,,,,Wellington Warehouse,22.50,22.50,22.50,44.99,0,0,,,
2,LVL 3,1770740443980,649982191100,Blankets 2,3,Amigo Bravo 12 Wug (250g Medium),Horse Wear > Blankets & Sheets > Turnout Blankets & Sheets > Medium Weight,AARW72-KJI0-78,Size: 78-Inch,Color: Black/Titanium Grey & Silver,,,,Wellington Warehouse,111.00,111.00,111.00,219.95,0,0,,,
1,BIN-05,1773766441667,789088087775,Shelf 16,5,Kensington Premium Nylon Halter,Tack & Equipment > Halters & Leads > Halters > Nylon & Rope Halters,KHS-XL-2017,Size: Extra Large - Large Horse,Color: Lavender Mint,,,,Wellington Warehouse,22.50,22.50,22.50,44.99,0,0,,,
1,LVL 3,1770740443980,649982191070,Blankets 2,3,Amigo Bravo 12 Wug (250g Medium),Horse Wear > Blankets & Sheets > Turnout Blankets & Sheets > Medium Weight,AARW72-KJI0-69,Size: 69-Inch,Color: Black/Titanium Grey & Silver,,,,Wellington Warehouse,111.00,111.00,111.00,219.95,0,0,,,
9,BIN-05,1773766441667,789088089007,Shelf 16,5,Kensington Premium Breakaway Halter,Tack & Equipment > Halters & Leads > Halters > Nylon & Rope Halters,KHSB-M-121,Size: Medium - Small Horse,Color: Deluxe Black,,,,Wellington Warehouse,22.50,22.50,22.50,44.99,0,0,,,
3,BIN-05,1773766441667,789088089601,Shelf 16,5,Kensington Premium Nylon Halter,Tack & Equipment > Halters & Leads > Halters > Nylon & Rope Halters,KHS-XL-121,Size: Extra Large - Large Horse,Color: Deluxe Black,,,,Wellington Warehouse,22.50,22.50,22.50,44.99,0,0,,,
3,BIN-01,1773766480619,789088085658,Shelf 18,1,Kensington 10-Foot Cotton Tri-Color Lead Rope,Tack & Equipment > Halters & Leads > Lead Ropes,KCT880-161,Size: 10-Foot,Color: Deluxe Red,,,,Wellington Warehouse,10.00,10.00,10.00,15.99,0,0,0.06451613,,
2,BIN-05,1773766441667,789088089410,Shelf 16,5,Kensington Premium Nylon Halter,Tack & Equipment > Halters & Leads > Halters > Nylon & Rope Halters,KHS-M-121,Size: Medium - Small Horse,Color: Deluxe Black,,,,Wellington Warehouse,22.50,22.50,22.50,44.99,0,0,,,
1,BIN-05,1773766441667,789088089205,Shelf 16,5,Kensington Premium Breakaway Halter,Tack & Equipment > Halters & Leads > Halters > Nylon & Rope Halters,KHSB-XL-121,Size: Extra Large - Large Horse,Color: Deluxe Black,,,,Wellington Warehouse,22.50,22.50,22.50,44.99,0,0,,,
2,BIN-05,1773766441667,789088098313,Shelf 16,5,Kensington Premium Nylon Halter,Tack & Equipment > Halters & Leads > Halters > Nylon & Rope Halters,KHS-XL-181,Size: Extra Large - Large Horse,Color: Kentucky Blue,,,,Wellington Warehouse,22.50,22.50,22.50,44.99,0,0,,,
4,LVL 3,1770740443980,649982191087,Blankets 2,3,Amigo Bravo 12 Wug (250g Medium),Horse Wear > Blankets & Sheets > Turnout Blankets & Sheets > Medium Weight,AARW72-KJI0-72,Size: 72-Inch,Color: Black/Titanium Grey & Silver,,,,Wellington Warehouse,111.00,111.00,111.00,219.95,0,0,,,
2,BIN-05,1773766441667,789088130891,Shelf 16,5,Kensington Premium Breakaway Halter,Tack & Equipment > Halters & Leads > Halters > Nylon & Rope Halters,KHSB-M-2021,Size: Medium - Small Horse,Color: Atlantis,,,,Wellington Warehouse,22.50,22.50,22.50,44.99,0,0,,,
4,ROW 2 : LVL 1,1774281650391,8408750963538,Hoof/Treats,1,Likit Holder,Horse Care > Treats & Toys > Toys & Licks,LH01US10,Color: Red,,,,,Wellington Warehouse,11.43,11.43,11.43,21.99,0,0,0.07317073,,
3,BIN-04,1767722157720,789088055316,Shelf 7,4,Kensington All Around Zippered Show Tote,Horse Care > Grooming & Bathing > Brushes & Tools > Grooming Bags,KZST121,Color: Deluxe Black,,,,,Wellington Warehouse,30.00,30.00,30.00,49.99,0,0,,,
2,BIN-04,1767722157720,789088098856,Shelf 7,4,Kensington All Around Zippered Show Tote,Horse Care > Grooming & Bathing > Brushes & Tools > Grooming Bags,KZST181,Color: Kentucky Blue,,,,,Wellington Warehouse,30.00,30.00,30.00,49.99,0,0,,,
2,BIN-01,1773766480619,789088131669,Shelf 18,1,Kensington 10-Foot Poly Tri-Color Lead Rope,Tack & Equipment > Halters & Leads > Lead Ropes,KPT880-500,Size: 10-Foot,Color: Desert Sand,,,,Wellington Warehouse,10.00,10.00,10.00,15.99,0,0,,,
11,BIN-01,1773766480619,789088098481,Shelf 18,1,Kensington 10-Foot Poly Tri-Color Lead Rope,Tack & Equipment > Halters & Leads > Lead Ropes,KPT880-181,Size: 10-Foot,Color: Kentucky Blue,,,,Wellington Warehouse,10.00,10.00,10.00,15.99,0,0,,,
1,BIN-04,1767722157720,789088088048,Shelf 7,4,Kensington All Around Zippered Show Tote,Horse Care > Grooming & Bathing > Brushes & Tools > Grooming Bags,KZST2017,Color: Lavender Mint,,,,,Wellington Warehouse,30.00,30.00,30.00,49.99,0,0,,,
3,BIN-01,1767722157718,789088082992,Shelf 7,1,Kensington All Around Blanket Storage Bag,"Tack & Equipment > Bags, Cases & Covers",KABSB-121,Size: One Size,Color: Deluxe Black,,,,Wellington Warehouse,32.50,32.50,32.50,64.99,0,0,,,
11,BIN-01,1767722157718,789088088710,Shelf 7,1,Kensington All Around Blanket Storage Bag,"Tack & Equipment > Bags, Cases & Covers",KABSB-2017,Size: One Size,Color: Lavender Mint,,,,Wellington Warehouse,32.50,32.50,32.50,64.99,0,0,,,
0,ROW 1 : LVL 3,1768938712711,851026008231,First Aid,3,Back on Track Limber Up All-Natural Liniment Foam For Muscle & Joint Pain Relief,Horse Care > First Aid & Wellness > Liniments,1LMBRPF013,Size: 13 Ounces,,,,,Wellington Warehouse,13.77,13.77,13.77,17.95,0,0,0.022727273,,
1,BIN-01,1767722157718,789088098894,Shelf 7,1,Kensington All Around Blanket Storage Bag,"Tack & Equipment > Bags, Cases & Covers",KABSB-181,Size: One Size,Color: Kentucky Blue,,,,Wellington Warehouse,32.50,32.50,32.50,64.99,0,0,,,
4,ROW 2 : LVL 1,1774281650391,788169014303,Hoof/Treats,1,Horsemen's Pride Mega Ball Cover,Horse Care > Treats & Toys > Toys & Licks,C430SB,Size: 30 inch,Color: Soccer Ball,,,,Wellington Warehouse,14.88,14.88,14.88,22.99,0,0,,,
5,ROW 2 : LVL 1,1774281650391,,Hoof/Treats,1,Horsemen's Pride Mega Ball Cover,Horse Care > Treats & Toys > Toys & Licks,C440BB,Size: 40 Inch,Color: Beach Ball,,,,Wellington Warehouse,24.14,24.14,24.14,37.99,0,0,,,
5,ROW 2 : LVL 1,1774281650391,788169034301,Hoof/Treats,1,Horsemen's Pride Mega Ball Cover,Horse Care > Treats & Toys > Toys & Licks,C430BB,Size: 30 inch,Color: Beach Ball,,,,Wellington Warehouse,14.88,14.88,14.88,22.99,0,0,,,
4,BIN 1,1776787262019,9329028069341,Bits 1,1,JP Korsteel Blue Steel Jointed Loose Ring Snaffle Bit,Tack & Equipment > Bits > English Bits,807530,Size: 4.5 Inches,,,,,Wellington Warehouse,20.75,20.75,20.75,49.99,0,0,,,
2,BIN 1,1776787262019,9329028069433,Bits 1,1,JP Korsteel Blue Steel Jointed Eggbutt Snaffle Bit,Tack & Equipment > Bits > English Bits,807539,Size: 4.5 Inches,,,,,Wellington Warehouse,25.00,25.00,25.00,49.99,0,0,,,
4,BIN 1,1776787262019,9329028069358,Bits 1,1,JP Korsteel Blue Steel Jointed Loose Ring Snaffle Bit,Tack & Equipment > Bits > English Bits,807531,Size: 5 Inches,,,,,Wellington Warehouse,20.75,20.75,20.75,49.99,0,0,,,
3,BIN-03,1768845014311,9329028108934,Shelf 13,3,Collegiate One Sided Rubber Reins IV,"Tack & Equipment > Bridles, Headstalls & Reins > English Bridles & Reins > Reins",811676,Size: 5/8 Inches x 54 Inches,Color: Brown,,,,Wellington Warehouse,29.50,29.50,29.50,62.99,0,0,,,
1,BIN 1,1776787262019,9329028190038,Bits 1,1,JP Korsteel Blue Steel Jointed Dee Ring Snaffle Bit,Tack & Equipment > Bits > English Bits,1000104002,Size: 4.5 Inches,,,,,Wellington Warehouse,26.50,26.50,26.50,49.99,0,0,,,
3,BIN 1,1776787262019,9329028273809,Bits 1,1,JP Korsteel Stainless Steel Oval Link Loose Ring Snaffle Bit,Tack & Equipment > Bits > English Bits,144196,Size: 5.5 Inches,,,,,Wellington Warehouse,20.75,20.75,20.75,39.99,0,0,,,
1,BIN 1,1776787262019,9329028273786,Bits 1,1,JP Korsteel Stainless Steel Oval Link Loose Ring Snaffle Bit,Tack & Equipment > Bits > English Bits,144192,Size: 4.5 Inches,,,,,Wellington Warehouse,20.75,20.75,20.75,39.99,0,0,,,
8,BIN 1,1776787262019,9329028499155,Bits 1,1,JP Korsteel Stainless Steel Oval Link Eggbutt Snaffle Bit,Tack & Equipment > Bits > English Bits,144188,Size: 6 Inches,,,,,Wellington Warehouse,24.00,24.00,24.00,44.99,0,0,,,
0,Grid wall,1770916055031,9329028216653,Girths,1,Kincade Fleece Girth,Tack & Equipment > Girths & Cinches > English Girths > Hunter/Jumper Girths,344051,Size: 42 Inches,Color: White/Brown,,,,Wellington Warehouse,29.00,29.00,29.00,52.99,0,0,,,
6,BIN 1,1776787262019,9329028069327,Bits 1,1,JP Korsteel Blue Steel Oval Link Loose Ring Snaffle Bit,Tack & Equipment > Bits > English Bits,807528,Size: 5.5 Inches,,,,,Wellington Warehouse,26.00,26.00,26.00,49.99,0,0,,,
4,BIN 1,1776787262019,9329028069303,Bits 1,1,JP Korsteel Blue Steel Oval Link Loose Ring Snaffle Bit,Tack & Equipment > Bits > English Bits,807526,Size: 4.5 Inches,,,,,Wellington Warehouse,26.00,26.00,26.00,49.99,0,0,,,
5,BIN 1,1776787262019,9329028263305,Bits 1,1,JP Korsteel Stainless Steel Copper Mouth Oval Link Loose Ring Snaffle Bit,Tack & Equipment > Bits > English Bits,144208,Size: 5.5 Inches,,,,,Wellington Warehouse,25.00,25.00,25.00,35.99,0,0,,,
7,BIN 1,1776787262019,9329028207279,Bits 1,1,Korsteel Stainless Steel French Link Eggbutt Snaffle Bit,Tack & Equipment > Bits > English Bits,140280,Size: 4.5 Inches,,,,,Wellington Warehouse,25.00,25.00,25.00,42.99,0,0,,,
7,BIN 1,1776787262019,9329028394061,Bits 1,1,Korsteel Stainless Steel Full Cheek Snaffle Bit,Tack & Equipment > Bits > English Bits,144550,Size: 4 Inches,,,,,Wellington Warehouse,21.00,21.00,21.00,49.99,0,0,,,
8,BIN 1,1776787262019,9329028212822,Bits 1,1,Korsteel Stainless Steel Copper Roller Mouth Eggbutt Snaffle Bit,Tack & Equipment > Bits > English Bits,144822,Size: 5 Inches,,,,,Wellington Warehouse,20.75,20.75,20.75,39.99,0,0,,,
6,LVL 1,1770747610172,9329028873191,Saddle Pads 4,1,Roma Circle Quilt All Purpose Saddle Pad,Tack & Equipment > English Saddle Pads > All Purpose & Hunter/Jumper Saddle Pads,571415,Size: Full,Color: Purple/White/Dark Orange,,,,Wellington Warehouse,21.50,21.50,21.50,41.99,0,0,,,
2,LVL 1,1770747610172,9329028873085,Saddle Pads 4,1,Roma Circle Quilt All Purpose Saddle Pad,Tack & Equipment > English Saddle Pads > All Purpose & Hunter/Jumper Saddle Pads,571404,Size: Full,Color: Purple/White/Turquoise,,,,Wellington Warehouse,21.50,21.50,21.50,41.99,0,0,,,
4,LVL 1,1770747610172,9329028873108,Saddle Pads 4,1,Roma Circle Quilt All Purpose Saddle Pad,Tack & Equipment > English Saddle Pads > All Purpose & Hunter/Jumper Saddle Pads,571406,Size: Full,Color: Crimson/White/Lime,,,,Wellington Warehouse,21.50,21.50,21.50,41.99,0,0,,,
1,LVL 1,1770747610172,9329028873153,Saddle Pads 4,1,Roma Circle Quilt All Purpose Saddle Pad,Tack & Equipment > English Saddle Pads > All Purpose & Hunter/Jumper Saddle Pads,571411,Size: Full,Color: Red Orange/White/Dark Denim,,,,Wellington Warehouse,21.50,21.50,21.50,41.99,0,0,,,
26,LVL 1,1770747610172,9329028873160,Saddle Pads 4,1,Roma Circle Quilt All Purpose Saddle Pad,Tack & Equipment > English Saddle Pads > All Purpose & Hunter/Jumper Saddle Pads,571412,Size: Full,Color: Red/White/Charcoal,,,,Wellington Warehouse,21.50,21.50,21.50,41.99,0,0,,,
8,LVL 1,1770747610172,9329028436600,Saddle Pads 4,1,Roma Ecole Star Quilt Close Contact Saddle Pad,Tack & Equipment > English Saddle Pads > All Purpose & Hunter/Jumper Saddle Pads,650669,Size: Full,Color: Teal/White/Lavender,,,,Wellington Warehouse,25.50,25.50,25.50,50.99,0,0,,,
1,LVL 1,1770747610172,9329028754001,Saddle Pads 4,1,Roma Ecole Star Quilt Close Contact Saddle Pad,Tack & Equipment > English Saddle Pads > All Purpose & Hunter/Jumper Saddle Pads,650795,Size: Full,Color: Black/Slate/Red,,,,Wellington Warehouse,25.50,25.50,25.50,50.99,0,0,,,
12,LVL 1,1770747610172,9329028436570,Saddle Pads 4,1,Roma Ecole Star Quilt Close Contact Saddle Pad,Tack & Equipment > English Saddle Pads > All Purpose & Hunter/Jumper Saddle Pads,650666,Size: Full,Color: Purple/Blue/Lavender,,,,Wellington Warehouse,25.50,25.50,25.50,50.99,0,0,,,
22,LVL 2,1770145216505,9329028276848,Saddle Pads 2,2,Weatherbeeta Prime Ombre Dressage Saddle Pad,Tack & Equipment > English Saddle Pads > Dressage Saddle Pads,1002677002,Size: Full,Color: Lagoon Mist,Add On: Saddle Pad,,,Wellington Warehouse,35.50,35.50,35.50,35.50,0,0,,,
3,BIN-01,1777314709511,9329028276947,Shelf 21,1,Weatherbeeta Prime Ombre Ear Bonnet,Tack & Equipment > Ear Plugs & Bonnets > Bonnets,1002679006,Size: Full,Color: Ocean Breeze,,,,Wellington Warehouse,22.00,22.00,22.00,29.99,0,0,,,
17,BIN-01,1777314709511,9329028276923,Shelf 21,1,Weatherbeeta Prime Ombre Ear Bonnet,Tack & Equipment > Ear Plugs & Bonnets > Bonnets,1002679004,Size: Full,Color: Lagoon Mist,,,,Wellington Warehouse,22.00,22.00,22.00,29.99,0,0,,,
9,LVL 3,1770145216506,9355776021850,Saddle Pads 2,3,Weatherbeeta Prime Ombre Dressage Saddle Pad,Tack & Equipment > English Saddle Pads > Dressage Saddle Pads,1002677005,Size: Full,Color: Midnight Aurora,Add On: Saddle Pad,,,Wellington Warehouse,35.50,35.50,35.50,35.50,0,0,,,
6,BIN-01,1777314709511,9329028276909,Shelf 21,1,Weatherbeeta Prime Ombre Ear Bonnet,Tack & Equipment > Ear Plugs & Bonnets > Bonnets,1002679002,Size: Full,Color: Desert Sky,,,,Wellington Warehouse,22.00,22.00,22.00,29.99,0,0,,,
5,BIN-01,1777314709511,9355776021935,Shelf 21,1,Weatherbeeta Prime Ombre Ear Bonnet,Tack & Equipment > Ear Plugs & Bonnets > Bonnets,1002679010,Size: Full,Color: Midnight Aurora,,,,Wellington Warehouse,22.00,22.00,22.00,29.99,0,0,,,
14,LVL 3,1770145216506,9329028276831,Saddle Pads 2,3,Weatherbeeta Prime Ombre Dressage Saddle Pad,Tack & Equipment > English Saddle Pads > Dressage Saddle Pads,1002677001,Size: Full,Color: Desert Sky,Add On: Saddle Pad,,,Wellington Warehouse,35.50,35.50,35.50,35.50,0,0,,,
3,LVL 3,1770145216506,9355776073590,Saddle Pads 2,3,Weatherbeeta Prime Ombre All Purpose Saddle Pad,Tack & Equipment > English Saddle Pads > All Purpose & Hunter/Jumper Saddle Pads,1002676020,Size: Full,Color: Ocean's Reef,Add On: Saddle Pad,,,Wellington Warehouse,35.50,35.50,35.50,35.50,0,0,,,
7,BIN-01,1776354991786,688499423717,Grooming Small,1,Tough-1 Great Grips Flex Finishing Brush,Horse Care > Grooming & Bathing > Brushes & Tools > Brushes & Combs,68-904-293-0,Color: Green/Light  Green,,,,,Wellington Warehouse,3.59,3.59,3.59,7.99,0,0,,,
5,BIN-01,1776354991786,688499423724,Grooming Small,1,Tough-1 Great Grips Flex Finishing Brush,Horse Care > Grooming & Bathing > Brushes & Tools > Brushes & Combs,68-904-294-0,Color: Blue/Light  Blue,,,,,Wellington Warehouse,3.59,3.59,3.59,7.99,0,0,,,
0,BIN-01,1776354991786,688499326216,Grooming Small,1,Tough-1 Great Grip Finishing Brush,Horse Care > Grooming & Bathing > Brushes & Tools > Brushes & Combs,68-905-4-0,Color: Royal Blue,,,,,Wellington Warehouse,4.19,4.19,4.19,7.99,0,0,1.6666666,,
9,BIN-01,1776354991786,688499326162,Grooming Small,1,Tough-1 Great Grips Stiff Brush,Horse Care > Grooming & Bathing > Brushes & Tools > Brushes & Combs,68-900-6-0,Color: Hunter Green,,,,,Wellington Warehouse,4.09,4.09,4.09,8.99,0,0,0.022727273,,
0,LVL 2,1771530839744,"0649982085737, 649982085737",Blankets 9,2,Rambo Protector Fly Sheet,Horse Wear > Fly & Insect Control > Fly Sheets,AFAR90-IBWT-78,Color: Silver/Navy,Size: 78,,,,Wellington Warehouse,100.00,100.00,100.00,219.95,0,5,0.14705883,,
8,LVL 2,1771530839744,649982085744,Blankets 9,2,Rambo Protector Fly Sheet,Horse Wear > Fly & Insect Control > Fly Sheets,AFAR90-IBWT-81,Color: Silver/Navy,Size: 81,,,,Wellington Warehouse,100.00,100.00,100.00,219.95,0,4,0.04411765,,
0,BIN-01,1776354991786,688499423731,Grooming Small,1,Tough-1 Great Grips Flex Finishing Brush,Horse Care > Grooming & Bathing > Brushes & Tools > Brushes & Combs,68-904-295-0,Color: Gray/Black,,,,,Wellington Warehouse,3.59,3.59,3.59,7.99,0,0,0.015625,,
2,BIN-01,1776354991786,688499335591,Grooming Small,1,Tough-1 Great Grip Mane & Tail Brush,Horse Care > Grooming & Bathing > Brushes & Tools > Brushes & Combs,68-907-40-0,Color: Neon Green,,,,,Wellington Warehouse,3.69,3.69,3.69,6.99,0,0,,,
8,LVL 2,1771530839744,649982085720,Blankets 9,2,Rambo Protector Fly Sheet,Horse Wear > Fly & Insect Control > Fly Sheets,AFAR90-IBWT-75,Color: Silver/Navy,Size: 75,,,,Wellington Warehouse,100.00,100.00,100.00,219.95,0,3,0.035714287,,
1,BIN-01,1776354991786,688499566858,Grooming Small,1,Tough-1 Great Grip Mane & Tail Brush,Horse Care > Grooming & Bathing > Brushes & Tools > Brushes & Combs,68-907-14-0,Color: Turquoise,,,,,Wellington Warehouse,3.69,3.69,3.69,6.99,0,0,0.024390243,,
5,LVL 2,1771530839744,649982085751,Blankets 9,2,Rambo Protector Fly Sheet,Horse Wear > Fly & Insect Control > Fly Sheets,AFAR90-IBWT-84,Color: Silver/Navy,Size: 84,,,,Wellington Warehouse,100.00,100.00,100.00,219.95,0,2,0.028571429,,
0,BIN-01,1776354991786,688499326179,Grooming Small,1,Tough-1 Great Grip Finishing Brush,Horse Care > Grooming & Bathing > Brushes & Tools > Brushes & Combs,68-905-10-0,Color: Purple,,,,,Wellington Warehouse,4.19,4.19,4.19,7.99,0,0,0.015625,,
1,LVL 2,1771530839744,649982085713,Blankets 9,2,Rambo Protector Fly Sheet,Horse Wear > Fly & Insect Control > Fly Sheets,AFAR90-IBWT-72,Color: Silver/Navy,Size: 72,,,,Wellington Warehouse,100.00,100.00,100.00,219.95,0,3,0.07042254,,
3,BIN-01,1776354991786,688499326148,Grooming Small,1,Tough-1 Great Grips Stiff Brush,Horse Care > Grooming & Bathing > Brushes & Tools > Brushes & Combs,68-900-4-0,Color: Royal Blue,,,,,Wellington Warehouse,4.09,4.09,4.09,8.99,0,0,,,
0,BIN-01,1776354991786,688499335560,Grooming Small,1,Tough-1 Great Grip Mane & Tail Brush,Horse Care > Grooming & Bathing > Brushes & Tools > Brushes & Combs,68-907-10-0,Color: Purple,,,,,Wellington Warehouse,3.69,3.69,3.69,6.99,0,0,0.032786883,,
7,BIN-01,1776354991786,688499326155,Grooming Small,1,Tough-1 Great Grips Stiff Brush,Horse Care > Grooming & Bathing > Brushes & Tools > Brushes & Combs,68-900-5-0,Color: Red,,,,,Wellington Warehouse,4.09,4.09,4.09,8.99,0,0,,,
0,BIN-01,1776354991786,688499335607,Grooming Small,1,Tough-1 Great Grip Mane & Tail Brush,Horse Care > Grooming & Bathing > Brushes & Tools > Brushes & Combs,68-907-4-0,Color: Royal Blue,,,,,Wellington Warehouse,3.69,3.69,3.69,6.99,0,0,,,
0,BIN-04,1773766441666,"649982703884, 649982703884",Shelf 16,4,Rambo Padded Halter,Tack & Equipment > Halters & Leads > Halters > Nylon & Rope Halters,DHAG40-VRKB-CO,Size: Cob,Color: Witney Navy,,,,Wellington Warehouse,27.00,27.00,27.00,34.99,0,0,0.013157895,,
9,BIN 1,1776787211212,649982501206,Gloves,1,Horseware Ireland Elastic PVC Covered Tailcord,Horse Wear > Blankets & Sheets > Blanket Accessories,DUHA00-K000-50,Color: Black,Size: 50 inches,,,,Wellington Warehouse,8.00,8.00,8.00,14.95,0,0,,,
7,BIN 1,1776787211212,649982501190,Gloves,1,Horseware Ireland Elastic PVC Covered Tailcord,Horse Wear > Blankets & Sheets > Blanket Accessories,DUHA00-K000-40,Color: Black,Size: 40 inches,,,,Wellington Warehouse,8.00,8.00,8.00,14.95,0,0,,,
1,BIN-04,1767466772770,649982599302,Shelf 3,4,"Amigo Flyboots, Set of Four",Horse Wear > Fly & Insect Control > Fly Boots,DDRF30-IB00-PY,Size: Pony,Color: Silver & Navy,,,,Wellington Warehouse,25.00,25.00,25.00,39.96,0,0,,,
0,BIN-05,1767466772771,"649982703853, 649982703853",Shelf 3,5,Rambo Padded Halter,Tack & Equipment > Halters & Leads > Halters > Nylon & Rope Halters,DHAG40-VRK0-CO,Size: Cob,Color: Witney Gold,,,,Wellington Warehouse,27.00,27.00,27.00,34.99,0,0,,,
19,ROW 5 : LVL 2,1769190184152,086621025363,Fly sprays,2,Farnam Equisect Fly Repellent,Horse Care > Fly & Insect Control > Fly Sprays & Traps,3002536,Size: 32 Ounces,,,,,Wellington Warehouse,9.89,9.89,9.89,19.99,0,0,,,
0,ROW 5 : LVL 2,1769190184152,086621002999,Fly sprays,2,Farnam Equisect Fly Repellent,Horse Care > Fly & Insect Control > Fly Sprays & Traps,100540297,Size: 1 Gallon,,,,,Wellington Warehouse,44.84,44.84,44.84,52.99,0,0,0.05479452,,
2,BIN-03,1768845014311,649982691396,Shelf 13,3,Rambo Micklem Original Multibridle with Reins,"Tack & Equipment > Bridles, Headstalls & Reins > English Bridles & Reins > Bridles",SBAB51-K000-PY,Color: Black,Size: Pony,,,,Wellington Warehouse,101.00,101.00,101.00,139.95,0,0,,,
10,LVL 3,1771530839745,649982084136,Blankets 9,3,Amigo Bug Buster Fly Sheet with No-Fly Zone,Horse Wear > Fly & Insect Control > Fly Sheets,AFRR3V-IQWQ-75,Color: Silver/Burgundy,Size: 75-Inch,,,,Wellington Warehouse,95.00,95.00,95.00,219.95,0,0,,,
5,BIN-04,1773766441666,"649982703877, 649982703877",Shelf 16,4,Rambo Padded Halter,Tack & Equipment > Halters & Leads > Halters > Nylon & Rope Halters,DHAG40-VRK0-PY,Size: Pony,Color: Witney Gold,,,,Wellington Warehouse,27.00,27.00,27.00,34.99,0,0,,,
0,LVL 3,1771530839745,649982084150,Blankets 9,3,Amigo Bug Buster Fly Sheet with No-Fly Zone,Horse Wear > Fly & Insect Control > Fly Sheets,AFRR3V-IQWQ-81,Color: Silver/Burgundy,Size: 81-Inch,,,,Wellington Warehouse,95.00,95.00,95.00,219.95,0,0,,,
3,BIN 1,1776787211212,649982501183,Gloves,1,Horseware Ireland Elastic PVC Covered Tailcord,Horse Wear > Blankets & Sheets > Blanket Accessories,DUHA00-K000-30,Color: Black,Size: 30 inches,,,,Wellington Warehouse,8.00,8.00,8.00,14.95,0,0,,,
7,LVL 3,1771530839745,649982084143,Blankets 9,3,Amigo Bug Buster Fly Sheet with No-Fly Zone,Horse Wear > Fly & Insect Control > Fly Sheets,AFRR3V-IQWQ-78,Color: Silver/Burgundy,Size: 78-Inch,,,,Wellington Warehouse,95.00,95.00,95.00,219.95,0,0,,,
9,BIN-04,1773766441666,"649982703907, 649982703907",Shelf 16,4,Rambo Padded Halter,Tack & Equipment > Halters & Leads > Halters > Nylon & Rope Halters,DHAG40-VRKB-PY,Size: Pony,Color: Witney Navy,,,,Wellington Warehouse,27.00,27.00,27.00,34.99,0,0,,,
5,LVL 3,1771530839745,649982084129,Blankets 9,3,Amigo Bug Buster Fly Sheet with No-Fly Zone,Horse Wear > Fly & Insect Control > Fly Sheets,AFRR3V-IQWQ-72,Color: Silver/Burgundy,Size: 72-Inch,,,,Wellington Warehouse,95.00,95.00,95.00,219.95,0,0,,,
6,ROW 3 : LVL 1,1774281147457,086621001640,Supplements 2,1,Farnam SimpliFly Feed-Thru Fly Control,Horse Care > Fly & Insect Control > Fly Control Supplements,100515881,Size: 3.75 Pounds,,,,,Wellington Warehouse,25.16,25.16,25.16,43.99,0,0,0.033333335,,
4,ROW 5 : LVL 2,1769190184152,086621023291,Fly sprays,2,Farnam Repel-X Pe Emulsifiable Fly Spray,Horse Care > Fly & Insect Control > Fly Sprays & Traps,100512027,Size: 1 Gallon,,,,,Wellington Warehouse,114.00,114.00,114.00,157.49,0,0,,,
6,ROW 3 : LVL 1,1774281147457,086621001657,Supplements 2,1,Farnam SimpliFly Feed-Thru Fly Control,Horse Care > Fly & Insect Control > Fly Control Supplements,100515883,Size: 10 Pounds,,,,,Wellington Warehouse,60.89,60.89,60.89,79.97,0,0,,,
36,BIN 1,1776787211212,9329028432138,Gloves,1,WeatherBeeta Rubber Surcingle Stoppers,Horse Wear > Blankets & Sheets > Blanket Accessories,999569,Color: Black,,,,,Wellington Warehouse,1.19,1.19,1.19,2.10,0,0,,,
3,BIN 1,1776787211212,9329028975666,Gloves,1,WeatherBeeta Replacement Chest Buckle Set,Horse Wear > Blankets & Sheets > Blanket Accessories,594707,Color: Black,,,,,Wellington Warehouse,2.41,2.41,2.41,5.25,0,0,,,
4,ROW 3 : LVL 4,1774281545039,011444428046,Grooming,4,Absorbine Fungasol Shampoo,"Horse Care > Grooming & Bathing > Shampoos, Conditioners, & Sprays > Shampoos",430440,Size: 20 Ounces,,,,,Wellington Warehouse,8.36,8.36,8.36,11.29,0,0,,,
1,ROW 1 : LVL 2,1768938712710,011444447023,First Aid,2,Absorbine Fungasol Ointment,Horse Care > First Aid & Wellness > Wound Care & Topicals,430450,Size: 13 Ounces,,,,,Wellington Warehouse,10.11,10.11,10.11,14.99,0,0,0.03125,,
1,ROW 3 : LVL 1,1774281147457,086621003101,Supplements 2,1,Horse Health Products Vita Biotin Crumbles Hoof Supplement,Horse Care > Supplements > Hoof Health,100542321,Size: 20 lbs,,,,,Wellington Warehouse,89.94,89.94,89.94,112.95,0,0,,,
5,ROW 5 : LVL 2,1769190184152,086621023307,Fly sprays,2,Farnam Repel-X Pe Emulsifiable Fly Spray,Horse Care > Fly & Insect Control > Fly Sprays & Traps,100512028,Size: 32 Ounces,,,,,Wellington Warehouse,27.21,27.21,27.21,46.99,0,0,,,
7,BIN 1,1776787211212,9329028112054,Gloves,1,WeatherBeeta Replacement Elastic Leg Strap (Pair),Horse Wear > Blankets & Sheets > Blanket Accessories,642023,Color: Black,,,,,Wellington Warehouse,5.92,5.92,5.92,12.25,0,0,0.011363637,,
13,ROW 1 : LVL 3,1768938712711,011444451013,First Aid,3,Silver Honey Rapid Wound Repair,Horse Care > First Aid & Wellness > Wound Care & Topicals,18471-2,Size: 8 Ounces - Spray Gel,,,,,Wellington Warehouse,14.65,14.65,14.65,24.09,0,0,,Fri May 29 2026 16:43:08 GMT+0000 (Coordinated Universal Time),RJ TRADE SHOW MAY #26055027400
4,ROW 1 : LVL 2,1768938712710,011444426035,First Aid,2,Absorbine Fungasol Anti Fungal Spray,Horse Care > First Aid & Wellness > Wound Care & Topicals,430430,Size: 22 fl oz,,,,,Wellington Warehouse,13.03,13.03,13.03,17.09,0,0,0.012820513,,
2,ROW 1 : LVL 3,1768938712711,"852009002093, 852009002093",First Aid,3,Vetericyn Plus Wound & Skin Care Antimicrobial Hydrogel Spray,Horse Care > First Aid & Wellness > Wound Care & Topicals,085-1040,Size: 16 Ounces,,,,,Wellington Warehouse,25.34,25.34,25.34,35.99,0,0,,,
14,ROW 1 : LVL 3,1768938712711,011444450016,First Aid,3,Silver Honey Rapid Wound Repair,Horse Care > First Aid & Wellness > Wound Care & Topicals,18471-1,Size: 2 Ounces - Ointment Tube,,,,,Wellington Warehouse,14.38,14.38,14.38,24.09,0,0,0.026666667,Fri May 29 2026 16:43:02 GMT+0000 (Coordinated Universal Time),RJ TRADE SHOW MAY #26055027400
1,LVL 1,1767805838121,9329028290103,Fly Sheets 2,1,WeatherBeeta Comfitec Ripshield Plus With Belly Wrap and Detach-A-Neck Fly Sheet,Horse Wear > Fly & Insect Control > Fly Sheets,1002930001,Color: White/Burgundy,Size: 66-Inch,,,,Wellington Warehouse,80.10,80.10,80.10,119.96,0,0,,,
2,LVL 2,1767805838122,9329028288018,Fly Sheets 2,2,WeatherBeeta Comfitec Airflow II Detach A Neck Fly Sheet,Horse Wear > Fly & Insect Control > Fly Sheets,1002927008,Color: Grey/Blue/Grey,Size: 69,,,,Wellington Warehouse,71.19,71.19,71.19,119.99,0,0,,,
1,LVL 2,1767805838122,9329028288315,Fly Sheets 2,2,WeatherBeeta Comfitec Airflow II Detach A Neck Fly Sheet,Horse Wear > Fly & Insect Control > Fly Sheets,1002927038,Color: White/Blue/Sea Blue,Size: 69,,,,Wellington Warehouse,71.19,71.19,71.19,119.99,0,0,,,
3,LVL 2,1767805838122,9329028288322,Fly Sheets 2,2,WeatherBeeta Comfitec Airflow II Detach A Neck Fly Sheet,Horse Wear > Fly & Insect Control > Fly Sheets,1002927039,Color: White/Blue/Sea Blue,Size: 72,,,,Wellington Warehouse,71.19,71.19,71.19,119.99,0,0,,,
8,BIN-01,1767452663133,"9329028290943, 9329028290943",Shelf 2,1,WeatherBeeta Stretch Bug Eye Saver Fly Mask With Ears,Horse Wear > Fly & Insect Control > Fly Masks,1002938016,Size: Pony,Color: Red/Black,,,,Wellington Warehouse,12.77,12.77,12.77,17.56,0,0,,,
0,LVL 1,1767805838121,9329028290110,Fly Sheets 2,1,WeatherBeeta Comfitec Ripshield Plus With Belly Wrap and Detach-A-Neck Fly Sheet,Horse Wear > Fly & Insect Control > Fly Sheets,1002930002,Color: White/Burgundy,Size: 69-Inch,,,,Wellington Warehouse,80.10,80.10,80.10,119.96,0,0,,,
11,BIN-01,1767452663133,"9329028175769, 9329028175769",Shelf 2,1,WeatherBeeta Stretch Bug Eye Saver Fly Mask With Ears,Horse Wear > Fly & Insect Control > Fly Masks,819103,Size: Pony,Color: Hunter/Black,,,,Wellington Warehouse,12.77,12.77,12.77,17.56,0,0,,,
1,LVL 2,1767805838122,,Fly Sheets 2,2,WeatherBeeta Comfitec Airflow II Detach A Neck Fly Sheet,Horse Wear > Fly & Insect Control > Fly Sheets,1002927044,Color: White/Blue/Sea Blue,Size: 84,,,,Wellington Warehouse,71.19,71.19,71.19,119.99,0,0,0.036363635,,
20,ROW 4 : LVL 3,1774281614633,863765000261,Grooming/Tack Cleaner,3,Betty's Best Skin & Coat Grooming Cloth XXL Wipes,"Horse Care > Grooming & Bathing > Shampoos, Conditioners & Sprays > Detanglers, Shines & Sprays",3121 XXL-TB,Size: 1 Pack (15 Wipes),,,,,Wellington Warehouse,6.81,6.81,6.81,12.99,0,0,0.09615385,,
2,BIN-01,1767452663133,"9329028175738, 9329028175738",Shelf 2,1,WeatherBeeta Stretch Bug Eye Saver Fly Mask With Ears,Horse Wear > Fly & Insect Control > Fly Masks,819100,Size: Pony,Color: Black/Black,,,,Wellington Warehouse,12.77,12.77,12.77,17.56,0,0,,,
0,LVL 1,1767805838121,9329028290127,Fly Sheets 2,1,WeatherBeeta Comfitec Ripshield Plus With Belly Wrap and Detach-A-Neck Fly Sheet,Horse Wear > Fly & Insect Control > Fly Sheets,1002930003,Color: White/Burgundy,Size: 72-Inch,,,,Wellington Warehouse,80.10,80.10,80.10,119.96,0,0,,,
0,LVL 2,1767805838122,9329028288384,Fly Sheets 2,2,WeatherBeeta Comfitec Airflow II Detach A Neck Fly Sheet,Horse Wear > Fly & Insect Control > Fly Sheets,1002927045,Color: White/Blue/Sea Blue,Size: 87,,,,Wellington Warehouse,71.19,71.19,71.19,119.99,0,0,,,
1,LVL 4,1767805838124,9329028172171,Fly Sheets 2,4,WeatherBeeta Comfitec Essential Mesh II Standard Neck Fly Sheet,Horse Wear > Fly & Insect Control > Fly Sheets,818760,Size: 87,Color: White/Purple/Black,,,,Wellington Warehouse,43.43,43.43,43.43,55.99,0,0,,,
22,BIN-01,1767452663133,"9329028290752, 9329028290752",Shelf 2,1,WeatherBeeta Stretch Bug Eye Saver Fly Mask With Ears,Horse Wear > Fly & Insect Control > Fly Masks,1002938005,Size: Pony,Color: Grey/Black,,,,Wellington Warehouse,12.77,12.77,12.77,17.56,0,0,,,
19,BIN-01,1767452663133,"9329028175820, 9329028175820",Shelf 2,1,WeatherBeeta Stretch Bug Eye Saver Fly Mask With Ears,Horse Wear > Fly & Insect Control > Fly Masks,819109,Size: Pony,Color: Purple/Black,,,,Wellington Warehouse,12.77,12.77,12.77,17.56,0,0,,,
1,LVL 2,1767805838122,9329028288339,Fly Sheets 2,2,WeatherBeeta Comfitec Airflow II Detach A Neck Fly Sheet,Horse Wear > Fly & Insect Control > Fly Sheets,1002927040,Color: White/Blue/Sea Blue,Size: 75,,,,Wellington Warehouse,71.19,71.19,71.19,119.99,0,0,,,
10,ROW 3 : LVL 2,1774281614627,011444505013,Grooming/Tack Cleaner,2,Absorbine Leather Therapy Wash,Tack & Equipment > Leather Care,450501,Size: 8 Ounces,,,,,Wellington Warehouse,8.53,8.53,8.53,9.99,0,0,,,
0,BIN-05,1767722157719,000399674219,Shelf 7,5,Weaver Leather Goods Slow Feed Hay Net,Stable > Stable Supplies > Hay Nets & Bags,35-4043-BL,Color: Blue,,,,,Wellington Warehouse,9.33,9.33,9.33,12.99,0,0,0.16071428,,
6,ROW 3 : LVL 2,1774281614627,011444505020,Grooming/Tack Cleaner,2,Absorbine Leather Therapy Wash,Tack & Equipment > Leather Care,450502,Size: 16 Ounces,,,,,Wellington Warehouse,13.76,13.76,13.76,16.95,0,0,0.025641026,,
21,ROW 3 : LVL 2,1774281614627,011444504023,Grooming/Tack Cleaner,2,Absorbine Leather Therapy Restorer & Conditioner,Tack & Equipment > Leather Care,16003-2,Size: 16 Ounces,,,,,Wellington Warehouse,16.90,16.90,16.90,19.99,0,0,,,
0,Grid wall,1770916055031,000399523784,Girths,1,Weaver Leather AirFlex Roper Cinch,Tack & Equipment > Girths & Cinches > Western Cinches,35-2471-30,Size: 30 Inches,,,,,Wellington Warehouse,47.99,47.99,47.99,74.99,0,0,,,
2,Grid wall,1770916055031,000399591974,Girths,1,Weaver Leather AirFlex Straight Cinch with Roll Snug Cinch Buckle,Tack & Equipment > Girths & Cinches > Western Cinches,35-2410-30,Size: 30 Inches,,,,,Wellington Warehouse,59.71,59.71,59.71,84.99,0,0,,,
4,Grid wall,1770916055031,000399523791,Girths,1,Weaver Leather AirFlex Roper Cinch,Tack & Equipment > Girths & Cinches > Western Cinches,35-2471-32,Size: 32 Inches,,,,,Wellington Warehouse,47.99,47.99,47.99,74.99,0,0,,,
0,BIN-05,1773766441667,688499109536,Shelf 16,5,Tough-1 Poly Rope Tied Halter,Tack & Equipment > Halters & Leads > Halters > Nylon & Rope Halters,50-1000-2-0,Color: Black,,,,,Wellington Warehouse,3.19,3.19,3.19,6.99,0,0,0.07317073,,
0,Grid wall,1770916055031,000399592025,Girths,1,Weaver Leather AirFlex Roll Snug Roper Cinch,Tack & Equipment > Girths & Cinches > Western Cinches,35-2411-30,Size: 30 Inches,,,,,Wellington Warehouse,59.34,59.34,59.34,84.99,0,0,,,
1,LVL 2,1772124449866,670786009155,Hoof Boots,2,"EasyCare Easyboot Glove Soft Hoof Boot, Single Boot",Tack & Equipment > Boots & Wraps > Hoof Boots,SB-GLS-1,Size: Size 1,,,,,Wellington Warehouse,50.91,50.91,50.91,90.00,0,0,,,
9,LVL 2,1772124449866,670786009162,Hoof Boots,2,"EasyCare Easyboot Glove Soft Hoof Boot, Single Boot",Tack & Equipment > Boots & Wraps > Hoof Boots,SB-GLS-1.5,Size: Size 1.5,,,,,Wellington Warehouse,50.91,50.91,50.91,90.00,0,0,,,
0,ROW 4 : LVL 1,1774281147461,086621002876,Supplements 2,1,Farnam Mare Plus Gestation and Lactation Supplement,Horse Care > Supplements > Metabolic,100539410,Size: 5 Pounds/40 Day Supply,,,,,Wellington Warehouse,21.47,21.47,21.47,32.99,0,0,,,
7,LVL 2,1772124449866,670786009209,Hoof Boots,2,"EasyCare Easyboot Glove Soft Hoof Boot, Single Boot",Tack & Equipment > Boots & Wraps > Hoof Boots,SB-GLS-3.5,Size: Size 3.5,,,,,Wellington Warehouse,50.91,50.91,50.91,90.00,0,0,,,
7,LVL 2,1772124449866,670786009179,Hoof Boots,2,"EasyCare Easyboot Glove Soft Hoof Boot, Single Boot",Tack & Equipment > Boots & Wraps > Hoof Boots,SB-GLS-2,Size: Size 2,,,,,Wellington Warehouse,50.91,50.91,50.91,90.00,0,0,,,
1,LVL 2,1772124449866,635901133351,Hoof Boots,2,"Cavallo Trek Slim Sole Hoof Boot, Single Boot",Tack & Equipment > Boots & Wraps > Hoof Boots,11-4183-4,Color: Black,Size: Size 4,,,,Wellington Warehouse,55.00,55.00,55.00,104.95,0,0,,,
0,ROW 1 : LVL 1,1774281650387,704158003165,Hoof/Treats,1,SBS Equine Sav-A-Hoof Spray,Horse Care > First Aid & Wellness > Hoof Care > Thrush,316-1,Size: 16 Ounces,,,,,Wellington Warehouse,16.63,16.63,16.63,22.99,0,0,0.020833334,,
4,LVL 2,1772124449866,670786009117,Hoof Boots,2,"EasyCare Easyboot Glove Soft Hoof Boot, Single Boot",Tack & Equipment > Boots & Wraps > Hoof Boots,SB-GLS-0,Size: Size 0,,,,,Wellington Warehouse,50.91,50.91,50.91,90.00,0,0,,,
4,LVL 2,1772124449866,670786009216,Hoof Boots,2,"EasyCare Easyboot Glove Soft Hoof Boot, Single Boot",Tack & Equipment > Boots & Wraps > Hoof Boots,SB-GLS-4,Size: Size 4,,,,,Wellington Warehouse,50.91,50.91,50.91,90.00,0,0,,,
8,LVL 2,1772124449866,670786009148,Hoof Boots,2,"EasyCare Easyboot Glove Soft Hoof Boot, Single Boot",Tack & Equipment > Boots & Wraps > Hoof Boots,SB-GLS-00.5,Size: Size 00.5,,,,,Wellington Warehouse,50.91,50.91,50.91,90.00,0,0,,,
1,LVL 2,1772124449866,635901133467,Hoof Boots,2,"Cavallo Trek Slim Sole Hoof Boot, Single Boot",Tack & Equipment > Boots & Wraps > Hoof Boots,11-4183-6,Color: Black,Size: Size 6,,,,Wellington Warehouse,55.00,55.00,55.00,104.95,0,0,,,
18,ROW 4 : LVL 2,1774281614632,688673010207,Grooming/Tack Cleaner,2,"Healthy HairCare Horse Moisturizer Concentrate for Coat, Mane, and Tail","Horse Care > Grooming & Bathing > Shampoos, Conditioners & Sprays > Detanglers, Shines & Sprays",16906-3,Size: 32 Ounces,,,,,Wellington Warehouse,17.50,17.50,17.50,27.99,0,0,0.023255814,Fri May 29 2026 16:51:34 GMT+0000 (Coordinated Universal Time),RJ TRADE SHOW MAY #26055027400
60,ROW 4 : LVL 2,1774281614632,688673012508,Grooming/Tack Cleaner,2,Healthy HairCare Sunflower Suncoat SPF Spray,"Horse Care > Grooming & Bathing > Shampoos, Conditioners & Sprays > Detanglers, Shines & Sprays",13508-1,Size: 32 Ounces,,,,,Wellington Warehouse,9.17,9.17,9.17,14.99,0,0,0.084745765,Fri May 29 2026 16:37:45 GMT+0000 (Coordinated Universal Time),RJ TRADE SHOW MAY #26055027400
10,ROW 4 : LVL 1,1774281545041,688673010306,Grooming,1,"Healthy HairCare Horse Moisturizer Concentrate for Coat, Mane, and Tail","Horse Care > Grooming & Bathing > Shampoos, Conditioners & Sprays > Detanglers, Shines & Sprays",16906-4,Size: 1 Gallon,,,,,Wellington Warehouse,37.06,39.51,40.74,59.99,0,0,0.027027028,Fri May 08 2026 20:09:44 GMT+0000 (Coordinated Universal Time),Trade Show Order #3
2,LVL 4,1767805838124,9329028290318,Fly Sheets 2,4,WeatherBeeta Comfitec Essential Mesh II Combo Neck Fly Sheet,Horse Wear > Fly & Insect Control > Fly Sheets,1002931015,Color: Light Taupe,Size: 87,,,,Wellington Warehouse,48.48,48.48,48.48,87.96,0,0,,,
3,LVL 4,1767805838124,9355776088655,Fly Sheets 2,4,WeatherBeeta Comfitec Essential Mesh II Combo Neck Fly Sheet,Horse Wear > Fly & Insect Control > Fly Sheets,1002931114,Color: White/Maroon/Grey,Size: 69,,,,Wellington Warehouse,52.65,52.65,52.65,87.96,0,0,,,
5,LVL 1,1772124449865,670784003445,Hoof Boots,1,"EasyCare Old Mac G2 Hoof Boots, Set of Two",Tack & Equipment > Boots & Wraps > Hoof Boots,OM-2,Size: Size 2,,,,,Wellington Warehouse,114.91,114.91,114.91,189.99,0,0,,,
9,ROW 3 : LVL 3,1774281614628,040102223051,Grooming/Tack Cleaner,3,Andis UltraEdge Detachable Blade,"Horse Care > Grooming & Bathing > Clippers, Blades & Accessories",13235-10,Size: T-10,,,,,Wellington Warehouse,29.72,29.72,29.72,47.99,0,0,0.012048192,Mon Mar 23 2026 19:57:15 GMT+0000 (Coordinated Universal Time),PO#3222
1,BIN-01,1767452663133,"9329028175707, 9329028175707",Shelf 2,1,Weatherbeeta Stretch Eye Saver With Ears,Horse Wear > Fly & Insect Control > Fly Masks,819097,Size: Pony,Color: Purple/Black,,,,Wellington Warehouse,12.77,12.77,12.77,6.39,0,0,,,
20,ROW 3 : LVL 3,1774281614628,040102640728,Grooming/Tack Cleaner,3,Andis UltraEdge Detachable Blade,"Horse Care > Grooming & Bathing > Clippers, Blades & Accessories",64072,Size: #15,,,,,Wellington Warehouse,18.89,18.89,18.89,30.95,0,0,,,
3,ROW 3 : LVL 3,1774281614628,040102640766,Grooming/Tack Cleaner,3,Andis UltraEdge Detachable Blade,"Horse Care > Grooming & Bathing > Clippers, Blades & Accessories",13235-9,Size: #40,,,,,Wellington Warehouse,18.50,18.50,18.50,30.95,0,0,,,
10,ROW 3 : LVL 3,1774281614628,040102216411,Grooming/Tack Cleaner,3,Andis UltraEdge Detachable Blade,"Horse Care > Grooming & Bathing > Clippers, Blades & Accessories",13235-11,Size: T-84,,,,,Wellington Warehouse,25.02,25.02,25.02,39.99,0,0,,,
1,LVL 4,1767805838124,9329028290233,Fly Sheets 2,4,WeatherBeeta Comfitec Essential Mesh II Combo Neck Fly Sheet,Horse Wear > Fly & Insect Control > Fly Sheets,1002931007,Color: Light Taupe,Size: 66,,,,Wellington Warehouse,48.48,48.48,48.48,87.96,0,0,,,
1,BIN-01,1767452663133,"9329028175677, 9329028175677",Shelf 2,1,Weatherbeeta Stretch Eye Saver With Ears,Horse Wear > Fly & Insect Control > Fly Masks,819094,Size: Pony,Color: Navy/Black,,,,Wellington Warehouse,12.77,12.77,12.77,6.39,0,0,0.13793103,,
0,LVL 4,1767805838124,9355776088693,Fly Sheets 2,4,WeatherBeeta Comfitec Essential Mesh II Combo Neck Fly Sheet,Horse Wear > Fly & Insect Control > Fly Sheets,1002931118,Color: White/Maroon/Grey,Size: 78,,,,Wellington Warehouse,52.65,52.65,52.65,87.96,0,0,,,
0,LVL 4,1767805838124,9355776088709,Fly Sheets 2,4,WeatherBeeta Comfitec Essential Mesh II Combo Neck Fly Sheet,Horse Wear > Fly & Insect Control > Fly Sheets,1002931119,Color: White/Maroon/Grey,Size: 81,,,,Wellington Warehouse,52.65,52.65,52.65,87.96,0,0,,,
1,LVL 4,1767805838124,9329028290226,Fly Sheets 2,4,WeatherBeeta Comfitec Essential Mesh II Combo Neck Fly Sheet,Horse Wear > Fly & Insect Control > Fly Sheets,1002931006,Color: Light Taupe,Size: 63,,,,Wellington Warehouse,48.48,48.48,48.48,87.96,0,0,,,
31,ROW 3 : LVL 3,1774281614628,040102640759,Grooming/Tack Cleaner,3,Andis UltraEdge Detachable Blade,"Horse Care > Grooming & Bathing > Clippers, Blades & Accessories",64075,Size: #30 (Fine),,,,,Wellington Warehouse,18.50,18.50,18.50,30.95,0,0,,,
17,ROW 3 : LVL 3,1774281614628,040102640711,Grooming/Tack Cleaner,3,Andis UltraEdge Detachable Blade,"Horse Care > Grooming & Bathing > Clippers, Blades & Accessories",64071,Size: #10 (Medium),,,,,Wellington Warehouse,18.50,18.50,18.50,30.95,0,0,,Mon Mar 23 2026 19:57:15 GMT+0000 (Coordinated Universal Time),PO#3222
0,LVL 1,1772124449865,670784003490,Hoof Boots,1,"EasyCare Old Mac G2 Hoof Boots, Set of Two",Tack & Equipment > Boots & Wraps > Hoof Boots,OM-7,Size: Size 7,,,,,Wellington Warehouse,131.68,131.68,131.68,189.99,0,0,,,
1,LVL 4,1767805838124,9355776088662,Fly Sheets 2,4,WeatherBeeta Comfitec Essential Mesh II Combo Neck Fly Sheet,Horse Wear > Fly & Insect Control > Fly Sheets,1002931115,Color: White/Maroon/Grey,Size: 72,,,,Wellington Warehouse,52.65,52.65,52.65,87.96,0,0,,,
1,LVL 4,1767805838124,9355776088716,Fly Sheets 2,4,WeatherBeeta Comfitec Essential Mesh II Combo Neck Fly Sheet,Horse Wear > Fly & Insect Control > Fly Sheets,1002931120,Color: White/Maroon/Grey,Size: 84,,,,Wellington Warehouse,52.65,52.65,52.65,87.96,0,0,,,
0,BIN-01,1767452663133,"9329028175714, 9329028175714",Shelf 2,1,Weatherbeeta Stretch Eye Saver With Ears,Horse Wear > Fly & Insect Control > Fly Masks,819098,Size: Cob,Color: Purple/Black,,,,Wellington Warehouse,12.77,12.77,12.77,6.39,0,0,0.01369863,,
2,BIN-01,1768403023955,670786005355,Shelf 10,1,"EasyCare Easyboot Zip Hoof Boot, Single Boot",Tack & Equipment > Boots & Wraps > Hoof Boots,SB-EBZ-1,Size: Size 1,,,,,Wellington Warehouse,29.17,29.17,29.17,50.95,0,0,,,
2,LVL 2,1772124449866,670786006758,Hoof Boots,2,"EasyCare Easyboot Back Country Hoof Boot, Single Boot",Tack & Equipment > Boots & Wraps > Hoof Boots,SB-BC-2.5,Size: Size 2.5,,,,,Wellington Warehouse,63.34,63.34,63.34,110.95,0,0,,,
2,ROW 4 : LVL 3,1774281545043,727556544504,Grooming,3,The Original Mane 'n Tail Ultimate Gloss Shampoo,"Horse Care > Grooming & Bathing > Shampoos, Conditioners, & Sprays > Shampoos",013-544506,Size: 32 Ounces,,,,,Wellington Warehouse,5.83,5.83,5.83,15.99,0,0,,,
1,LVL 2,1772124449866,670786006772,Hoof Boots,2,"EasyCare Easyboot Back Country Hoof Boot, Single Boot",Tack & Equipment > Boots & Wraps > Hoof Boots,SB-BC-3.5_EC_DS,Size: Size 3.5,,,,,Wellington Warehouse,63.34,63.34,63.34,110.95,0,0,,,
3,BIN-01,1768403023955,670786005362,Shelf 10,1,"EasyCare Easyboot Zip Hoof Boot, Single Boot",Tack & Equipment > Boots & Wraps > Hoof Boots,SB-EBZ-2,Size: Size 2,,,,,Wellington Warehouse,29.17,29.17,29.17,50.95,0,0,,,
2,LVL 2,1772124449866,670786006697,Hoof Boots,2,"EasyCare Easyboot Back Country Hoof Boot, Single Boot",Tack & Equipment > Boots & Wraps > Hoof Boots,SB-BC-0.5_EC_DS,Size: Size 0.5,,,,,Wellington Warehouse,63.34,63.34,63.34,110.95,0,0,,,
2,LVL 2,1772124449866,670786006741,Hoof Boots,2,"EasyCare Easyboot Back Country Hoof Boot, Single Boot",Tack & Equipment > Boots & Wraps > Hoof Boots,SB-BC-2,Size: Size 2,,,,,Wellington Warehouse,63.34,63.34,63.34,110.95,0,0,,,
2,BIN-01,1768403023955,670786005348,Shelf 10,1,"EasyCare Easyboot Zip Hoof Boot, Single Boot",Tack & Equipment > Boots & Wraps > Hoof Boots,SB-EBZ-4,Size: Size 4,,,,,Wellington Warehouse,29.17,29.17,29.17,50.95,0,0,,,
7,ROW 4 : LVL 3,1774281545043, 727556544542,Grooming,3,The Original Mane 'n Tail Ultimate Gloss Conditioner,"Horse Care > Grooming & Bathing > Shampoos, Conditioners, & Sprays > Conditioners",013-544546,Size: 32 Ounces,,,,,Wellington Warehouse,10.53,10.53,10.53,16.99,0,0,,,
11,BIN 1,1776787211212,635901188689,Gloves,1,"Cavallo Hoof Boot Replacement Closures, Set of Two",Tack & Equipment > Boots & Wraps > Accessories,11-4151,Style: Trek Boot,Color: Black,,,,Wellington Warehouse,5.50,5.50,5.50,8.99,0,0,0.04494382,,
4,BIN 1,1776787211212,635901040406,Gloves,1,Cavallo Simple Studs Applicator Tool,Tack & Equipment > Boots & Wraps > Hoof Boots,11-4169,Title: Default Title,,,,,Wellington Warehouse,9.00,9.00,9.00,14.99,0,0,,,
3,BIN 1,1776787211212,635901205164,Gloves,1,"Cavallo Hoof Boot Replacement Closures, Set of Two",Tack & Equipment > Boots & Wraps > Accessories,11-4153,Style: CLB Boot,Color: Black,,,,Wellington Warehouse,5.50,5.50,5.50,8.99,0,0,,,
4,ROW 4 : LVL 1,1774281147461,694244902178,Supplements 2,1,AniMed Garlic Powder,Horse Care > Fly & Insect Control > Fly Control Supplements,053-90217,Size: 4 Pounds,,,,,Wellington Warehouse,38.55,38.55,38.55,59.49,0,0,,,
0,LVL 1,1770747610172,840396108481,Saddle Pads 4,1,Lettia Collection Printed All Purpose Saddle Pad,Tack & Equipment > English Saddle Pads > All Purpose & Hunter/Jumper Saddle Pads,10848,Print: Toucan,,,,,Wellington Warehouse,24.00,24.00,24.00,53.99,0,0,,,
7,ROW 1 : LVL 2,1767888398016,LCARNSYR,Supplements 1,2,Nupafeed L-Carnitine Concentrated Paste,Horse Care > Supplements > Performance & Energy,LCARNSYR,Size: 1 Syringe,,,,,Wellington Warehouse,11.70,11.70,11.70,16.70,0,0,,,
3,ROW 1 : LVL 2,1767888398016,MAHSYR,Supplements 1,2,Nupafeed Magnesium Horse Calming Concentrated Paste,Horse Care > Supplements > Calming & Focus,MAHSYR,Size: 1 Syringe,,,,,Wellington Warehouse,9.20,9.20,9.20,14.80,0,0,,,
0,ROW 1 : LVL 2,1767888398016,MAHBOX10,Supplements 1,2,Nupafeed Magnesium Horse Calming Concentrated Paste,Horse Care > Supplements > Calming & Focus,MAHBOX10,Size: 10-Pack,,,,,Wellington Warehouse,92.00,92.00,92.00,131.00,0,0,0.2857143,Wed Jul 22 2026 17:17:40 GMT+0000 (Coordinated Universal Time),PO#3236 WELLY
0,LVL 1,1770747610172,840396107064,Saddle Pads 4,1,Lettia Collection All Purpose Saddle Pad,Tack & Equipment > English Saddle Pads > All Purpose & Hunter/Jumper Saddle Pads,10706,Color: Black/Rosegold,,,,,Wellington Warehouse,30.00,30.00,30.00,54.99,0,0,,,
4,ROW 1 : LVL 2,1767888398016,"MAH5, MAH5",Supplements 1,2,Nupafeed MAH Magnesium Daily Liquid,Horse Care > Supplements > Calming & Focus,MAH5,Size: 5 Liters,,,,,Wellington Warehouse,161.00,161.00,161.00,233.00,1,0,0.06329114,Thu Jul 30 2026 15:31:37 GMT+0000 (Coordinated Universal Time),PO#3236 WELLY
0,ROW 1 : LVL 2,1767888398016,"MAH3, MAH3",Supplements 1,2,Nupafeed MAH Magnesium Daily Liquid,Horse Care > Supplements > Calming & Focus,MAH3,Size: 3 Liters,,,,,Wellington Warehouse,107.00,107.00,107.00,165.00,0,0,0.0875,Wed Jul 22 2026 17:17:40 GMT+0000 (Coordinated Universal Time),PO#3236 WELLY
10,ROW 5 : LVL 4,1769190184154,95668944124,Fly sprays,4,Manna Pro Opti-Force Sweat Resistant Fly Spray,Horse Care > Fly & Insect Control > Fly Sprays & Traps,1000181,Size: 1 Gallon,,,,,Wellington Warehouse,35.77,35.77,35.77,68.99,0,0,,,
5,ROW 5 : LVL 4,1769190184154,666183100052,Fly sprays,4,Equiderma Neem & Aloe Spray,Horse Care > Fly & Insect Control > Fly Sprays & Traps,TEOS,Size: 32-Ounce Spray,,,,,Wellington Warehouse,15.98,17.41,18.13,22.99,0,0,0.46341464,Fri May 29 2026 16:38:04 GMT+0000 (Coordinated Universal Time),RJ TRADE SHOW MAY #26055027400
0,ROW 3 : LVL 1,1774281545036,862364000405,Grooming,1,Orvus Paste Soap,"Horse Care > Grooming & Bathing > Shampoos, Conditioners, & Sprays > Shampoos",11068-1,Size: 120 Ounces,,,,,Wellington Warehouse,22.21,22.21,22.21,31.99,0,8,,,
14,BIN-01,1777314699038,804381008835,Shelf 20,1,Cashel Tush Cushion (English & Western),"Tack & Equipment > Bags, Cases & Covers",TC-W2L,Style: Western (Long),Size: 1/2-Inch,,,,Wellington Warehouse,21.00,21.00,21.00,36.99,0,0,,,
2,LVL 2,1772124449866,670786009247,Hoof Boots,2,"EasyCare Easyboot Glove Soft Wide, Single Boot",Tack & Equipment > Boots & Wraps > Hoof Boots,SB-GLSW-0,Size: Size 0,,,,,Wellington Warehouse,50.91,50.91,50.91,89.99,0,0,,,
3,LVL 2,1772124449866,670786009261,Hoof Boots,2,"EasyCare Easyboot Glove Soft Wide, Single Boot",Tack & Equipment > Boots & Wraps > Hoof Boots,SB-GLSW-1,Size: Size 1,,,,,Wellington Warehouse,50.91,50.91,50.91,89.99,0,0,,,
3,LVL 2,1772124449866,670786009278,Hoof Boots,2,"EasyCare Easyboot Glove Soft Wide, Single Boot",Tack & Equipment > Boots & Wraps > Hoof Boots,SB-GLSW-1.5,Size: Size 1.5,,,,,Wellington Warehouse,50.91,50.91,50.91,89.99,0,0,,,
0,ROW 1 : LVL 2,1768938712710,086621826038,First Aid,2,Horse Health Products Cool Pack Green Jelly Liniment,Horse Care > First Aid & Wellness > Liniments,82603,Size: 64 fl oz,,,,,Wellington Warehouse,23.59,24.90,25.55,29.99,0,8,0.102564104,Fri May 08 2026 20:09:52 GMT+0000 (Coordinated Universal Time),Trade Show Order #3
14,ROW 5 : LVL 4,1769190184154,791738114649,Fly sprays,4,Pyranha Stock Guard Concentrate,Horse Care > Fly & Insect Control > Fly Sprays & Traps,001STCKGRD,Size: 64 Ounces,,,,,Wellington Warehouse,56.39,58.65,59.78,79.99,0,0,,Fri May 08 2026 20:09:48 GMT+0000 (Coordinated Universal Time),Trade Show Order #3
1,LVL 2,1772124449866,670786009254,Hoof Boots,2,"EasyCare Easyboot Glove Soft Wide, Single Boot",Tack & Equipment > Boots & Wraps > Hoof Boots,SB-GLSW-0.5,Size: Size 0.5,,,,,Wellington Warehouse,50.91,50.91,50.91,89.99,0,0,,,
12,BIN-01,1777314699038,804381006442,Shelf 20,1,Cashel Tush Cushion (English & Western),"Tack & Equipment > Bags, Cases & Covers",TC-E2,Style: English,Size: 1/2-Inch,,,,Wellington Warehouse,20.00,20.00,20.00,36.99,0,0,0.014925373,,
0,ROW 4 : LVL 2,1774281614632,890713000158,Grooming/Tack Cleaner,2,Style Stable World Champion Pepi Coat Conditioner,"Horse Care > Grooming & Bathing > Shampoos, Conditioners & Sprays > Detanglers, Shines & Sprays",85-9800,Size: 11.6 Oz,,,,,Wellington Warehouse,7.59,7.59,7.59,10.99,0,0,,,
22,BIN-03,1776354991788,757475560095,Grooming Small,3,Epona April Power Shower Horse Sponge,Horse Care > Grooming & Bathing > Brushes & Tools > Sponges,1089,Title: Default Title,,,,,Wellington Warehouse,3.75,3.75,3.75,9.95,0,0,0.051948052,,
3,BIN-03,1776354991788,757475954214,Grooming Small,3,Epona Ulta Mitt,"Horse Care > Grooming & Bathing > Brushes & Tools > Grooming Gloves, Curry Combs & Deshedding Tools",12423-1,Title: Default Title,,,,,Wellington Warehouse,7.26,7.26,7.26,14.97,0,0,0.036144577,,
12,ROW 4 : LVL 2,1774281614632,736211268211,Grooming/Tack Cleaner,2,E3 Detangles & Shines,"Horse Care > Grooming & Bathing > Shampoos, Conditioners & Sprays > Detanglers, Shines & Sprays",001-50128,Size: Gallon,,,,,Wellington Warehouse,21.37,23.52,25.66,31.99,0,0,0.027777778,Fri May 29 2026 17:05:01 GMT+0000 (Coordinated Universal Time),RJ TRADE SHOW MAY #26055027400
8,ROW 3 : LVL 3,1774281545038,610395266358,Grooming,3,E3 Brightening Shampoo,"Horse Care > Grooming & Bathing > Shampoos, Conditioners, & Sprays > Shampoos",001-110032,Size: 32 Ounces,,,,,Wellington Warehouse,12.30,12.30,12.30,19.06,0,0,,,
5,BIN-04,1776354991789,757475889769,Grooming Small,4,Epona Gummy Scrubby Brush,"Horse Care > Grooming & Bathing > Brushes & Tools > Grooming Gloves, Curry Combs & Deshedding Tools",GUMMY-1014,Color: Assorted,,,,,Wellington Warehouse,6.50,6.50,6.50,12.99,0,0,0.022727273,,
7,ROW 3 : LVL 1,1774281147457,681744201085,Supplements 2,1,Adeptus Allay Buffering Digestion and Calming Supplement,Horse Care > Supplements > Digestive & Gut Health,20108,Size: 4 Pounds,,,,,Wellington Warehouse,21.90,22.15,22.45,27.99,0,0,,,
7,ROW 4 : LVL 3,1774281147463,681744201139,Supplements 2,3,Adeptus Persevere Electrolytes For Horses Supplement,Horse Care > Supplements > Electrolytes & Salt,20113,Size: 4 Pounds,,,,,Wellington Warehouse,18.28,19.77,20.96,27.99,0,0,,,
2,ROW 4 : LVL 2,1774281614632,736211268112,Grooming/Tack Cleaner,2,E3 Detangles & Shines,"Horse Care > Grooming & Bathing > Shampoos, Conditioners & Sprays > Detanglers, Shines & Sprays",001-50032,Size: 32-Ounce Spray,,,,,Wellington Warehouse,10.99,10.99,10.99,16.43,0,0,0.012345679,,
12,ROW 1 : LVL 2,1774281650388,736211268716,Hoof/Treats,2,E3 Hoof Oil Conditioner and Dressing,Horse Care > Grooming & Bathing > Hoof Oils & Conditioner,001-80032,Size: 32 Ounces,,,,,Wellington Warehouse,16.11,18.81,21.51,30.41,0,0,,Fri May 29 2026 18:28:14 GMT+0000 (Coordinated Universal Time),RJ TRADE SHOW MAY #26055027400
4,ROW 1 : LVL 1,1774281650387,863456000204,Hoof/Treats,1,Groom's Hand Thrush Solution,Horse Care > First Aid & Wellness > Hoof Care > Thrush,GHTS35AR,Size: 3.5 Ounces,,,,,Wellington Warehouse,14.13,14.40,14.67,20.99,0,0,,,
4,ROW 2 : LVL 1,1774281650391,815756020833,Hoof/Treats,1,Likit Granola Horse Treat Refill,Horse Care > Treats & Toys > Toys & Licks,GRANAPX8US,Size: 550 Grams,Flavor: Apple,,,,Wellington Warehouse,0.00,1.85,3.70,7.99,0,0,0.035714287,Fri May 29 2026 14:28:40 GMT+0000 (Coordinated Universal Time),RJ TRADE SHOW MAY #26055027400
5,ROW 2 : LVL 1,1774281650391,815756020697,Hoof/Treats,1,Likit Granola Horse Treat Refill,Horse Care > Treats & Toys > Toys & Licks,GRANORX8US,Size: 550 Grams,Flavor: Multigrain,,,,Wellington Warehouse,3.70,3.84,3.98,7.99,0,0,0.11111111,Fri May 29 2026 15:06:41 GMT+0000 (Coordinated Universal Time),RJ TRADE SHOW MAY #26055027400
4,ROW 2 : LVL 1,1774281650391,815756020840,Hoof/Treats,1,Likit Granola Horse Treat Refill,Horse Care > Treats & Toys > Toys & Licks,GRANMBX8US,Size: 550 Grams,Flavor: Mixed Berry,,,,Wellington Warehouse,0.00,1.85,3.70,7.99,0,0,0.023809524,Fri May 29 2026 14:28:48 GMT+0000 (Coordinated Universal Time),RJ TRADE SHOW MAY #26055027400
3,ROW 2 : LVL 1,1774281650391,815756020857,Hoof/Treats,1,Likit Granola Horse Treat Refill,Horse Care > Treats & Toys > Toys & Licks,GRANMIX8US,Size: 550 Grams,Flavor: Mixed Peppermint,,,,Wellington Warehouse,0.00,1.85,3.70,7.99,0,0,0.083333336,Fri May 29 2026 15:06:34 GMT+0000 (Coordinated Universal Time),RJ TRADE SHOW MAY #26055027400
1,BIN 1,1776787262019,635901110291,Bits 1,1,"Myler Eggbutt without Hooks and Forward Tilt Ported Barrel (MB 36, Level 2-3)",Tack & Equipment > Bits > English Bits,89-29367_TK_DS,Size: 5 1/2 inches,,,,,Wellington Warehouse,58.95,58.95,58.95,143.95,0,0,,,
1,ROW 2 : LVL 1,1774281650391,5060667800004,Hoof/Treats,1,Kelcie's Treats Pumpkin Spice Horse Treat,Horse Care > Treats & Toys > Treats,19718-3,Size: 5 Pounds,,,,,Wellington Warehouse,23.87,24.94,26.00,42.95,0,0,0.04,,
3,ROW 2 : LVL 1,1774281650391,630447621027,Hoof/Treats,1,Hilton Herbs Herballs - The Healthy Treat,Horse Care > Treats & Toys > Treats,62102,Size: 4.4 Pounds,,,,,Wellington Warehouse,17.32,17.32,17.32,26.99,0,0,0.032258064,,
0,ROW 1 : LVL 3,1768938712711,851026008286,First Aid,3,Back on Track Limber Up Liniment Gel,Horse Care > First Aid & Wellness > Liniments,1LMBRPG016,Size: 16 Ounces,,,,,Wellington Warehouse,10.77,10.77,10.77,17.95,0,0,,,
8,ROW 2 : LVL 1,1774281650391,5060667800028,Hoof/Treats,1,Kelcie's Treats Pumpkin Spice Horse Treat,Horse Care > Treats & Toys > Treats,WINTER411,Size: 8 Ounces,,,,,Wellington Warehouse,4.00,4.00,4.00,13.95,0,0,0.055555556,,
0,ROW 4 : LVL 4,1774281147464,715401100289,Supplements 2,4,Finish Line Performance Builder Muscle Care for Horses,Horse Care > Supplements > Performance & Energy,18184-2,Size: 1 Gallon,,,,,Wellington Warehouse,60.88,60.88,60.88,74.99,0,4,0.0754717,Thu May 07 2026 15:34:13 GMT+0000 (Coordinated Universal Time),March Trade show order 26055018900
2,LVL 4,1771259569149,9329028948288,Blankets 7,4,Weatherbeeta Anti-Static Fleece Cooler Standard Neck,"Horse Wear > Blankets & Sheets > Coolers, Fleece & Covers",591217,Color: Black,Size: 81,,,,Wellington Warehouse,48.46,48.46,48.46,79.99,0,0,,,
2,LVL 4,1771259569149,9329028948264,Blankets 7,4,Weatherbeeta Anti-Static Fleece Cooler Standard Neck,"Horse Wear > Blankets & Sheets > Coolers, Fleece & Covers",591215,Color: Black,Size: 75,,,,Wellington Warehouse,48.46,48.46,48.46,79.99,0,0,,,
2,LVL 4,1771259569149,9329028948240,Blankets 7,4,Weatherbeeta Anti-Static Fleece Cooler Standard Neck,"Horse Wear > Blankets & Sheets > Coolers, Fleece & Covers",591279,Color: Black,Size: 69,,,,Wellington Warehouse,48.46,48.46,48.46,79.99,0,0,,,
21,ROW 1 : LVL 3,1768938712711,715401590011,First Aid,3,Finish Line Fura-Free Sweat & Salve for Horses,Horse Care > First Aid & Wellness > Wound Care & Topicals,59001,Size: 16 Ounces,,,,,Wellington Warehouse,7.94,7.94,7.94,9.95,0,0,0.28787878,Fri May 29 2026 17:50:43 GMT+0000 (Coordinated Universal Time),RJ TRADE SHOW MAY #26055027400
2,LVL 2,1772124449866,670786016269,Hoof Boots,2,"EasyCare Easyboot Sneaker Narrow Hind Hoof Boot, Single Boot",Tack & Equipment > Boots & Wraps > Hoof Boots,SB-EBSH-00_EC_DS,Size: Size 00,,,,,Wellington Warehouse,42.84,42.84,42.84,78.95,0,0,,,
1,ROW 3 : LVL 3,1774281147459,851393005635,Supplements 2,3,Perfect Prep EQ Prime Paste,Horse Care > Supplements > Calming & Focus,851393005635,Size: 60 cc (1-2 Doses),,,Lot #3389329,2027-11-01,Wellington Warehouse,16.75,16.75,16.75,25.49,0,0,,,
1,LVL 2,1772124449866,670786016276,Hoof Boots,2,"EasyCare Easyboot Sneaker Narrow Hind Hoof Boot, Single Boot",Tack & Equipment > Boots & Wraps > Hoof Boots,SB-EBSH-0_EC_DS,Size: Size 0,,,,,Wellington Warehouse,42.84,42.84,42.84,78.95,0,0,,,
7,ROW 4 : LVL 2,1774281614632,5021544201314,Grooming/Tack Cleaner,2,Carr & Day & Martin Dream Coat,"Horse Care > Grooming & Bathing > Shampoos, Conditioners & Sprays > Detanglers, Shines & Sprays",CC055,Size: 1 Liter,,,,,Wellington Warehouse,12.60,12.60,12.60,24.99,0,0,,,
2,LVL 2,1772124449866,670786016283,Hoof Boots,2,"EasyCare Easyboot Sneaker Narrow Hind Hoof Boot, Single Boot",Tack & Equipment > Boots & Wraps > Hoof Boots,SB-EBSH-1,Size: Size 1,,,,,Wellington Warehouse,42.84,42.84,42.84,78.95,0,0,,,
8,LVL 2,1772124449866,670786016214,Hoof Boots,2,"EasyCare Easyboot Sneaker Regular Front Hoof Boot, Single Boot",Tack & Equipment > Boots & Wraps > Hoof Boots,SB-EBSF-1,Size: Size 1,,,,,Wellington Warehouse,42.84,42.84,42.84,76.00,0,0,,,
0,ROW 3 : LVL 3,1774281147459,851393005789,Supplements 2,3,Perfect Products Lactalex Powder,Horse Care > Supplements > Performance & Energy,851393005789,Size: 1.7 lbs bag,,,,,Wellington Warehouse,146.25,146.25,146.25,225.00,0,0,,,
4,ROW 1 : LVL 1,1774281650387,852664402283,Hoof/Treats,1,SORE NO-MORE Performance Poultice,Horse Care > First Aid & Wellness > Poultices & Hoof Packing,AE007,Size: 23 Pounds,,,,,Wellington Warehouse,108.77,108.77,108.77,177.02,0,0,0.026666667,,
2,LVL 1,1770396427443,7340041133446,Saddle Pads 3,1,Back on Track Mathilda All Purpose Saddle Pad,Tack & Equipment > English Saddle Pads > All Purpose & Hunter/Jumper Saddle Pads,23470003,Color: Black,Size: Full,,,,Wellington Warehouse,34.50,34.50,34.50,69.00,0,0,0.03508772,,
25,ROW 3 : LVL 3,1774281614628,040102127502,Grooming/Tack Cleaner,3,Andis Cool Care Plus for Clipper Blades,"Horse Care > Grooming & Bathing > Clippers, Blades & Accessories",12750,Size: 15.5 Ounces,,,,,Wellington Warehouse,5.87,5.87,5.87,12.99,0,0,0.012048192,,
0,ROW 1 : LVL 1,1774281650387,852664402276,Hoof/Treats,1,SORE NO-MORE Performance Poultice,Horse Care > First Aid & Wellness > Poultices & Hoof Packing,AE006,Size: 5 Pounds,,,,,Wellington Warehouse,27.78,27.78,27.78,44.40,0,8,0.05263158,Wed May 06 2026 18:55:02 GMT+0000 (Coordinated Universal Time),March Trade show order 26055018900
4,BIN-03,1768403023957,782146188049,Shelf 10,3,"Professional's Choice Ballistic Overreach Boots, Pair",Tack & Equipment > Boots & Wraps > Bell Boots,BB252-ROY,Size: Medium,Color: Royal Blue,,,,Wellington Warehouse,22.50,22.50,22.50,38.99,0,0,,,
1,BIN-03,1768403023957,782146262541,Shelf 10,3,"Professional's Choice Ballistic Overreach Boots, Pair",Tack & Equipment > Boots & Wraps > Bell Boots,BB251-ROY,Size: Small,Color: Royal Blue,,,,Wellington Warehouse,22.50,22.50,22.50,38.99,0,0,,,
4,BIN-03,1768403023957,782146156345,Shelf 10,3,"Professional's Choice Ballistic Overreach Boots, Pair",Tack & Equipment > Boots & Wraps > Bell Boots,BB254-BLA,Size: Extra Large,Color: Black,,,,Wellington Warehouse,22.50,22.50,22.50,38.99,0,0,,,
4,BIN-03,1768403023957,782146159865,Shelf 10,3,"Professional's Choice Ballistic Overreach Boots, Pair",Tack & Equipment > Boots & Wraps > Bell Boots,BB251-BLA,Size: Small,Color: Black,,,,Wellington Warehouse,22.50,22.50,22.50,38.99,0,0,,,
4,BIN-03,1768403023957,782146188643,Shelf 10,3,"Professional's Choice Ballistic Overreach Boots, Pair",Tack & Equipment > Boots & Wraps > Bell Boots,BB254-CRI,Size: Extra Large,Color: Crimson Red,,,,Wellington Warehouse,22.50,22.50,22.50,38.99,0,0,,,
6,COUNTS,1782309291232,782146319757,COUNTS,1,"Professional's Choice Men's 5/8"" Sagebrush Spur Strap, Pair",Tack & Equipment > Spurs & Straps > Spur Straps,9381BUR,Color: Burgundy Latigo,,,,,Wellington Warehouse,11.25,11.25,11.25,24.99,0,0,,,
2,BIN-03,1768403023957,782146188575,Shelf 10,3,"Professional's Choice Ballistic Overreach Boots, Pair",Tack & Equipment > Boots & Wraps > Bell Boots,BB252-CHO,Size: Medium,Color: Chocolate,,,,Wellington Warehouse,22.50,22.50,22.50,38.99,0,0,,,
2,BIN-03,1768403023957,782146224938,Shelf 10,3,"Professional's Choice Ballistic Overreach Boots, Pair",Tack & Equipment > Boots & Wraps > Bell Boots,BB255-BLA,Size: XX-Large,Color: Black,,,,Wellington Warehouse,22.50,22.50,22.50,38.99,0,0,,,
11,COUNTS,1782309291232,782146341833,COUNTS,1,"Professional's Choice Cross Stitch Spur Strap, Pair",Tack & Equipment > Spurs & Straps > Spur Straps,3P9015-L,Size: Ladies/Youth,,,,,Wellington Warehouse,20.75,20.75,20.75,35.95,0,0,,,
4,BIN-03,1768403023957,782146262558,Shelf 10,3,"Professional's Choice Ballistic Overreach Boots, Pair",Tack & Equipment > Boots & Wraps > Bell Boots,BB251-WHI,Size: Small,Color: White,,,,Wellington Warehouse,22.50,22.50,22.50,38.99,0,0,,,
0,BIN-03,1768403023957,782146225133,Shelf 10,3,"Professional's Choice Ballistic Overreach Boots, Pair",Tack & Equipment > Boots & Wraps > Bell Boots,BB256-BLA,Size: XXX-Large,Color: Black,,,,Wellington Warehouse,22.50,22.50,22.50,38.99,0,0,,,
2,BIN-03,1768403023957,782146187950,Shelf 10,3,"Professional's Choice Ballistic Overreach Boots, Pair",Tack & Equipment > Boots & Wraps > Bell Boots,BB253-ROY,Size: Large,Color: Royal Blue,,,,Wellington Warehouse,22.50,22.50,22.50,38.99,0,0,,,
2,COUNTS,1782309291232,782146341840,COUNTS,1,"Professional's Choice Cross Stitch Spur Strap, Pair",Tack & Equipment > Spurs & Straps > Spur Straps,3P9015-M,Size: Men,,,,,Wellington Warehouse,20.75,20.75,20.75,35.95,0,0,,,
15,BIN-05,1777314699042,782146319658,Shelf 20,5,Professional's Choice Ultimate Cinch Tie Strap,Tack & Equipment > Girths & Cinches > Western Cinches,93554BUR,Color: Burgundy,"Size: 1 3/4"" x 75""",,,,Wellington Warehouse,21.50,21.50,21.50,37.99,0,0,,,
0,Grid wall,1770916055031,782146221593,Girths,1,Professional's Choice SMx English Girth Merino,Tack & Equipment > Girths & Cinches > English Girths > Hunter/Jumper Girths,EGM52-CHO,Color: Chocolate,Size: 52-Inch,,,,Wellington Warehouse,58.50,58.50,58.50,122.99,0,0,,,
1,Grid wall,1770916055031,782146334248,Girths,1,Professional's Choice Contoured VenTECH™ Cinch with Fleece Liner,Tack & Equipment > Girths & Cinches > Western Cinches,CCF-32BLA,Size: 32-Inch,,,,,Wellington Warehouse,88.25,88.25,88.25,168.99,0,0,,,
0,Grid wall,1770916055031,782146221616,Girths,1,Professional's Choice SMx English Girth Merino,Tack & Equipment > Girths & Cinches > English Girths > Hunter/Jumper Girths,EGM54-CHO,Color: Chocolate,Size: 54-Inch,,,,Wellington Warehouse,58.50,58.50,58.50,122.99,0,0,,,
0,Grid wall,1770916055031,782146237273,Girths,1,Professional's Choice SMx VenTECH English Girth,Tack & Equipment > Girths & Cinches > English Girths > Hunter/Jumper Girths,EGV50-CHO,Color: Chocolate Brown,Size: 50-Inch,,,,Wellington Warehouse,61.75,61.75,61.75,129.99,0,0,,,
0,Grid wall,1770916055031,782146237242,Girths,1,Professional's Choice SMx VenTECH English Girth,Tack & Equipment > Girths & Cinches > English Girths > Hunter/Jumper Girths,EGV48-BLA,Color: Black,Size: 48-Inch,,,,Wellington Warehouse,61.75,61.75,61.75,129.99,0,0,,,
0,Grid wall,1770916055031,782146120353,Girths,1,Professional's Choice SMx English Girth,Tack & Equipment > Girths & Cinches > English Girths > Hunter/Jumper Girths,EG42-BROWN,Color: Brown,Size: 42-Inch,,,,Wellington Warehouse,53.25,53.25,53.25,111.99,0,0,,,
0,Grid wall,1770916055031,782146221579,Girths,1,Professional's Choice SMx English Girth Merino,Tack & Equipment > Girths & Cinches > English Girths > Hunter/Jumper Girths,EGM50-CHO,Color: Chocolate,Size: 50-Inch,,,,Wellington Warehouse,58.50,58.50,58.50,122.99,0,0,,,
0,Grid wall,1770916055031,782146120438,Girths,1,Professional's Choice SMx English Girth,Tack & Equipment > Girths & Cinches > English Girths > Hunter/Jumper Girths,EG50-BROWN,Color: Brown,Size: 50-Inch,,,,Wellington Warehouse,53.25,53.25,53.25,111.99,0,0,,,
0,LVL 3,1770840424778,782146120438,Blankets 5,3,Professional's Choice SMx English Girth,Tack & Equipment > Girths & Cinches > English Girths > Hunter/Jumper Girths,EG50-BROWN,Color: Brown,Size: 50-Inch,,,,Wellington Warehouse,53.25,53.25,53.25,111.99,0,0,,,
0,Grid wall,1770916055031,782146237600,Girths,1,Professional's Choice SMx VenTECH English Girth,Tack & Equipment > Girths & Cinches > English Girths > Hunter/Jumper Girths,EGV44-CHO,Color: Chocolate Brown,Size: 44-Inch,,,,Wellington Warehouse,61.75,61.75,61.75,129.99,0,0,,,
1,LVL 3,1770840424778,782146236368,Blankets 5,3,Professional's Choice SMx VenTECH Western Cinch,Tack & Equipment > Girths & Cinches > Western Cinches,CV30-CHO,Size: 30 inches,Color: Chocolate,,,,Wellington Warehouse,51.75,51.75,51.75,98.99,0,0,,,
2,Grid wall,1770916055031,782146236368,Girths,1,Professional's Choice SMx VenTECH Western Cinch,Tack & Equipment > Girths & Cinches > Western Cinches,CV30-CHO,Size: 30 inches,Color: Chocolate,,,,Wellington Warehouse,51.75,51.75,51.75,98.99,0,0,,,
0,Grid wall,1770916055031,782146237310,Girths,1,Professional's Choice SMx VenTECH English Girth,Tack & Equipment > Girths & Cinches > English Girths > Hunter/Jumper Girths,EGV54-CHO,Color: Chocolate Brown,Size: 54-Inch,,,,Wellington Warehouse,61.75,61.75,61.75,129.99,0,0,,,
0,Grid wall,1770916055031,782146154440,Girths,1,Professional's Choice SMx English Girth,Tack & Equipment > Girths & Cinches > English Girths > Hunter/Jumper Girths,EG54-BROWN,Color: Brown,Size: 54-Inch,,,,Wellington Warehouse,53.25,53.25,53.25,111.99,0,0,,,
0,Grid wall,1770916055031,782146221517,Girths,1,Professional's Choice SMx English Girth Merino,Tack & Equipment > Girths & Cinches > English Girths > Hunter/Jumper Girths,EGM44-CHO,Color: Chocolate,Size: 44-Inch,,,,Wellington Warehouse,58.50,58.50,58.50,122.99,0,0,,,
0,Grid wall,1770916055031,782146221555,Girths,1,Professional's Choice SMx English Girth Merino,Tack & Equipment > Girths & Cinches > English Girths > Hunter/Jumper Girths,EGM48-CHO,Color: Chocolate,Size: 48-Inch,,,,Wellington Warehouse,58.50,58.50,58.50,122.99,0,0,,,
2,Grid wall,1770916055031,782146334255,Girths,1,Professional's Choice Contoured VenTECH™ Cinch with Fleece Liner,Tack & Equipment > Girths & Cinches > Western Cinches,CCF-34BLA,Size: 34-Inch,,,,,Wellington Warehouse,88.25,88.25,88.25,168.99,0,0,,,
0,Grid wall,1770916055031,782146221494,Girths,1,Professional's Choice SMx English Girth Merino,Tack & Equipment > Girths & Cinches > English Girths > Hunter/Jumper Girths,EGM42-CHO,Color: Chocolate,Size: 42-Inch,,,,Wellington Warehouse,58.50,58.50,58.50,122.99,0,0,,,
0,Grid wall,1770916055031,782146237303,Girths,1,Professional's Choice SMx VenTECH English Girth,Tack & Equipment > Girths & Cinches > English Girths > Hunter/Jumper Girths,EGV54-BLA,Color: Black,Size: 54-Inch,,,,Wellington Warehouse,61.75,61.75,61.75,129.99,0,0,,,
0,LVL 3,1770840424778,782146237303,Blankets 5,3,Professional's Choice SMx VenTECH English Girth,Tack & Equipment > Girths & Cinches > English Girths > Hunter/Jumper Girths,EGV54-BLA,Color: Black,Size: 54-Inch,,,,Wellington Warehouse,61.75,61.75,61.75,129.99,0,0,,,
3,LVL 3,1770840424778,782146236344,Blankets 5,3,Professional's Choice SMx VenTECH Western Cinch,Tack & Equipment > Girths & Cinches > Western Cinches,CV28-CHO,Size: 28 inches,Color: Chocolate,,,,Wellington Warehouse,51.75,51.75,51.75,98.99,0,0,,,
2,Grid wall,1770916055031,782146236344,Girths,1,Professional's Choice SMx VenTECH Western Cinch,Tack & Equipment > Girths & Cinches > Western Cinches,CV28-CHO,Size: 28 inches,Color: Chocolate,,,,Wellington Warehouse,51.75,51.75,51.75,98.99,0,0,,,
1,Grid wall,1770916055031,782146236399,Girths,1,Professional's Choice SMx VenTECH Western Cinch,Tack & Equipment > Girths & Cinches > Western Cinches,CV34-BLA,Size: 34 inches,Color: Black,,,,Wellington Warehouse,51.75,51.75,51.75,98.99,0,0,,,
1,Grid wall,1770916055031,782146236337,Girths,1,Professional's Choice SMx VenTECH Western Cinch,Tack & Equipment > Girths & Cinches > Western Cinches,CV28-BLA,Size: 28 inches,Color: Black,,,,Wellington Warehouse,51.75,51.75,51.75,98.99,0,0,,,
0,Grid wall,1770916055031,782146221470,Girths,1,Professional's Choice SMx English Girth Merino,Tack & Equipment > Girths & Cinches > English Girths > Hunter/Jumper Girths,EGM40-CHO,Color: Chocolate,Size: 40-Inch,,,,Wellington Warehouse,58.50,58.50,58.50,122.99,0,0,,,
0,Grid wall,1770916055031,782146237266,Girths,1,Professional's Choice SMx VenTECH English Girth,Tack & Equipment > Girths & Cinches > English Girths > Hunter/Jumper Girths,EGV50-BLA,Color: Black,Size: 50-Inch,,,,Wellington Warehouse,61.75,61.75,61.75,129.99,0,0,,,
0,LVL 3,1770840424778,782146237266,Blankets 5,3,Professional's Choice SMx VenTECH English Girth,Tack & Equipment > Girths & Cinches > English Girths > Hunter/Jumper Girths,EGV50-BLA,Color: Black,Size: 50-Inch,,,,Wellington Warehouse,61.75,61.75,61.75,129.99,0,0,,,
0,Grid wall,1770916055031,782146120414,Girths,1,Professional's Choice SMx English Girth,Tack & Equipment > Girths & Cinches > English Girths > Hunter/Jumper Girths,EG48-BROWN,Color: Brown,Size: 48-Inch,,,,Wellington Warehouse,53.25,53.25,53.25,111.99,0,0,,,
0,LVL 3,1770840424778,782146120414,Blankets 5,3,Professional's Choice SMx English Girth,Tack & Equipment > Girths & Cinches > English Girths > Hunter/Jumper Girths,EG48-BROWN,Color: Brown,Size: 48-Inch,,,,Wellington Warehouse,53.25,53.25,53.25,111.99,0,0,,,
2,Grid wall,1770916055031,782146236351,Girths,1,Professional's Choice SMx VenTECH Western Cinch,Tack & Equipment > Girths & Cinches > Western Cinches,CV30-BLA,Size: 30 inches,Color: Black,,,,Wellington Warehouse,51.75,51.75,51.75,98.99,0,0,,,
1,LVL 3,1770840424778,782146236405,Blankets 5,3,Professional's Choice SMx VenTECH Western Cinch,Tack & Equipment > Girths & Cinches > Western Cinches,CV34-CHO,Size: 34 inches,Color: Chocolate,,,,Wellington Warehouse,51.75,51.75,51.75,98.99,0,0,,,
1,Grid wall,1770916055031,782146236405,Girths,1,Professional's Choice SMx VenTECH Western Cinch,Tack & Equipment > Girths & Cinches > Western Cinches,CV34-CHO,Size: 34 inches,Color: Chocolate,,,,Wellington Warehouse,51.75,51.75,51.75,98.99,0,0,,,
0,Grid wall,1770916055031,782146237297,Girths,1,Professional's Choice SMx VenTECH English Girth,Tack & Equipment > Girths & Cinches > English Girths > Hunter/Jumper Girths,EGV52-CHO,Color: Chocolate Brown,Size: 52-Inch,,,,Wellington Warehouse,61.75,61.75,61.75,129.99,0,0,,,
8,BIN-05,1767722157719,782146242895,Shelf 7,5,Professional's Choice Equisential Hay Bag,Stable > Stable Supplies > Hay Nets & Bags,EQHB-BLA,Color: Black,Size: 24 Inches x 19 Inches,,,,Wellington Warehouse,28.00,28.00,28.00,49.99,0,0,,,
0,Grid wall,1770916055031,782146237259,Girths,1,Professional's Choice SMx VenTECH English Girth,Tack & Equipment > Girths & Cinches > English Girths > Hunter/Jumper Girths,EGV48-CHO,Color: Chocolate Brown,Size: 48-Inch,,,,Wellington Warehouse,61.75,61.75,61.75,129.99,0,0,,,
1,LVL 3,1770840424778,782146242574,Blankets 5,3,Professional's Choice SMx VenTECH Western Cinch,Tack & Equipment > Girths & Cinches > Western Cinches,CV26-CHO,Size: 26 inches,Color: Chocolate,,,,Wellington Warehouse,51.75,51.75,51.75,98.99,0,0,,,
2,Grid wall,1770916055031,782146242574,Girths,1,Professional's Choice SMx VenTECH Western Cinch,Tack & Equipment > Girths & Cinches > Western Cinches,CV26-CHO,Size: 26 inches,Color: Chocolate,,,,Wellington Warehouse,51.75,51.75,51.75,98.99,0,0,,,
1,Grid wall,1770916055031,782146236375,Girths,1,Professional's Choice SMx VenTECH Western Cinch,Tack & Equipment > Girths & Cinches > Western Cinches,CV32-BLA,Size: 32 inches,Color: Black,,,,Wellington Warehouse,51.75,51.75,51.75,98.99,0,0,,,
6,LVL 3,1770840424778,782146236375,Blankets 5,3,Professional's Choice SMx VenTECH Western Cinch,Tack & Equipment > Girths & Cinches > Western Cinches,CV32-BLA,Size: 32 inches,Color: Black,,,,Wellington Warehouse,51.75,51.75,51.75,98.99,0,0,,,
0,Grid wall,1770916055031,782146237181,Girths,1,Professional's Choice SMx VenTECH English Girth,Tack & Equipment > Girths & Cinches > English Girths > Hunter/Jumper Girths,EGV40-CHO,Color: Chocolate Brown,Size: 40-Inch,,,,Wellington Warehouse,61.75,61.75,61.75,129.99,0,0,,,
1,Grid wall,1770916055031,782146236412,Girths,1,Professional's Choice SMx VenTECH Western Cinch,Tack & Equipment > Girths & Cinches > Western Cinches,Cv36-BLA,Size: 36 inches,Color: Black,,,,Wellington Warehouse,51.75,51.75,51.75,98.99,0,0,,,
0,Grid wall,1770916055031,782146237280,Girths,1,Professional's Choice SMx VenTECH English Girth,Tack & Equipment > Girths & Cinches > English Girths > Hunter/Jumper Girths,EGV52-BLA,Color: Black,Size: 52-Inch,,,,Wellington Warehouse,61.75,61.75,61.75,129.99,0,0,,,
0,LVL 3,1770840424778,782146237280,Blankets 5,3,Professional's Choice SMx VenTECH English Girth,Tack & Equipment > Girths & Cinches > English Girths > Hunter/Jumper Girths,EGV52-BLA,Color: Black,Size: 52-Inch,,,,Wellington Warehouse,61.75,61.75,61.75,129.99,0,0,,,
0,Grid wall,1770916055031,782146237235,Girths,1,Professional's Choice SMx VenTECH English Girth,Tack & Equipment > Girths & Cinches > English Girths > Hunter/Jumper Girths,EGV46-CHO,Color: Chocolate Brown,Size: 46-Inch,,,,Wellington Warehouse,61.75,61.75,61.75,129.99,0,0,,,
1,Grid wall,1770916055031,782146236382,Girths,1,Professional's Choice SMx VenTECH Western Cinch,Tack & Equipment > Girths & Cinches > Western Cinches,CV32-CHO,Size: 32 inches,Color: Chocolate,,,,Wellington Warehouse,51.75,51.75,51.75,98.99,0,0,,,
5,BIN-02,1767722157722,782146282228,Shelf 7,2,Professional's Choice Deep Trailer Corner Feeder,Stable > Stable Supplies > Feed & Water Buckets,HA-310,Color: Black,"Size: 23 1/2"" x 28"" x 34"" x 16"" deep",,,,Wellington Warehouse,24.25,24.25,24.25,39.99,0,0,,,
3,BIN-04,1767553027610,782146231097,Shelf 4,4,"Professional's Choice SMB-3 Sports Medicine Boot, Pair",Tack & Equipment > Boots & Wraps > Protective Boots > Front Boots,SMB3M-WHI,Size: Medium,Color: White,,,,Wellington Warehouse,59.75,59.75,59.75,103.99,0,0,,,
10,BIN-01,1768403067585,782146255437,Shelf 12,1,"Professional's Choice Polo Wraps, Set of four",Tack & Equipment > Boots & Wraps > Leg Wraps,PCPW-WHI,Color: White,"Size: 5"" wide x 9' long",,,,Wellington Warehouse,13.00,13.00,13.00,25.99,0,0,,,
3,BIN-04,1767553027610,782146231202,Shelf 4,4,"Professional's Choice SMB-3 Sports Medicine Boot, Pair",Tack & Equipment > Boots & Wraps > Protective Boots > Front Boots,SMB3S-WHI,Size: Small,Color: White,,,,Wellington Warehouse,59.75,59.75,59.75,103.99,0,0,,,
14,BIN-04,1767553027610,782146230861,Shelf 4,4,"Professional's Choice SMB-3 Sports Medicine Boot, Pair",Tack & Equipment > Boots & Wraps > Protective Boots > Front Boots,SMB3L-BLA,Size: Large,Color: Black,,,,Wellington Warehouse,59.75,59.75,59.75,103.99,0,0,,,
6,BIN-04,1767553027610,782146230854,Shelf 4,4,"Professional's Choice SMB-3 Sports Medicine Boot, Pair",Tack & Equipment > Boots & Wraps > Protective Boots > Front Boots,SMB3S-BLA,Size: Small,Color: Black,,,,Wellington Warehouse,59.75,59.75,59.75,103.99,0,0,,,
1,BIN-01,1768403067585,782146255413,Shelf 12,1,"Professional's Choice Polo Wraps, Set of four",Tack & Equipment > Boots & Wraps > Leg Wraps,PCPW-BLA,Color: Black,"Size: 5"" wide x 9' long",,,,Wellington Warehouse,13.00,13.00,13.00,25.95,0,0,,,
2,BIN-04,1767553027610,782146230977,Shelf 4,4,"Professional's Choice SMB-3 Sports Medicine Boot, Pair",Tack & Equipment > Boots & Wraps > Protective Boots > Front Boots,SMB3L-WHI,Size: Large,Color: White,,,,Wellington Warehouse,59.75,59.75,59.75,103.99,0,0,,,
4,BIN-02,1767722157722,782146338345,Shelf 7,2,Professional's Choice Tack Tote,Horse Care > Grooming & Bathing > Brushes & Tools > Grooming Bags,PC-TT-SAN,Color: Santiago,,,,,Wellington Warehouse,25.25,25.25,25.25,44.99,0,0,,,
0,BIN-03,1767722157721,782146167488,Shelf 7,3,Professional's Choice Trailer Door Caddy,Stable > Stable Organizers > Organizing Bags,HA-500,Color: Black,"Size: 24"" wide x 27"" tall",,,,Wellington Warehouse,24.25,24.25,24.25,43.99,0,0,,,
0,ROW 3 : LVL 4,1774281545039,705756600503,Grooming,4,Tail Tamer Slick Bands,Horse Care > Grooming & Bathing > Brushes & Tools > Braiding,SBND-BLK,Quantity: 400-count,Color: Black,,,,Wellington Warehouse,3.75,3.75,3.75,6.95,0,0,0.041666668,,
0,ROW 3 : LVL 3,1774281614628,705756600503,Grooming/Tack Cleaner,3,Tail Tamer Slick Bands,Horse Care > Grooming & Bathing > Brushes & Tools > Braiding,SBND-BLK,Quantity: 400-count,Color: Black,,,,Wellington Warehouse,3.75,3.75,3.75,6.95,0,0,0.041666668,,
3,Grid wall,1770916055031,782146222149,Girths,1,Professional's Choice SMx Comfort-Fit Western Merino Cinch,Tack & Equipment > Girths & Cinches > Western Cinches,WCM36-CHO,Size: 36 inches,,,,,Wellington Warehouse,49.00,49.00,49.00,93.99,0,0,,,
1,BIN-04,1767553027610,782146339571,Shelf 4,4,"Professional's Choice 2XCOOL Sports Medicine Boot, Front Pair",Tack & Equipment > Boots & Wraps > Therapeutic Boots,XCFL-ROY,Size: Large,Color: Royal Blue,,,,Wellington Warehouse,68.75,68.75,68.75,118.99,0,0,,,
1,BIN-04,1767553027610,782146336273,Shelf 4,4,"Professional's Choice 2XCOOL Sports Medicine Boot, Front Pair",Tack & Equipment > Boots & Wraps > Therapeutic Boots,XCFM-BLA,Size: Medium,Color: Black,,,,Wellington Warehouse,68.75,68.75,68.75,118.99,0,0,,,
2,BIN-04,1767553027610,782146336396,Shelf 4,4,"Professional's Choice 2XCOOL Sports Medicine Boot, Front Pair",Tack & Equipment > Boots & Wraps > Therapeutic Boots,XCFS-WHI,Size: Small,Color: White,,,,Wellington Warehouse,68.75,68.75,68.75,118.99,0,0,,,
5,BIN-04,1767553027610,782146336341,Shelf 4,4,"Professional's Choice 2XCOOL Sports Medicine Boot, Front Pair",Tack & Equipment > Boots & Wraps > Therapeutic Boots,XCFS-BLA,Size: Small,Color: Black,,,,Wellington Warehouse,68.75,68.75,68.75,118.99,0,0,,,
3,BIN 1,1776787211212,782146220428,Gloves,1,Professional's Choice Tail Wrap,Horse Care > Grooming & Bathing > Tails & Tail Bags,TW100-CRI,Color: Crimson Red,,,,,Wellington Warehouse,19.75,19.75,19.75,25.99,0,0,,,
1,Grid wall,1770916055031,782146222088,Girths,1,Professional's Choice SMx Comfort-Fit Western Merino Cinch,Tack & Equipment > Girths & Cinches > Western Cinches,WCM30-CHO,Size: 30 inches,,,,,Wellington Warehouse,49.00,49.00,49.00,93.99,0,0,,,
9,Grid wall,1770916055031,782146224402,Girths,1,Professional's Choice SMx Comfort-Fit Western Merino Cinch,Tack & Equipment > Girths & Cinches > Western Cinches,WCM26-CHO,Size: 26 inches,,,,,Wellington Warehouse,49.00,49.00,49.00,93.99,0,0,,,
0,BIN 1,1776787211212,782146338406,Gloves,1,Tail Tamer Trophy Tails Tail Bag,Horse Care > Grooming & Bathing > Tails & Tail Bags,T-BAG-SAN,Color: Santiago,,,,,Wellington Warehouse,8.75,8.75,8.75,13.95,0,0,0.016393442,,
2,Grid wall,1770916055031,782146222064,Girths,1,Professional's Choice SMx Comfort-Fit Western Merino Cinch,Tack & Equipment > Girths & Cinches > Western Cinches,WCM28-CHO,Size: 28 inches,,,,,Wellington Warehouse,49.00,49.00,49.00,93.99,0,0,,,
3,BIN-04,1767553027610,782146336259,Shelf 4,4,"Professional's Choice 2XCOOL Sports Medicine Boot, Front Pair",Tack & Equipment > Boots & Wraps > Therapeutic Boots,XCFL-WHI,Size: Large,Color: White,,,,Wellington Warehouse,68.75,68.75,68.75,118.99,0,0,,,
6,BIN-04,1767553027610,782146336204,Shelf 4,4,"Professional's Choice 2XCOOL Sports Medicine Boot, Front Pair",Tack & Equipment > Boots & Wraps > Therapeutic Boots,XCFL-BLA,Size: Large,Color: Black,,,,Wellington Warehouse,68.75,68.75,68.75,118.99,0,0,,,
3,BIN-04,1767553027610,782146336327,Shelf 4,4,"Professional's Choice 2XCOOL Sports Medicine Boot, Front Pair",Tack & Equipment > Boots & Wraps > Therapeutic Boots,XCFM-WHI,Size: Medium,Color: White,,,,Wellington Warehouse,68.75,68.75,68.75,118.99,0,0,,,
4,BIN 1,1776787211212,782146152200,Gloves,1,Professional's Choice Tail Wrap,Horse Care > Grooming & Bathing > Tails & Tail Bags,TW100-ROYAL,Color: Royal Blue,,,,,Wellington Warehouse,19.75,19.75,19.75,25.99,0,0,,,
4,BIN-05,1767553027611,782146336136,Shelf 4,5,"Professional's Choice 2XCOOL Sports Medicine Boot, Set of four",Tack & Equipment > Boots & Wraps > Therapeutic Boots,XC4S-BLA,Size: Small,Color: Black,,,,Wellington Warehouse,121.50,121.50,121.50,209.99,0,0,,,
6,BIN-05,1767553027611,782146335993,Shelf 4,5,"Professional's Choice 2XCOOL Sports Medicine Boot, Set of four",Tack & Equipment > Boots & Wraps > Therapeutic Boots,XC4L-BLA,Size: Large,Color: Black,,,,Wellington Warehouse,121.50,121.50,121.50,209.99,0,0,,,
4,BIN-03,1767553027609,782146231561,Shelf 4,3,Professional's Choice SMB-3 Sports Medicine Boot Value 4-Pack,Tack & Equipment > Boots & Wraps > Protective Boots > Hind Boots,SMB34S-WHI,Color: White,Size: Small,,,,Wellington Warehouse,110.25,110.25,110.25,189.99,0,0,,,
0,Grid wall,1770916055031,9329029405162,Girths,1,Kincade Chafeless Fleece Girth,Tack & Equipment > Girths & Cinches > English Girths > Hunter/Jumper Girths,340277,Color: Brown/White,"Size: 56""",,,,Wellington Warehouse,30.00,30.00,30.00,45.99,0,0,,,
0,Grid wall,1770916055031,9329029405094,Girths,1,Kincade Chafeless Fleece Girth,Tack & Equipment > Girths & Cinches > English Girths > Hunter/Jumper Girths,340270,Color: Brown/White,"Size: 42""",,,,Wellington Warehouse,30.00,30.00,30.00,45.99,0,0,,,
1,BIN-05,1767553027611,782146336112,Shelf 4,5,"Professional's Choice 2XCOOL Sports Medicine Boot, Set of four",Tack & Equipment > Boots & Wraps > Therapeutic Boots,XC4M-WHI,Size: Medium,Color: White,,,,Wellington Warehouse,121.50,121.50,121.50,209.99,0,0,,,
4,BIN-03,1767553027609,782146231219,Shelf 4,3,Professional's Choice SMB-3 Sports Medicine Boot Value 4-Pack,Tack & Equipment > Boots & Wraps > Protective Boots > Hind Boots,SMB34L-BLA,Color: Black,Size: Large,,,,Wellington Warehouse,110.25,110.25,110.25,189.99,0,0,,,
6,BIN-03,1767553027609,782146231325,Shelf 4,3,Professional's Choice SMB-3 Sports Medicine Boot Value 4-Pack,Tack & Equipment > Boots & Wraps > Protective Boots > Hind Boots,SMB34L-WHI,Color: White,Size: Large,,,,Wellington Warehouse,110.25,110.25,110.25,189.99,0,0,,,
3,BIN-03,1767553027609,782146231455,Shelf 4,3,Professional's Choice SMB-3 Sports Medicine Boot Value 4-Pack,Tack & Equipment > Boots & Wraps > Protective Boots > Hind Boots,SMB34S-BLA,Color: Black,Size: Small,,,,Wellington Warehouse,110.25,110.25,110.25,189.99,0,0,,,
6,BIN-05,1767553027611,782146336044,Shelf 4,5,"Professional's Choice 2XCOOL Sports Medicine Boot, Set of four",Tack & Equipment > Boots & Wraps > Therapeutic Boots,XC4L-WHI,Size: Large,Color: White,,,,Wellington Warehouse,121.50,121.50,121.50,209.99,0,0,,,
5,BIN-05,1767553027611,782146336068,Shelf 4,5,"Professional's Choice 2XCOOL Sports Medicine Boot, Set of four",Tack & Equipment > Boots & Wraps > Therapeutic Boots,XC4M-BLA,Size: Medium,Color: Black,,,,Wellington Warehouse,121.50,121.50,121.50,209.99,0,0,,,
0,Grid wall,1770916055031,9329029405155,Girths,1,Kincade Chafeless Fleece Girth,Tack & Equipment > Girths & Cinches > English Girths > Hunter/Jumper Girths,340276,Color: Brown/White,"Size: 54""",,,,Wellington Warehouse,30.00,30.00,30.00,45.99,0,0,,,
4,BIN-05,1767553027611,782146336181,Shelf 4,5,"Professional's Choice 2XCOOL Sports Medicine Boot, Set of four",Tack & Equipment > Boots & Wraps > Therapeutic Boots,XC4S-WHI,Size: Small,Color: White,,,,Wellington Warehouse,121.50,121.50,121.50,209.99,0,0,,,
0,ROW 1 : LVL 1,1774281650387,4102460110704,Hoof/Treats,1,Effol Brush Fix,Horse Care > Grooming & Bathing > Brushes & Tools > Hoof Picks & Hoof Brushes,11070000,Title: Default Title,,,,,Wellington Warehouse,5.10,5.10,5.10,9.49,0,0,,,
2,ROW 1 : LVL 1,1774281650387,5425016902721,Hoof/Treats,1,Cavalor Dry Feet Natural,Horse Care > First Aid & Wellness > Hoof Care > Thrush,82990904,Size: 250 Milliliters,,,,,Wellington Warehouse,20.39,20.39,20.39,29.99,0,0,0.05263158,,
0,BIN 1,1776787262019,4022853162199,Bits 1,1,Herm Sprenger Duo Loose Ring 16 mm,Tack & Equipment > Bits > English Bits,40801 125 00,Material: Plastic white,Size: 5 inches,,,,Wellington Warehouse,47.10,47.10,47.10,102.80,0,0,0.01754386,,
0,BIN 1,1776787262019,4022853203670,Bits 1,1,Herm Sprenger KK ULTRA Baucher 16 mm Double-Jointed,Tack & Equipment > Bits > English Bits,41081 145 78,Material: Sensogan,Size: 5 3/4 inches,,,,Wellington Warehouse,115.80,115.80,115.80,235.90,0,0,,,
1,BIN-03,1777314699040,723161252278,Shelf 20,3,Tory Leather Single Ply Leather Split Reins with Brass Snaps,"Tack & Equipment > Bridles, Headstalls & Reins > Western Headstalls & Reins > Reins",252B,Color: Black,"Size: 5/8"" x 7'",,,,Wellington Warehouse,25.60,25.60,25.60,39.99,0,0,,,
115,ROW 5 : LVL 6,1769190184156,041535001421,Fly sprays,6,Starbar Trap 'N Toss Disposable Fly Trap,Horse Care > Fly & Insect Control > Fly Sprays & Traps,100520149,Title: Default Title,,,,,Wellington Warehouse,0.00,2.89,5.77,6.94,0,0,0.093023255,Fri May 29 2026 18:17:17 GMT+0000 (Coordinated Universal Time),RJ TRADE SHOW MAY #26055027400
4,ROW 1 : LVL 1,1767888349952,815756020710,Supplements 1,1,Likit Himalayan Rock Salt,Horse Care > Treats & Toys > Toys & Licks,BLIC6US,Title: Default Title,,,,,Wellington Warehouse,4.68,4.68,4.68,7.99,0,0,0.14285715,,
19,ROW 4 : LVL 2,1774281614632,674422115071,Grooming/Tack Cleaner,2,Shapley's Hi-Gloss Finishing Spray,"Horse Care > Grooming & Bathing > Shampoos, Conditioners & Sprays > Detanglers, Shines & Sprays",HGDS,Size: 12 Ounces,,,,,Wellington Warehouse,9.58,9.58,9.58,12.95,0,0,,Fri May 29 2026 16:44:59 GMT+0000 (Coordinated Universal Time),RJ TRADE SHOW MAY #26055027400
12,ROW 5 : LVL 1,1774281422019,086621751132,Supplements 3,1,Horse Health Products Apple-Dex Electrolyte Supplement,Horse Care > Supplements > Electrolytes & Salt,75113,Size: 30 Pounds,,,,,Wellington Warehouse,51.26,52.79,54.31,59.99,0,0,0.011904762,,
12,ROW 4 : LVL 3,1774281147463,086621751101,Supplements 2,3,Horse Health Products Apple-Dex Electrolyte Supplement,Horse Care > Supplements > Electrolytes & Salt,75110,Size: 5 Pounds,,,,,Wellington Warehouse,10.05,10.05,10.05,15.99,0,0,,,
4,BIN-02,1768403023956,4060795952393,Shelf 10,2,"Eskadron Neoprene Bell Boots, Pair",Tack & Equipment > Boots & Wraps > Bell Boots,670000 619 370 9/S,Color: Navy,Size: Small,,,,Wellington Warehouse,25.00,25.00,25.00,32.99,0,0,,,
1,BIN-02,1768403023956,4060795952355,Shelf 10,2,"Eskadron Neoprene Bell Boots, Pair",Tack & Equipment > Boots & Wraps > Bell Boots,670000 619 290 9/M,Color: Black,Size: Medium,,,,Wellington Warehouse,25.00,25.00,25.00,32.99,0,0,,,
0,BIN-01,1767553027607,4060795943384,Shelf 4,1,"Eskadron Ankle Boots, Pair",Tack & Equipment > Boots & Wraps > Protective Boots > Hind Boots,520000 615 080 29/FULL,Size: Horse,Color: Dark Brown,,,,Wellington Warehouse,27.50,27.50,27.50,44.99,0,0,,,
0,ROW 3 : LVL 3,1774281147459,865524000208,Supplements 2,3,SynNutra SynChill Gel,Horse Care > Supplements > Calming & Focus,SNSC-1,Size: Single Syringe,,,,,Wellington Warehouse,10.84,10.84,10.84,15.49,0,0,,,
2,BIN-02,1768403023956,4060795952348,Shelf 10,2,"Eskadron Neoprene Bell Boots, Pair",Tack & Equipment > Boots & Wraps > Bell Boots,670000 619 290 9/S,Color: Black,Size: Small,,,,Wellington Warehouse,25.00,25.00,25.00,32.99,0,0,,,
1,BIN-02,1768403023956,4060795952409,Shelf 10,2,"Eskadron Neoprene Bell Boots, Pair",Tack & Equipment > Boots & Wraps > Bell Boots,670000 619 370 9/M,Color: Navy,Size: Medium,,,,Wellington Warehouse,25.00,25.00,25.00,32.99,0,0,,,
2,BIN-02,1768403023956,4060795953154,Shelf 10,2,"Eskadron Pikosoft Bell Boots, Pair",Tack & Equipment > Boots & Wraps > Bell Boots,670000 775 290 9/S,Color: Black,Size: Small,,,,Wellington Warehouse,35.00,35.00,35.00,54.99,0,0,,,
5,Other,1777650559284,351455712,C,1,Corro Tryon Eco-Friendly Equestrian Backpack,Rider > Bags > Backpacks,FALL211,Title: Default Title,,,,,Wellington Warehouse,13.00,13.00,13.00,89.99,0,0,,,
24,ROW 3 : LVL 4,1774281545039,688673001557,Grooming,4,Super Bands Braiding Bands,Horse Care > Grooming & Bathing > Brushes & Tools > Braiding,BNDWH,Color: White,,,,,Wellington Warehouse,4.59,4.83,5.06,8.99,0,0,0.05,Fri May 08 2026 20:09:34 GMT+0000 (Coordinated Universal Time),Trade Show Order #3
2,ROW 3 : LVL 4,1774281545039,688673001458,Grooming,4,Super Bands Braiding Bands,Horse Care > Grooming & Bathing > Brushes & Tools > Braiding,BNDRD,Color: Red/Sorrel,,,,,Wellington Warehouse,5.06,5.06,5.06,8.99,0,0,,,
4,BIN-02,1768403023956,4060795953253,Shelf 10,2,"Eskadron Pikosoft Bell Boots, Pair",Tack & Equipment > Boots & Wraps > Bell Boots,670000 775 690 9/S,Color: Dark Brown,Size: Small,,,,Wellington Warehouse,35.00,35.00,35.00,54.99,0,0,,,
4,BIN-02,1768403023956,4060795953147,Shelf 10,2,"Eskadron Pikosoft Bell Boots, Pair",Tack & Equipment > Boots & Wraps > Bell Boots,670000 775 010 9/XXL,Color: White,Size: XX-Large,,,,Wellington Warehouse,35.00,35.00,35.00,54.99,0,0,,,
4,BIN-02,1768403023956,4060795953109,Shelf 10,2,"Eskadron Pikosoft Bell Boots, Pair",Tack & Equipment > Boots & Wraps > Bell Boots,670000 775 010 9/S,Color: White,Size: Small,,,,Wellington Warehouse,35.00,35.00,35.00,54.99,0,0,,,
1,BIN-02,1768403023956,4060795952553,Shelf 10,2,"Eskadron Velcro Rubber Bell Boots, Pair",Tack & Equipment > Boots & Wraps > Bell Boots,670000 740 010 9/M,Color: White,Size: Medium,,,,Wellington Warehouse,22.50,22.50,22.50,35.99,0,0,,,
12,ROW 3 : LVL 4,1774281545039,688673001151,Grooming,4,Super Bands Braiding Bands,Horse Care > Grooming & Bathing > Brushes & Tools > Braiding,BNDBK,Color: Black,,,,,Wellington Warehouse,4.59,4.83,5.06,8.99,0,0,0.12195122,Fri May 08 2026 20:09:39 GMT+0000 (Coordinated Universal Time),Trade Show Order #3
12,ROW 3 : LVL 4,1774281545039,688673001250,Grooming,4,Super Bands Braiding Bands,Horse Care > Grooming & Bathing > Brushes & Tools > Braiding,BNDBN,Color: Brown/Chestnut,,,,,Wellington Warehouse,4.59,4.89,5.19,8.99,0,0,0.09876543,Fri May 08 2026 20:09:28 GMT+0000 (Coordinated Universal Time),Trade Show Order #3
0,BIN-02,1768403023956,4060795953192,Shelf 10,2,"Eskadron Pikosoft Bell Boots, Pair",Tack & Equipment > Boots & Wraps > Bell Boots,670000 775 290 9/XXL,Color: Black,Size: XX-Large,,,,Wellington Warehouse,35.00,35.00,35.00,54.99,0,0,0.03448276,,
0,BIN-02,1768403023956,4060795953277,Shelf 10,2,"Eskadron Pikosoft Bell Boots, Pair",Tack & Equipment > Boots & Wraps > Bell Boots,670000 775 690 9/L,Color: Dark Brown,Size: Large,,,,Wellington Warehouse,35.00,35.00,35.00,54.99,0,0,,,
0,BIN-02,1768403023956,4060795953130,Shelf 10,2,"Eskadron Pikosoft Bell Boots, Pair",Tack & Equipment > Boots & Wraps > Bell Boots,670000 775 010 9/XL,Color: White,Size: Extra Large,,,,Wellington Warehouse,35.00,35.00,35.00,54.99,0,0,0.022988506,,
4,BIN-02,1768403023956,4060795953116,Shelf 10,2,"Eskadron Pikosoft Bell Boots, Pair",Tack & Equipment > Boots & Wraps > Bell Boots,670000 775 010 9/M,Color: White,Size: Medium,,,,Wellington Warehouse,35.00,35.00,35.00,54.99,0,0,,,
0,BIN-02,1768403023956,4060795953291,Shelf 10,2,"Eskadron Pikosoft Bell Boots, Pair",Tack & Equipment > Boots & Wraps > Bell Boots,670000 775 690 9/XXL,Color: Dark Brown,Size: XX-Large,,,,Wellington Warehouse,35.00,35.00,35.00,54.99,0,0,0.022988506,,
3,BIN-02,1768403023956,4060795952591,Shelf 10,2,"Eskadron Velcro Rubber Bell Boots, Pair",Tack & Equipment > Boots & Wraps > Bell Boots,670000 740 290 9/S,Color: Black,Size: Small,,,,Wellington Warehouse,22.50,22.50,22.50,35.99,0,0,,,
29,ROW 3 : LVL 4,1774281545039,688673001359,Grooming,4,Super Bands Braiding Bands,Horse Care > Grooming & Bathing > Brushes & Tools > Braiding,13446-3,Color: Grey,,,,,Wellington Warehouse,5.06,5.06,5.06,8.99,0,0,0.027027028,,
6,BIN-02,1768403023956,4060795953123,Shelf 10,2,"Eskadron Pikosoft Bell Boots, Pair",Tack & Equipment > Boots & Wraps > Bell Boots,670000 775 010 9/L,Color: White,Size: Large,,,,Wellington Warehouse,35.00,35.00,35.00,54.99,0,0,0.1,,
5,BIN-03,1767466772769,9329028299946,Shelf 3,3,Weatherbeeta Comfitec Fine Mesh Mask With Nose,Horse Wear > Fly & Insect Control > Fly Masks,1003157007,Color: Navy/Turquoise,Size: Mini,,,,Wellington Warehouse,15.50,15.50,15.50,15.99,0,0,,,
1,ROW 3 : LVL 2,1774281614627,086621326033,Grooming/Tack Cleaner,2,Farnam Leather New Glycerine Saddle Soap,Tack & Equipment > Leather Care,32603,Size: 64 Ounces,,,,,Wellington Warehouse,0.00,0.00,0.00,24.95,0,0,0.027777778,,
0,BIN-03,1767466772769,"9329028299724, 9329028299724",Shelf 3,3,Weatherbeeta Comfitec Durable Mesh Fly Mask,Horse Wear > Fly & Insect Control > Fly Masks,1003156003,Color: Black/Purple,Size: Pony,,,,Wellington Warehouse,14.50,14.50,14.50,23.19,0,0,,,
6,ROW 3 : LVL 2,1774281614627,086621326026,Grooming/Tack Cleaner,2,Farnam Leather New Glycerine Saddle Soap,Tack & Equipment > Leather Care,32602,Size: 32 Ounces,,,,,Wellington Warehouse,11.78,11.78,11.78,14.95,0,0,0.027777778,,
0,BIN-01,1767452663133,"9329028044812, 9329028044812",Shelf 2,1,Weatherbeeta Comfitec Airflow Mask,Horse Wear > Fly & Insect Control > Fly Masks,804957,Color: Grey/Blue/Grey,Size: Cob,,,,Wellington Warehouse,14.00,14.00,14.00,22.39,0,0,0.023255814,,
0,BIN-01,1767452663133,"9329028290653, 9329028290653",Shelf 2,1,Weatherbeeta Comfitec Essential Mesh Fly Mask,Horse Wear > Fly & Insect Control > Fly Masks,1002937003,Color: Taupe/Light Blue/Taupe,Size: Pony,,,,Wellington Warehouse,11.75,11.75,11.75,19.99,0,0,,,
0,BIN-01,1767452663133,"9329028289985, 9329028289985",Shelf 2,1,Weatherbeeta Comfitec Airflow Mask,Horse Wear > Fly & Insect Control > Fly Masks,1000754004,Color: White/Blue/Sea,Size: Pony,,,,Wellington Warehouse,14.00,14.00,14.00,22.39,0,0,,,
3,LVL 2,1767797487652,9329028174694,Fly Sheets 3,2,Saxon Mesh With Gusset Belly Wrap Standard Neck,Horse Wear > Fly & Insect Control > Fly Sheets,819003,Color: White/Mint/Blue,Size: 66,,,,Wellington Warehouse,35.06,35.06,35.06,55.99,0,0,,,
0,BIN-01,1767452663133,"9329028289992, 9329028289992",Shelf 2,1,Weatherbeeta Comfitec Airflow Mask,Horse Wear > Fly & Insect Control > Fly Masks,1000754005,Color: White/Blue/Sea,Size: Cob,,,,Wellington Warehouse,14.00,14.00,14.00,22.39,0,0,0.016949153,,
2,LVL 2,1767797487652,9329028174700,Fly Sheets 3,2,Saxon Mesh With Gusset Belly Wrap Standard Neck,Horse Wear > Fly & Insect Control > Fly Sheets,819004,Color: White/Mint/Blue,Size: 69,,,,Wellington Warehouse,35.06,35.06,35.06,55.99,0,0,,,
3,LVL 2,1767797487652,9329028174762,Fly Sheets 3,2,Saxon Mesh With Gusset Belly Wrap Standard Neck,Horse Wear > Fly & Insect Control > Fly Sheets,819010,Color: White/Mint/Blue,Size: 87,,,,Wellington Warehouse,35.06,35.06,35.06,55.99,0,0,,,
4,BIN-01,1767452663133,"9329028045420, 9329028045420",Shelf 2,1,Weatherbeeta Comfitec Essential Mesh Fly Mask,Horse Wear > Fly & Insect Control > Fly Masks,805018,Color: White/Purple/Black,Size: Cob,,,,Wellington Warehouse,11.75,11.75,11.75,19.99,0,0,,,
1,LVL 2,1767797487652,9329028174748,Fly Sheets 3,2,Saxon Mesh With Gusset Belly Wrap Standard Neck,Horse Wear > Fly & Insect Control > Fly Sheets,819008,Color: White/Mint/Blue,Size: 81,,,,Wellington Warehouse,35.06,35.06,35.06,55.99,0,0,,,
2,LVL 2,1767797487652,9329028291872,Fly Sheets 3,2,Saxon Mesh With Gusset Belly Wrap Standard Neck,Horse Wear > Fly & Insect Control > Fly Sheets,1002941013,Color: Blue/Navy/Purple,Size: 84,,,,Wellington Warehouse,35.06,35.06,35.06,55.99,0,0,,,
4,LVL 4,1771436264208,9355776049281,Blankets 8,4,Saxon Defiant 600D Standard Neck Turnout Sheet Lite,Horse Wear > Blankets & Sheets > Turnout Blankets & Sheets > Sheets,1006343030,Color: Navy,Size: 66,,,,Wellington Warehouse,41.87,41.87,41.87,49.99,0,0,,,
2,LVL 2,1767797487652,9329028174755,Fly Sheets 3,2,Saxon Mesh With Gusset Belly Wrap Standard Neck,Horse Wear > Fly & Insect Control > Fly Sheets,819009,Color: White/Mint/Blue,Size: 84,,,,Wellington Warehouse,35.06,35.06,35.06,55.99,0,0,,,
3,LVL 2,1767797487652,9329028291827,Fly Sheets 3,2,Saxon Mesh With Gusset Belly Wrap Standard Neck,Horse Wear > Fly & Insect Control > Fly Sheets,1002941008,Color: Blue/Navy/Purple,Size: 69,,,,Wellington Warehouse,35.06,35.06,35.06,55.99,0,0,,,
1,BIN-04,1767466772770,9329028053258,Shelf 3,4,Weatherbeeta Comfitec Airflow Mesh Wraps,Horse Wear > Fly & Insect Control > Fly Boots,805856,Color: Grey/Blue/Grey,Size: Cob,,,,Wellington Warehouse,23.88,23.88,23.88,34.39,0,0,,,
3,BIN 1,1776787211212,9329028024579,Gloves,1,Weatherbeeta Lycra Tail Bag,Horse Care > Grooming & Bathing > Tails & Tail Bags,803185,Color: Navy,,,,,Wellington Warehouse,6.00,6.00,6.00,12.95,0,0,,,
0,LVL 3,1767805838123,9355776035260,Fly Sheets 2,3,Kool Coat Airstream With Hidden Surcingle III Detach A Neck,Horse Wear > Fly & Insect Control > Fly Sheets,1005153007,Color: White/Navy,Size: 84,,,,Wellington Warehouse,52.84,52.84,52.84,79.95,0,0,,,
0,LVL 3,1767805838123,9355776035222,Fly Sheets 2,3,Kool Coat Airstream With Hidden Surcingle III Detach A Neck,Horse Wear > Fly & Insect Control > Fly Sheets,1005153003,Color: White/Navy,Size: 72,,,,Wellington Warehouse,52.84,52.84,52.84,79.95,0,0,,,
9,BIN-05,1767452692386,9329028261547,Shelf 2,5,Kool Coat Classic Fly Mask,Horse Wear > Fly & Insect Control > Fly Masks,1001842003,Color: White/Navy,Size: Cob,,,,Wellington Warehouse,12.27,12.27,12.27,15.96,0,0,,,
0,BIN-04,1767452692385,"9329028175851, 9329028175851",Shelf 2,4,Saxon Fly Mask,Horse Wear > Fly & Insect Control > Fly Masks,819112,Color: White,Size: Pony,,,,Wellington Warehouse,14.00,14.00,14.00,19.99,0,0,0.03508772,,
8,BIN-02,1767466772768,9329028299243,Shelf 3,2,Weatherbeeta Comfitec Durable Mesh Mask With Ears & Nose,Horse Wear > Fly & Insect Control > Fly Masks,1003149012,Color: Navy/Purple,Size: Warmblood,,,,Wellington Warehouse,17.00,17.00,17.00,27.19,0,0,0.011627907,,
3,LVL 4,1771001977936,9355776050126,Blankets 6,4,Weatherbeeta Comfitec Liner Medium/Lite,Horse Wear > Blankets & Sheets > Liners,1003669011,Color: Grey,Size: 63,,,,Wellington Warehouse,58.91,58.91,58.91,27.99,0,0,,,
1,LVL 4,1771001977936,9355776035826,Blankets 6,4,Weatherbeeta Green-Tec 900D Standard Neck Lite Plus Turnout Blanket,Horse Wear > Blankets & Sheets > Turnout Blankets & Sheets > Lightweight,1005158014,Color: Light Grey,Size: 84,,,,Wellington Warehouse,130.20,130.20,130.20,95.99,0,0,,,
1,BIN-03,1767466772769,9329028299311,Shelf 3,3,Weatherbeeta Comfitec Durable Mesh Mask With Nose,Horse Wear > Fly & Insect Control > Fly Masks,1003150007,Color: Navy/Purple,Size: Mini,,,,Wellington Warehouse,16.50,16.50,16.50,26.39,0,0,0.071428575,,
2,LVL 4,1771001977936,9355776050119,Blankets 6,4,Weatherbeeta Comfitec Liner Medium/Lite,Horse Wear > Blankets & Sheets > Liners,1003669010,Color: Grey,Size: 60,,,,Wellington Warehouse,58.91,58.91,58.91,27.99,0,0,,,
2,BIN-03,1767466772769,9329028299199,Shelf 3,3,Weatherbeeta Comfitec Durable Mesh Mask With Ears & Nose,Horse Wear > Fly & Insect Control > Fly Masks,1003149007,Color: Navy/Purple,Size: Mini,,,,Wellington Warehouse,17.00,17.00,17.00,27.19,0,0,0.071428575,,
2,LVL 4,1771001977936,9355776035758,Blankets 6,4,Weatherbeeta Green-Tec 900D Standard Neck Lite Plus Turnout Blanket,Horse Wear > Blankets & Sheets > Turnout Blankets & Sheets > Lightweight,1005158007,Color: Light Grey,Size: 66,,,,Wellington Warehouse,130.20,130.20,130.20,95.99,0,0,,,
0,ROW 3 : LVL 2,1774281614627,076775009074,Grooming/Tack Cleaner,2,Hydra Honeycomb Tack Sponge,Tack & Equipment > Leather Care,HST-1,Title: Default Title,,,,,Wellington Warehouse,0.00,1.63,3.26,5.99,0,24,0.060240965,,
0,ROW 3 : LVL 1,1774281614626,076775009074,Grooming/Tack Cleaner,1,Hydra Honeycomb Tack Sponge,Tack & Equipment > Leather Care,HST-1,Title: Default Title,,,,,Wellington Warehouse,0.00,1.63,3.26,5.99,0,24,0.060240965,,
1,ROW 1 : LVL 2,1768938712710,099355000698,First Aid,2,Aspen Gentle Iodine 1%,Horse Care > First Aid & Wellness > Wound Care & Topicals,19930020,Size: 1 Gallon,,,,,Wellington Warehouse,18.94,18.94,18.94,24.95,0,0,,,
0,LVL 4,1771001977936,9329028311464,Blankets 6,4,Weatherbeeta Comfitec Liner Medium/Lite,Horse Wear > Blankets & Sheets > Liners,1003669001,Color: Grey,Size: 66,,,,Wellington Warehouse,58.91,58.91,58.91,27.99,0,0,0.05882353,,
1,LVL 4,1771001977936,9355776035772,Blankets 6,4,Weatherbeeta Green-Tec 900D Standard Neck Lite Plus Turnout Blanket,Horse Wear > Blankets & Sheets > Turnout Blankets & Sheets > Lightweight,1005158009,Color: Light Grey,Size: 72,,,,Wellington Warehouse,130.20,130.20,130.20,95.99,0,0,,,
3,BIN-03,1767466772769,9329028299205,Shelf 3,3,Weatherbeeta Comfitec Durable Mesh Mask With Ears & Nose,Horse Wear > Fly & Insect Control > Fly Masks,1003149008,Color: Navy/Purple,Size: Small Pony,,,,Wellington Warehouse,17.00,17.00,17.00,27.19,0,0,0.037037037,,
1,BIN-03,1767466772769,9329028299328,Shelf 3,3,Weatherbeeta Comfitec Durable Mesh Mask With Nose,Horse Wear > Fly & Insect Control > Fly Masks,1003150008,Color: Navy/Purple,Size: Small Pony,,,,Wellington Warehouse,16.50,16.50,16.50,26.39,0,0,,,
0,ROW 4 : LVL 3,1774281545043,084369003247,Grooming,3,Little Giant Professional Spray Bottle,"Horse Care > Grooming & Bathing > Shampoos, Conditioners & Sprays > Detanglers, Shines & Sprays",PS32BLUE,Color: Blue,,,,,Wellington Warehouse,2.57,2.57,2.57,5.99,0,0,,,
4,ROW 1 : LVL 2,1768938712710,367618154168,First Aid,2,Betadine Antiseptic 7.5% Surgical Scrub,Horse Care > First Aid & Wellness > Wound Care & Topicals,BVET16,Size: 16 Ounces,,,,,Wellington Warehouse,12.82,12.82,12.82,18.99,0,0,,,
14,ROW 1 : LVL 4,1768938712712,367618155011,First Aid,4,Betadine Solution 5% Povidone-Iodine Antiseptic Microbicide,Horse Care > First Aid & Wellness > Wound Care & Topicals,11205-3,Size: 1 Gallon,,,,,Wellington Warehouse,44.50,44.50,44.50,59.99,0,0,,,
6,ROW 3 : LVL 1,1774281545036,312090002339,Grooming,1,Corona Concentrated Shampoo,"Horse Care > Grooming & Bathing > Shampoos, Conditioners, & Sprays > Shampoos",1000125,Size: 3 Liters,,,,,Wellington Warehouse,26.85,26.85,26.85,35.99,0,0,,,
3,ROW 1 : LVL 2,1768938712710,367618155165,First Aid,2,Betadine Solution 5% Povidone-Iodine Antiseptic Microbicide,Horse Care > First Aid & Wellness > Wound Care & Topicals,BVSO16,Size: 16 Ounces,,,,,Wellington Warehouse,11.80,11.80,11.80,16.99,0,0,,,
6,ROW 4 : LVL 3,1774281614633,011444165019,Grooming/Tack Cleaner,3,Absorbine Santa Fe Coat Conditioner and Sunscreen,"Horse Care > Grooming & Bathing > Shampoos, Conditioners & Sprays > Detanglers, Shines & Sprays",12319-1,Size: 32 Ounces,,,,,Wellington Warehouse,11.38,11.62,12.09,15.09,0,0,0.1923077,Fri May 29 2026 18:25:28 GMT+0000 (Coordinated Universal Time),RJ TRADE SHOW MAY #26055027400
0,ROW 1 : LVL 2,1768938712710,367618154014,First Aid,2,Betadine Antiseptic 7.5% Surgical Scrub,Horse Care > First Aid & Wellness > Wound Care & Topicals,11263-3,Size: 1 Gallon,,,,,Wellington Warehouse,52.54,52.54,52.54,69.99,0,0,0.0121951215,,
6,LVL 2,1771873985968,649982457244,Sheets 4,2,Mio Stable Sheet,Horse Wear > Blankets & Sheets > Stable Blankets & Sheets > Lightweight,ADSA90-BR00-75,Size: 75,Color: Navy,,,,Wellington Warehouse,40.00,40.00,40.00,49.99,0,0,,,
1,BIN-01,1768403023955,670786006468,Shelf 10,1,"EasyCare Comfort Pads, Pair",Tack & Equipment > Boots & Wraps > Hoof Boots,SB-COMPAD-F-12,Thickness: 12 mm,Density: Firm/Red,,,,Wellington Warehouse,9.29,9.29,9.29,14.95,0,0,,,
2,LVL 2,1771873985968,649982457220,Sheets 4,2,Mio Stable Sheet,Horse Wear > Blankets & Sheets > Stable Blankets & Sheets > Lightweight,ADSA90-BR00-69,Size: 69,Color: Navy,,,,Wellington Warehouse,40.00,40.00,40.00,49.99,0,0,,,
1,LVL 2,1771873985968,649982457237,Sheets 4,2,Mio Stable Sheet,Horse Wear > Blankets & Sheets > Stable Blankets & Sheets > Lightweight,ADSA90-BR00-72,Size: 72,Color: Navy,,,,Wellington Warehouse,40.00,40.00,40.00,49.99,0,0,,,
4,ROW 3 : LVL 1,1774281147457,086621003071,Supplements 2,1,Horse Health Products Vita B-1 Crumble Horse Supplement,Horse Care > Supplements > Performance & Energy,100542257,Size: 3 Pounds,,,,,Wellington Warehouse,10.69,10.69,10.69,14.99,0,0,,,
0,LVL 2,1772124449866,635901316419,Hoof Boots,2,"Cavallo Cute Little Hoof Boot (CLB) Slim Sole, Set of Two",Tack & Equipment > Boots & Wraps > Hoof Boots,11-4193SPK-M3,Size: Mini 3,Color: Bling,,,,Wellington Warehouse,61.00,61.00,61.00,109.95,0,0,,,
19,ROW 3 : LVL 3,1774281614628,892172000038,Grooming/Tack Cleaner,3,Horse Shave Disposable Grooming Razor Single,"Horse Care > Grooming & Bathing > Clippers, Blades & Accessories",15168-2,Title: Default Title,,,,,Wellington Warehouse,1.07,1.07,1.07,1.99,0,0,0.14285715,,
2,LVL 2,1772124449866,635901313661,Hoof Boots,2,"Cavallo Cute Little Hoof Boot (CLB) Slim Sole, Set of Two",Tack & Equipment > Boots & Wraps > Hoof Boots,11-4193SPK-M1,Size: Mini 1,Color: Bling,,,,Wellington Warehouse,61.00,61.00,61.00,109.95,0,0,0.028169014,,
3,LVL 2,1772124449866,635901316488,Hoof Boots,2,"Cavallo Cute Little Hoof Boot (CLB) Slim Sole, Set of Two",Tack & Equipment > Boots & Wraps > Hoof Boots,11-4193-M3,Size: Mini 3,Color: Black,,,,Wellington Warehouse,55.00,55.00,55.00,109.95,0,0,0.020408163,,
12,ROW 3 : LVL 1,1774281545036,813049003464,Grooming,1,Aloe Advantage Concentrated Shampoo,"Horse Care > Grooming & Bathing > Shampoos, Conditioners, & Sprays > Shampoos",077-00346,Size: 32 Ounces,,,,,Wellington Warehouse,5.65,5.65,5.65,9.49,0,0,,,
10,ROW 3 : LVL 1,1774281545036,813049003457,Grooming,1,Aloe Advantage Concentrated Shampoo,"Horse Care > Grooming & Bathing > Shampoos, Conditioners, & Sprays > Shampoos",077-00345,Size: 1 Gallon,,,,,Wellington Warehouse,12.88,12.88,12.88,16.49,0,0,0.2,Fri May 29 2026 15:45:13 GMT+0000 (Coordinated Universal Time),RJ TRADE SHOW MAY #26055027400
6,ROW 3 : LVL 1,1774281545036,813049004188,Grooming,1,Aloe Advantage Citronella Shampoo,"Horse Care > Grooming & Bathing > Shampoos, Conditioners, & Sprays > Shampoos",077-00418,Size: 32 Ounces,,,,,Wellington Warehouse,8.66,8.66,8.66,11.99,0,0,,,
2,LVL 2,1772124449866,635901316457,Hoof Boots,2,"Cavallo Cute Little Hoof Boot (CLB) Slim Sole, Set of Two",Tack & Equipment > Boots & Wraps > Hoof Boots,11-4193-M1,Size: Mini 1,Color: Black,,,,Wellington Warehouse,55.00,55.00,55.00,109.95,0,0,,,
2,LVL 3,1771259569148,649982075646,Blankets 7,3,Rambo Stable Sheet (No Fill),Horse Wear > Blankets & Sheets > Stable Blankets & Sheets > Lightweight,ADAAA0-BBW0-60,Size: 60,Color: Navy,,,,Wellington Warehouse,53.00,53.00,53.00,59.95,0,0,,,
6,LVL 3,1771259569148,649982075738,Blankets 7,3,Rambo Stable Sheet (No Fill),Horse Wear > Blankets & Sheets > Stable Blankets & Sheets > Lightweight,ADAAA0-BBW0-87,Size: 87,Color: Navy,,,,Wellington Warehouse,53.00,53.00,53.00,59.95,0,0,1,,
1,LVL 3,1771259569148,649982075684,Blankets 7,3,Rambo Stable Sheet (No Fill),Horse Wear > Blankets & Sheets > Stable Blankets & Sheets > Lightweight,ADAAA0-BBW0-72,Size: 72,Color: Navy,,,,Wellington Warehouse,53.00,53.00,53.00,59.95,0,0,,,
2,LVL 3,1771259569148,649982116424,Blankets 7,3,Rambo Stable Sheet (No Fill),Horse Wear > Blankets & Sheets > Stable Blankets & Sheets > Lightweight,ADAAA0-KJJ0-66,Size: 66,Color: Black,,,,Wellington Warehouse,53.00,53.00,53.00,59.95,0,0,,,
8,BIN-05,1767812231222,649982116523,Shelf 8,5,Rambo Mack in a Sack (No Fill),"Horse Wear > Blankets & Sheets > Coolers, Fleece & Covers",AGAM30-BQGB-SM,Size: Small,Color: Navy/Burgundy/Teal/Navy,,,,Wellington Warehouse,53.00,53.00,53.00,99.95,0,0,,,
2,LVL 3,1771259569148,649982116431,Blankets 7,3,Rambo Stable Sheet (No Fill),Horse Wear > Blankets & Sheets > Stable Blankets & Sheets > Lightweight,ADAAA0-KJJ0-69,Size: 69,Color: Black,,,,Wellington Warehouse,53.00,53.00,53.00,59.95,0,0,,,
7,BIN-05,1767812231222,649982116530,Shelf 8,5,Rambo Mack in a Sack (No Fill),"Horse Wear > Blankets & Sheets > Coolers, Fleece & Covers",AGAM30-BQGB-XL,Size: X-Large,Color: Navy/Burgundy/Teal/Navy,,,,Wellington Warehouse,53.00,53.00,53.00,99.95,0,0,,,
7,LVL 3,1771259569148,649982116448,Blankets 7,3,Rambo Stable Sheet (No Fill),Horse Wear > Blankets & Sheets > Stable Blankets & Sheets > Lightweight,ADAAA0-KJJ0-72,Size: 72,Color: Black,,,,Wellington Warehouse,53.00,53.00,53.00,59.95,0,0,,,
18,LVL 1,1770050955927,649982086567,Blankets 3,1,Rambo Original Turnout Blanket (200g Medium),Horse Wear > Blankets & Sheets > Turnout Blankets & Sheets > Medium Weight,AAAAA2-BR00-78,Color: Navy/Red,Size: 78,,,,Wellington Warehouse,178.00,178.00,178.00,362.95,0,0,,,
5,LVL 1,1770050955927,649982086611,Blankets 3,1,Rambo Original Turnout Sheet (0g Lite),Horse Wear > Blankets & Sheets > Turnout Blankets & Sheets > Sheets,AAAAA1-GR00-66,Color: Green,Size: 66,,,,Wellington Warehouse,167.00,167.00,167.00,339.95,0,0,,,
6,LVL 1,1770050955927,649982086666,Blankets 3,1,Rambo Original Turnout Sheet (0g Lite),Horse Wear > Blankets & Sheets > Turnout Blankets & Sheets > Sheets,AAAAA1-GR00-81,Color: Green,Size: 81,,,,Wellington Warehouse,167.00,167.00,167.00,339.95,0,0,,,
19,LVL 1,1770050955927,649982086550,Blankets 3,1,Rambo Original Turnout Blanket (200g Medium),Horse Wear > Blankets & Sheets > Turnout Blankets & Sheets > Medium Weight,AAAAA2-BR00-75,Color: Navy/Red,Size: 75,,,,Wellington Warehouse,178.00,178.00,178.00,362.95,0,0,,,
7,LVL 2,1770050955928,649982087502,Blankets 3,2,Rambo Supreme 1680D Turnout Sheet with Hood (0g Lite),Horse Wear > Blankets & Sheets > Turnout Blankets & Sheets > Sheets,AAASA0-BQDB-63,Size: 63,Color: Navy/ Burgundy/Dusty Blue & Navy,,,,Wellington Warehouse,220.00,220.00,220.00,229.99,0,0,,,
7,LVL 1,1770050955927,649982086536,Blankets 3,1,Rambo Original Turnout Blanket (200g Medium),Horse Wear > Blankets & Sheets > Turnout Blankets & Sheets > Medium Weight,AAAAA2-BR00-69,Color: Navy/Red,Size: 69,,,,Wellington Warehouse,178.00,178.00,178.00,362.95,0,0,,,
7,LVL 1,1770740443978,649982086468,Blankets 2,1,Rambo Original Turnout Blanket  (Heavy 400g),Horse Wear > Blankets & Sheets > Turnout Blankets & Sheets > Heavy Weight,AAAAA3-GR00-75,Color: Green,Size: 75,,,,Wellington Warehouse,192.00,192.00,192.00,349.95,0,0,,,
3,LVL 4,1770131722587,649982085256,Blankets 1,4,Rambo Duo (100g Outer Layer with 300g Liner),Horse Wear > Blankets & Sheets > Turnout Blankets & Sheets > Heavy Weight,AAADA3-BDN0-84,Size: 84,Color: Navy,,,,Wellington Warehouse,288.00,288.00,288.00,499.95,0,0,,,
7,LVL 4,1770131722587,649982085201,Blankets 1,4,Rambo Duo (100g Outer Layer with 300g Liner),Horse Wear > Blankets & Sheets > Turnout Blankets & Sheets > Heavy Weight,AAADA3-BDN0-69,Size: 69,Color: Navy,,,,Wellington Warehouse,288.00,288.00,288.00,499.95,0,0,,,
7,LVL 1,1770050955927,649982086574,Blankets 3,1,Rambo Original Turnout Blanket (200g Medium),Horse Wear > Blankets & Sheets > Turnout Blankets & Sheets > Medium Weight,AAAAA2-BR00-81,Color: Navy/Red,Size: 81,,,,Wellington Warehouse,178.00,178.00,178.00,362.95,0,0,,,
12,LVL 4,1770131722587,649982085225,Blankets 1,4,Rambo Duo (100g Outer Layer with 300g Liner),Horse Wear > Blankets & Sheets > Turnout Blankets & Sheets > Heavy Weight,AAADA3-BDN0-75,Size: 75,Color: Navy,,,,Wellington Warehouse,288.00,288.00,288.00,499.95,0,0,,,
2,LVL 1,1770050955927,649982086581,Blankets 3,1,Rambo Original Turnout Blanket (200g Medium),Horse Wear > Blankets & Sheets > Turnout Blankets & Sheets > Medium Weight,AAAAA2-BR00-84,Color: Navy/Red,Size: 84,,,,Wellington Warehouse,178.00,178.00,178.00,362.95,0,0,,,
3,LVL 1,1770740443978,649982086444,Blankets 2,1,Rambo Original Turnout Blanket  (Heavy 400g),Horse Wear > Blankets & Sheets > Turnout Blankets & Sheets > Heavy Weight,AAAAA3-GR00-69,Color: Green,Size: 69,,,,Wellington Warehouse,192.00,192.00,192.00,349.95,0,0,,,
11,LVL 1,1770050955927,649982086635,Blankets 3,1,Rambo Original Turnout Sheet (0g Lite),Horse Wear > Blankets & Sheets > Turnout Blankets & Sheets > Sheets,AAAAA1-GR00-72,Color: Green,Size: 72,,,,Wellington Warehouse,167.00,167.00,167.00,339.95,0,0,,,
21,LVL 1,1770050955927,649982086659,Blankets 3,1,Rambo Original Turnout Sheet (0g Lite),Horse Wear > Blankets & Sheets > Turnout Blankets & Sheets > Sheets,AAAAA1-GR00-78,Color: Green,Size: 78,,,,Wellington Warehouse,167.00,167.00,167.00,339.95,0,0,,,
3,LVL 1,1770740443978,649982086437,Blankets 2,1,Rambo Original Turnout Blanket  (Heavy 400g),Horse Wear > Blankets & Sheets > Turnout Blankets & Sheets > Heavy Weight,AAAAA3-GR00-66,Color: Green,Size: 66,,,,Wellington Warehouse,192.00,192.00,192.00,349.95,0,0,,,
3,LVL 1,1770740443978,649982086499,Blankets 2,1,Rambo Original Turnout Blanket  (Heavy 400g),Horse Wear > Blankets & Sheets > Turnout Blankets & Sheets > Heavy Weight,AAAAA3-GR00-84,Color: Green,Size: 84,,,,Wellington Warehouse,192.00,192.00,192.00,349.95,0,0,,,
6,LVL 4,1770131722587,649982116868,Blankets 1,4,Rambo Duo (100g Outer Layer with 300g Liner),Horse Wear > Blankets & Sheets > Turnout Blankets & Sheets > Heavy Weight,AAADA3-BDN0-87,Size: 87,Color: Navy,,,,Wellington Warehouse,288.00,288.00,288.00,499.95,0,0,,,
5,LVL 4,1770131722587,649982085218,Blankets 1,4,Rambo Duo (100g Outer Layer with 300g Liner),Horse Wear > Blankets & Sheets > Turnout Blankets & Sheets > Heavy Weight,AAADA3-BDN0-72,Size: 72,Color: Navy,,,,Wellington Warehouse,288.00,288.00,288.00,499.95,0,0,,,
4,LVL 1,1770740443978,649982086505,Blankets 2,1,Rambo Original Turnout Blanket  (Heavy 400g),Horse Wear > Blankets & Sheets > Turnout Blankets & Sheets > Heavy Weight,AAAAA3-GR00-87,Color: Green,Size: 87,,,,Wellington Warehouse,192.00,192.00,192.00,349.95,0,0,,,
7,LVL 1,1770050955927,649982086628,Blankets 3,1,Rambo Original Turnout Sheet (0g Lite),Horse Wear > Blankets & Sheets > Turnout Blankets & Sheets > Sheets,AAAAA1-GR00-69,Color: Green,Size: 69,,,,Wellington Warehouse,167.00,167.00,167.00,339.95,0,0,,,
3,LVL 1,1770050955927,649982086598,Blankets 3,1,Rambo Original Turnout Blanket (200g Medium),Horse Wear > Blankets & Sheets > Turnout Blankets & Sheets > Medium Weight,AAAAA2-BR00-87,Color: Navy/Red,Size: 87,,,,Wellington Warehouse,178.00,178.00,178.00,362.95,0,0,,,
7,LVL 4,1770131722587,649982085195,Blankets 1,4,Rambo Duo (100g Outer Layer with 300g Liner),Horse Wear > Blankets & Sheets > Turnout Blankets & Sheets > Heavy Weight,AAADA3-BDN0-66,Size: 66,Color: Navy,,,,Wellington Warehouse,288.00,288.00,288.00,499.95,0,0,,,
7,LVL 4,1770131722587,649982085232,Blankets 1,4,Rambo Duo (100g Outer Layer with 300g Liner),Horse Wear > Blankets & Sheets > Turnout Blankets & Sheets > Heavy Weight,AAADA3-BDN0-78,Size: 78,Color: Navy,,,,Wellington Warehouse,288.00,288.00,288.00,499.95,0,0,,,
7,LVL 1,1770740443978,649982086451,Blankets 2,1,Rambo Original Turnout Blanket  (Heavy 400g),Horse Wear > Blankets & Sheets > Turnout Blankets & Sheets > Heavy Weight,AAAAA3-GR00-72,Color: Green,Size: 72,,,,Wellington Warehouse,192.00,192.00,192.00,349.95,0,0,,,
16,LVL 1,1770050955927,649982086543,Blankets 3,1,Rambo Original Turnout Blanket (200g Medium),Horse Wear > Blankets & Sheets > Turnout Blankets & Sheets > Medium Weight,AAAAA2-BR00-72,Color: Navy/Red,Size: 72,,,,Wellington Warehouse,178.00,178.00,178.00,362.95,0,0,,,
6,LVL 1,1770050955927,649982086529,Blankets 3,1,Rambo Original Turnout Blanket (200g Medium),Horse Wear > Blankets & Sheets > Turnout Blankets & Sheets > Medium Weight,AAAAA2-BR00-66,Color: Navy/Red,Size: 66,,,,Wellington Warehouse,178.00,178.00,178.00,362.95,0,0,,,
8,LVL 2,1770050955928,649982087496,Blankets 3,2,Rambo Supreme 1680D Turnout Sheet with Hood (0g Lite),Horse Wear > Blankets & Sheets > Turnout Blankets & Sheets > Sheets,AAASA0-BQDB-60,Size: 60,Color: Navy/ Burgundy/Dusty Blue & Navy,,,,Wellington Warehouse,220.00,220.00,220.00,229.99,0,0,,,
8,LVL 1,1770050955927,649982086673,Blankets 3,1,Rambo Original Turnout Sheet (0g Lite),Horse Wear > Blankets & Sheets > Turnout Blankets & Sheets > Sheets,AAAAA1-GR00-84,Color: Green,Size: 84,,,,Wellington Warehouse,167.00,167.00,167.00,339.95,0,0,,,
4,LVL 3,1770740443980,649982191209,Blankets 2,3,Amigo Bravo 12 Wug (400g Heavy),Horse Wear > Blankets & Sheets > Turnout Blankets & Sheets > Heavy Weight,AARW73-KJI0-84,Color: Black/Titanium Grey & Silver,Size: 84-inch,,,,Wellington Warehouse,118.00,118.00,118.00,263.95,0,0,,,
4,LVL 3,1770740443980,649982191162,Blankets 2,3,Amigo Bravo 12 Wug (400g Heavy),Horse Wear > Blankets & Sheets > Turnout Blankets & Sheets > Heavy Weight,AARW73-KJI0-72,Color: Black/Titanium Grey & Silver,Size: 72-Inch,,,,Wellington Warehouse,118.00,118.00,118.00,263.95,0,0,,,
1,LVL 3,1770740443980,649982191155,Blankets 2,3,Amigo Bravo 12 Wug (400g Heavy),Horse Wear > Blankets & Sheets > Turnout Blankets & Sheets > Heavy Weight,AARW73-KJI0-69,Color: Black/Titanium Grey & Silver,Size: 69-Inch,,,,Wellington Warehouse,118.00,118.00,118.00,263.95,0,0,,,
4,LVL 3,1770740443980,649982191179,Blankets 2,3,Amigo Bravo 12 Wug (400g Heavy),Horse Wear > Blankets & Sheets > Turnout Blankets & Sheets > Heavy Weight,AARW73-KJI0-75,Color: Black/Titanium Grey & Silver,Size: 75-Inch,,,,Wellington Warehouse,118.00,118.00,118.00,263.95,0,0,,,
2,LVL 3,1771436264207,649982875499,Blankets 8,3,Amigo Bravo 12 Plus Turnout Sheet (0g Lite),Horse Wear > Blankets & Sheets > Turnout Blankets & Sheets > Sheets,AARP70-BCSK-75,Size: 75-Inch,Color: Navy/Blue/Strong Blue & Black,,,,Wellington Warehouse,123.00,123.00,123.00,199.99,0,0,,,
4,LVL 3,1770740443980,649982191186,Blankets 2,3,Amigo Bravo 12 Wug (400g Heavy),Horse Wear > Blankets & Sheets > Turnout Blankets & Sheets > Heavy Weight,AARW73-KJI0-78,Color: Black/Titanium Grey & Silver,Size: 78-Inch,,,,Wellington Warehouse,118.00,118.00,118.00,263.95,0,0,,,
4,LVL 3,1771259569148,649982076490,Blankets 7,3,Rambo Stable Blanket with Embossed Liner (200g Medium),Horse Wear > Blankets & Sheets > Stable Blankets & Sheets > Medium Weight,ABAAAG-BBW0-72,Color: Navy,Size: 72,,,,Wellington Warehouse,91.00,91.00,91.00,129.99,0,0,,,
3,LVL 3,1770131722586,649982264668,Blankets 1,3,Amigo Bravo 12 Original (400g Heavy),Horse Wear > Blankets & Sheets > Turnout Blankets & Sheets > Heavy Weight,AARA43-BBW0-81,Color: Navy,Size: 81,,,,Wellington Warehouse,110.00,110.00,110.00,209.95,0,0,,,
1,LVL 3,1771259569148,649982076544,Blankets 7,3,Rambo Stable Blanket with Embossed Liner (200g Medium),Horse Wear > Blankets & Sheets > Stable Blankets & Sheets > Medium Weight,ABAAAG-BBW0-87,Color: Navy,Size: 87,,,,Wellington Warehouse,91.00,91.00,91.00,129.99,0,0,,,
2,LVL 3,1771436264207,649982313106,Blankets 8,3,Rambo Fleece Competition Quarter Sheet,"Horse Wear > Blankets & Sheets > Coolers, Fleece & Covers",AGAC6N-VRKB-ME,Color: Witney Navy,Size: Medium,,,,Wellington Warehouse,58.00,58.00,58.00,69.99,0,0,,,
9,LVL 3,1771436264207,649982083320,Blankets 8,3,Rambo Dry Rug Supreme (No Fill),"Horse Wear > Blankets & Sheets > Coolers, Fleece & Covers",ABAM72-BI00-ME,Color: Navy/Silver,Size: Medium,,,,Wellington Warehouse,90.09,90.09,90.09,197.95,0,5,0.02173913,,
1,LVL 3,1771436264207,649982116615,Blankets 8,3,Amigo Hero 900 Pony Turnout Sheet (0g Lite),Horse Wear > Blankets & Sheets > Turnout Blankets & Sheets > Sheets,AKMA91-BCZP-66,Size: 66-Inch,Color: Blue,,,,Wellington Warehouse,68.00,68.00,68.00,99.99,0,0,,,
5,LVL 3,1771436264207,649982313144,Blankets 8,3,Rambo Fleece Competition Quarter Sheet,"Horse Wear > Blankets & Sheets > Coolers, Fleece & Covers",AGAC6N-VRK0-ME,Color: Witney Gold,Size: Medium,,,,Wellington Warehouse,58.00,58.00,58.00,69.99,0,0,,,
2,LVL 3,1771436264207,649982083337,Blankets 8,3,Rambo Dry Rug Supreme (No Fill),"Horse Wear > Blankets & Sheets > Coolers, Fleece & Covers",ABAM72-BI00-SM,Color: Navy/Silver,Size: Small,,,,Wellington Warehouse,90.09,90.09,90.09,197.95,0,0,,,
13,LVL 3,1771436264207,649982083313,Blankets 8,3,Rambo Dry Rug Supreme (No Fill),"Horse Wear > Blankets & Sheets > Coolers, Fleece & Covers",ABAM72-BI00-LA,Color: Navy/Silver,Size: Large,,,,Wellington Warehouse,90.09,90.09,90.09,197.95,0,0,0.02173913,,
1,LVL 3,1771436264207,649982116608,Blankets 8,3,Amigo Hero 900 Pony Turnout Sheet (0g Lite),Horse Wear > Blankets & Sheets > Turnout Blankets & Sheets > Sheets,AKMA91-BCZP-63,Size: 63-Inch,Color: Blue,,,,Wellington Warehouse,68.00,68.00,68.00,99.99,0,0,,,
1,LVL 3,1771436264207,649982313168,Blankets 8,3,Rambo Fleece Competition Quarter Sheet,"Horse Wear > Blankets & Sheets > Coolers, Fleece & Covers",AGAC6N-VRK0-XL,Color: Witney Gold,Size: Extra Large,,,,Wellington Warehouse,58.00,58.00,58.00,69.99,0,0,,,
2,BIN-04,1768403067588,00892277174436,Shelf 12,4,EquiFit T-Sport Wrap,Tack & Equipment > Boots & Wraps > Leg Wraps,01267HW,Size: Horse,Color: White,,,,Wellington Warehouse,53.03,53.03,53.03,124.00,0,0,,,
0,LVL 5,1770396443383,00892277187054,Saddle Pads 3,5,EquiFit Essential Dressage Pad,Tack & Equipment > English Saddle Pads > Dressage Saddle Pads,41216,Size: Horse,Color: White,,,,Wellington Warehouse,33.60,33.60,33.60,63.00,0,0,0.25,,
0,BIN-04,1768403067588,00892277174443,Shelf 12,4,EquiFit T-Sport Wrap,Tack & Equipment > Boots & Wraps > Leg Wraps,01267HB,Size: Horse,Color: Black,,,,Wellington Warehouse,53.03,53.03,53.03,124.00,0,0,,,
2,BIN-04,1768403067588,00892277179226,Shelf 12,4,EquiFit HorseSox Barn Roll,Tack & Equipment > Boots & Wraps > Leg Wraps,20042,Size: Pony,Color: Black,,,,Wellington Warehouse,41.77,41.77,41.77,82.00,0,0,,,
2,BIN 1,1776787343289,892277181946,Spurs,1,EquiFit SilentFit Ear Plugs,Tack & Equipment > Ear Plugs & Bonnets > Ear Plugs,52575,Size: 10 Pairs,Color: Black,,,,Wellington Warehouse,36.87,36.87,36.87,76.00,0,0,,,
5,ROW 1 : LVL 1,1774281650387,00892277180338,Hoof/Treats,1,EquiFit Pack-N-Stick Hoof Tape,Horse Care > First Aid & Wellness > First Aid Supplies,02009,Size: 24-pack,Color: Black,,,,Wellington Warehouse,88.40,88.40,88.40,140.00,0,0,0.033333335,,
0,BIN-04,1768403067588,00892277179370,Shelf 12,4,EquiFit GelSox,Tack & Equipment > Boots & Wraps > Leg Wraps,41020,Size: Horse,Color: Black,,,,Wellington Warehouse,35.96,35.96,35.96,64.00,0,0,,,
1,BIN 1,1776787343289,892277181922,Spurs,1,EquiFit SilentFit Ear Plugs,Tack & Equipment > Ear Plugs & Bonnets > Ear Plugs,52573,Size: 1 Pair,Color: Black,,,,Wellington Warehouse,4.72,4.72,4.72,10.00,0,0,,,
0,BIN-04,1768403067588,00892277177826,Shelf 12,4,EquiFit HorseSox Individual Pack,Tack & Equipment > Boots & Wraps > Leg Wraps,20045,Size: Horse,Color: White,,,,Wellington Warehouse,12.25,12.25,12.25,25.00,0,0,,,
7,ROW 1 : LVL 1,1774281650387,00892277180321,Hoof/Treats,1,EquiFit Pack-N-Stick Hoof Tape,Horse Care > First Aid & Wellness > First Aid Supplies,2008,Size: 6-pack,Color: Black,,,,Wellington Warehouse,22.10,22.10,22.10,44.00,0,0,0.104166664,,
0,BIN-04,1768403067588,00892277179202,Shelf 12,4,EquiFit HorseSox Individual Pack,Tack & Equipment > Boots & Wraps > Leg Wraps,20046,Size: Pony,Color: Black,,,,Wellington Warehouse,12.25,12.25,12.25,25.00,0,0,,,
2,BIN-04,1768403067588,00892277179219,Shelf 12,4,EquiFit HorseSox Barn Roll,Tack & Equipment > Boots & Wraps > Leg Wraps,20040,Size: Pony,Color: White,,,,Wellington Warehouse,41.77,41.77,41.77,82.00,0,0,,,
7,ROW 1 : LVL 2,1768938712710,00892277177390,First Aid,2,EquiFit AgSilver Daily Strength CleanTalc,Horse Care > First Aid & Wellness > Wound Care & Topicals,21234,Size: 50 Grams,,,,,Wellington Warehouse,16.96,16.96,16.96,34.00,0,0,0.04819277,,
0,BIN-04,1768403067588,00892277179196,Shelf 12,4,EquiFit HorseSox Individual Pack,Tack & Equipment > Boots & Wraps > Leg Wraps,20044,Size: Pony,Color: White,,,,Wellington Warehouse,12.25,12.25,12.25,25.00,0,0,,,
1,BIN-04,1768403067588,00892277177840,Shelf 12,4,EquiFit HorseSox Barn Roll,Tack & Equipment > Boots & Wraps > Leg Wraps,20041,Size: Horse,Color: White,,,,Wellington Warehouse,41.77,41.77,41.77,82.00,0,0,,,
27,ROW 1 : LVL 1,1774281650387,025784303024,Hoof/Treats,1,Fiebing's Hoof Dressing,Horse Care > Grooming & Bathing > Hoof Oils & Conditioner,11017-1,Size: 32 Ounces,,,,,Wellington Warehouse,12.65,12.65,12.65,15.99,0,0,0.04761905,,
2,ROW 3 : LVL 3,1774281147459,890347002306,Supplements 2,3,Ramard Total Equine Relief Powder,Horse Care > Supplements > Inflammation & Pain Relief,RAM-TERJ-2,Size: 18 Ounces,,,Lot #F242426,2027-03-01,Wellington Warehouse,116.72,116.72,116.72,169.99,0,0,0.028571429,,
15,ROW 3 : LVL 3,1774281147459,890347002597,Supplements 2,3,Ramard Total Tendon Repair for Horses,Horse Care > Supplements > Inflammation & Pain Relief,RAM-TTR,Size: 30 Day (1.12lb),,,,,Wellington Warehouse,71.24,71.24,71.24,101.64,0,0,,Fri May 29 2026 15:07:47 GMT+0000 (Coordinated Universal Time),RJ TRADE SHOW MAY #26055027400
0,ROW 1 : LVL 1,1774281650387,025784303055,Hoof/Treats,1,Fiebing's Hoof Dressing,Horse Care > Grooming & Bathing > Hoof Oils & Conditioner,11017-2,Size: 1 Gallon,,,,,Wellington Warehouse,35.59,35.59,35.59,40.00,0,0,,,
1,Grid wall,1770916055031,00892277182875,Girths,1,EquiFit Essential Schooling Girth with SmartFabric Liner,Tack & Equipment > Girths & Cinches > English Girths > Hunter/Jumper Girths,32950BR48,Size: 48-Inch,,,,,Wellington Warehouse,50.13,50.13,50.13,112.00,0,0,0.0121951215,,
1,Grid wall,1770916055031,00892277182974,Girths,1,EquiFit Essential Schooling Girth with SheepsWool Liner,Tack & Equipment > Girths & Cinches > English Girths > Hunter/Jumper Girths,32951BR46,Size: 46-Inch,,,,,Wellington Warehouse,55.70,55.70,55.70,122.00,0,0,0.028571429,,
0,ROW 3 : LVL 3,1774281147459,890347002399,Supplements 2,3,Ramard Total Equine Relief Paste,Horse Care > Supplements > Inflammation & Pain Relief,RAM-TERS,Size: 15 cc,,,,,Wellington Warehouse,10.30,10.30,10.30,14.99,0,24,0.013513514,Fri May 29 2026 16:39:14 GMT+0000 (Coordinated Universal Time),RJ TRADE SHOW MAY #26055027400
0,BIN-01,1774375575870,00892277186590,Cavali 3,1,EquiFit Belt Bag,Rider > Bags > Totes & Pouches,83212,Size: One Size,,,,,Wellington Warehouse,77.22,77.22,77.22,147.00,0,0,,,
2,Grid wall,1770916055031,00892277182981,Girths,1,EquiFit Essential Schooling Girth with SheepsWool Liner,Tack & Equipment > Girths & Cinches > English Girths > Hunter/Jumper Girths,32951BR48,Size: 48-Inch,,,,,Wellington Warehouse,55.70,55.70,55.70,122.00,0,0,,,
2,ROW 3 : LVL 3,1774281147459,890347002313,Supplements 2,3,Ramard Total Tendon Repair for Horses,Horse Care > Supplements > Inflammation & Pain Relief,RAM-TTR-P,Size: 90 Day (3.36lb),,,,,Wellington Warehouse,199.10,199.10,199.10,299.97,0,0,0.03508772,Fri May 29 2026 16:50:11 GMT+0000 (Coordinated Universal Time),RJ TRADE SHOW MAY #26055027400
2,Grid wall,1770916055031,00892277182967,Girths,1,EquiFit Essential Schooling Girth with SheepsWool Liner,Tack & Equipment > Girths & Cinches > English Girths > Hunter/Jumper Girths,32951BR44,Size: 44-Inch,,,,,Wellington Warehouse,55.70,55.70,55.70,122.00,0,0,,,
2,BIN-02,1776354991787,688499141673,Grooming Small,2,Tough-1 Ultimate Sweat Scraper,Horse Care > Grooming & Bathing > Brushes & Tools > Sweat Scrapers,68-7082-4-0,Color: Royal Blue,,,,,Wellington Warehouse,1.19,1.19,1.19,1.99,0,0,,,
3,BIN-05,1776354991790,688499335812,Grooming Small,5,Tough-1 Great Grips Sweat Scraper,Horse Care > Grooming & Bathing > Brushes & Tools > Sweat Scrapers,68-910-4-0,Color: Royal Blue,,,,,Wellington Warehouse,3.69,3.69,3.69,7.99,0,0,,,
1,BIN-02,1776354991787,688499141666,Grooming Small,2,Tough-1 Ultimate Sweat Scraper,Horse Care > Grooming & Bathing > Brushes & Tools > Sweat Scrapers,68-7082-2-0,Color: Black,,,,,Wellington Warehouse,0.99,0.99,0.99,1.99,0,0,0.09375,,
4,BIN-05,1776354991790,688499335829,Grooming Small,5,Tough-1 Great Grips Sweat Scraper,Horse Care > Grooming & Bathing > Brushes & Tools > Sweat Scrapers,68-910-5-0,Color: Red,,,,,Wellington Warehouse,3.69,3.69,3.69,7.99,0,0,,,
30,BIN-02,1776354991787,688499141628,Grooming Small,2,Tough-1 Aluminum Sweat Scraper,Horse Care > Grooming & Bathing > Brushes & Tools > Sweat Scrapers,68-7081-0-0,Title: Default Title,,,,,Wellington Warehouse,1.69,1.69,1.69,3.99,0,0,0.039473683,,
20,BIN-05,1776354991790,688499335782,Grooming Small,5,Tough-1 Great Grips Sweat Scraper,Horse Care > Grooming & Bathing > Brushes & Tools > Sweat Scrapers,68-910-11-0,Color: Pink,,,,,Wellington Warehouse,3.69,3.69,3.69,7.99,0,0,,,
13,BIN-05,1776354991790,688499335775,Grooming Small,5,Tough-1 Great Grips Sweat Scraper,Horse Care > Grooming & Bathing > Brushes & Tools > Sweat Scrapers,68-910-10-0,Color: Purple,,,,,Wellington Warehouse,3.69,3.69,3.69,7.99,0,0,,,
1,BIN-04,1776354991789,688499140706,Grooming Small,4,Tough-1 Rubber Grooming Glove,"Horse Care > Grooming & Bathing > Brushes & Tools > Grooming Gloves, Curry Combs & Deshedding Tools",68-24485-2-0,Color: Black,,,,,Wellington Warehouse,1.99,1.99,1.99,3.95,0,0,0.10526316,,
6,BIN 1,1776787211212,9329028931839,Gloves,1,WeatherBeeta Stretch Shoulder Guard,Horse Wear > Blankets & Sheets > Blanket Accessories,589555,Color: Navy,Size: Cob,,,,Wellington Warehouse,24.88,24.88,24.88,47.95,0,0,,,
5,LVL 4,1771436264208,9355776048789,Blankets 8,4,Saxon Defiant 600D Standard Neck Medium,Horse Wear > Blankets & Sheets > Turnout Blankets & Sheets > Medium Weight,1006342018,Color: Navy Plaid,Size: 84,,,,Wellington Warehouse,49.99,49.99,49.99,79.99,0,0,,,
1,BIN 1,1776787211212,9329028931822,Gloves,1,WeatherBeeta Stretch Shoulder Guard,Horse Wear > Blankets & Sheets > Blanket Accessories,589554,Color: Navy,Size: Pony,,,,Wellington Warehouse,24.88,24.88,24.88,47.95,0,0,,,
2,BIN-02,1767722157722,9329028892055,Shelf 7,2,WeatherBeeta Rug/Blanket Storage Bag,"Tack & Equipment > Bags, Cases & Covers",576590,Color: Navy,,,,,Wellington Warehouse,30.30,30.30,30.30,54.95,0,0,,,
6,BIN 1,1776787211212,9329028432121,Gloves,1,WeatherBeeta 6 Piece Surcingle Set,Horse Wear > Blankets & Sheets > Blanket Accessories,999564,Color: Silver,,,,,Wellington Warehouse,2.41,2.41,2.41,5.25,0,0,,,
39,BIN-02,1774375575871,850032849180,Cavali 3,2,The Infused Equestrian Noggin Fresh Helmet Spray,Rider > Accessories & Apparel > Accessories,850032849180,size: 4 Ounces,,,,,Wellington Warehouse,9.60,9.60,9.60,20.50,0,0,0.62352943,,
0,COUNTS,1782309291232,733569414338,COUNTS,1,ManeJane Spur Straps,Tack & Equipment > Spurs & Straps > Spur Straps,MJ218,Style: Sail Boat,,,,,Wellington Warehouse,13.95,13.95,13.95,23.95,0,0,,,
0,COUNTS,1782309291232,"1782312135713, 1782312135713",COUNTS,1,ManeJane Spur Straps,Tack & Equipment > Spurs & Straps > Spur Straps,HCH,Style: Chestnut Horse,,,,,Wellington Warehouse,13.95,13.95,13.95,23.95,0,0,,,
0,COUNTS,1782309291232,733569696482,COUNTS,1,ManeJane Spur Straps,Tack & Equipment > Spurs & Straps > Spur Straps,WS314,Style: Red Clear Round,,,,,Wellington Warehouse,13.95,13.95,13.95,23.95,0,0,,,
20,ROW 1 : LVL 2,1768938712710,850013609062,First Aid,2,Coat Defense Daily Preventative Powder,Horse Care > First Aid & Wellness > Wound Care & Topicals,TRVLPWDR,Size: 3.5 Ounces,,,,,Wellington Warehouse,6.30,6.30,6.30,0.00,0,0,,,
1,Grid wall,1770916055031,892277183032,Girths,1,EquiFit Anatomical Hunter Girth with SheepsWool Liner,Tack & Equipment > Girths & Cinches > English Girths > Hunter/Jumper Girths,32952BR48,Size: 48-Inch,Color: Brown,,,,Wellington Warehouse,206.85,206.85,206.85,389.00,0,0,,,
6,ROW 1 : LVL 3,1768938712711,850013609031,First Aid,3,Coat Defense Trouble Spot Drying Paste,Horse Care > First Aid & Wellness > Wound Care & Topicals,PROPASTE,Size: 24 Ounces,,,,,Wellington Warehouse,30.80,30.80,30.80,44.00,0,0,0.025641026,,
0,COUNTS,1782309291232,533290614,COUNTS,1,ManeJane Spur Straps,Tack & Equipment > Spurs & Straps > Spur Straps,H184,Style: Unicorn Emoji,,,,,Wellington Warehouse,13.95,13.95,13.95,23.95,0,0,0.015625,,
1,Grid wall,1770916055031,892277187122,Girths,1,EquiFit Essential Dressage Girth with SmartFabric Liner,Tack & Equipment > Girths & Cinches > Dressage Girths,32964BL34,Size: 34-Inch,Color: Black,,,,Wellington Warehouse,67.00,67.00,67.00,134.00,0,0,,,
0,BIN-04,1767626770403,00892277182141,Shelf 5,4,EquiFit Eq-Teq Front Boot with ImpacTeq Liner,Tack & Equipment > Boots & Wraps > Protective Boots > Front Boots,11254FMBL,Size: Medium,Color: Black,,,,Wellington Warehouse,184.53,184.53,184.53,365.00,0,0,,,
0,BIN-01,1774887638157,892277175969,Cavali 2,1,EquiFit Shoulders Back Lite,Rider > Accessories & Apparel > Accessories,2025,Size: Large,Color: Black,,,,Wellington Warehouse,28.33,28.33,28.33,59.00,0,0,,,
4,BIN-01,1774887638157,892277175938,Cavali 2,1,EquiFit Shoulders Back Lite,Rider > Accessories & Apparel > Accessories,2022,Size: Large,Color: White,,,,Wellington Warehouse,28.33,28.33,28.33,59.00,0,0,,,
3,BIN-01,1774887638157,00892277175921,Cavali 2,1,EquiFit Shoulders Back Lite,Rider > Accessories & Apparel > Accessories,2021,Size: Medium,Color: White,,,,Wellington Warehouse,28.33,28.33,28.33,59.00,0,0,,,
0,BIN-01,1774887638157,00892277175952,Cavali 2,1,EquiFit Shoulders Back Lite,Rider > Accessories & Apparel > Accessories,2024,Size: Medium,Color: Black,,,,Wellington Warehouse,28.33,28.33,28.33,59.00,0,0,,,
0,BIN-01,1774887638157,00892277175945,Cavali 2,1,EquiFit Shoulders Back Lite,Rider > Accessories & Apparel > Accessories,2023,Size: Small,Color: Black,,,,Wellington Warehouse,28.33,28.33,28.33,59.00,0,0,,,
0,BIN-01,1774887638157,892277175914,Cavali 2,1,EquiFit Shoulders Back Lite,Rider > Accessories & Apparel > Accessories,2020,Size: Small,Color: White,,,,Wellington Warehouse,28.33,28.33,28.33,59.00,0,0,,,
0,BIN-05,1767626770404,00892277187047,Shelf 5,5,Equifit HoofIce,Tack & Equipment > Boots & Wraps > Therapeutic Boots,52593,Size: 1 Pair,Color: Black,,,,Wellington Warehouse,9.00,9.00,9.00,26.00,0,0,0.020833334,,
1,BIN-01,1773766480619,840539060805,Shelf 18,1,5/A Baker 7 Foot Lead with 20 Inch Chain,Tack & Equipment > Halters & Leads > Lead Ropes,7035-BP-20,Title: Default Title,,,,,Wellington Warehouse,13.00,13.00,13.00,23.95,0,0,,,
3,ROW 1 : LVL 3,1768938712711,764782003900,First Aid,3,Valhoma DMSO Dimethyl Sulfoxide Solution 99%,Horse Care > First Aid & Wellness > Liniments,DMSOROLLON,Size: 3 Ounces (Roll On),,,,,Wellington Warehouse,6.88,6.88,6.88,9.95,0,0,0.07272727,,
3,ROW 1 : LVL 3,1768938712711,890347002207,First Aid,3,Ramard ReliefGel,Horse Care > First Aid & Wellness > Liniments,17183-1,Size: 16 Ounces,,,,,Wellington Warehouse,52.08,52.08,52.08,69.99,0,0,0.048780486,,
14,ROW 4 : LVL 1,1774281614631,674422122109,Grooming/Tack Cleaner,1,Shapley's Magic Sheen Hair Polish,"Horse Care > Grooming & Bathing > Shampoos, Conditioners & Sprays > Detanglers, Shines & Sprays",MSW/SPRAYDS,Size: 32 Ounces,,,,,Wellington Warehouse,8.59,8.59,8.59,14.99,0,0,,,
9,ROW 1 : LVL 3,1768938712711,764782016993,First Aid,3,Valhoma DMSO Dimethyl Sulfoxide Solution 99%,Horse Care > First Aid & Wellness > Liniments,SO99PT,Size: 16 Ounces,,,,,Wellington Warehouse,14.60,14.60,14.60,18.95,0,0,0.015151516,,
4,ROW 1 : LVL 3,1768938712711,815487010332,First Aid,3,Tenda Witch Hazel,Horse Care > First Aid & Wellness > Wound Care & Topicals,8022,Size: 32 Ounces,,,,,Wellington Warehouse,12.85,12.85,12.85,21.99,0,0,0.012658228,,
11,ROW 1 : LVL 3,1768938712711,764782001906,First Aid,3,Valhoma DMSO Gel,Horse Care > First Aid & Wellness > Liniments,764782001906,Size: 16 Ounces,,,,,Wellington Warehouse,18.39,18.39,18.39,24.99,0,0,0.0754717,,
0,ROW 1 : LVL 3,1768938712711,764782004907,First Aid,3,Valhoma DMSO Gel,Horse Care > First Aid & Wellness > Liniments,764782004907,Size: 4 Ounces,,,,,Wellington Warehouse,7.14,7.14,7.14,9.99,0,0,0.06666667,,
0,ROW 1 : LVL 2,1768938712710,764782128993,First Aid,2,Valhoma DMSO Dimethyl Sulfoxide Solution 99%,Horse Care > First Aid & Wellness > Liniments,12454-5,Size: 1 Gallon,,,,,Wellington Warehouse,79.07,79.07,79.07,109.99,0,0,,,
1,ROW 4 : LVL 1,1774281614631,674422121096,Grooming/Tack Cleaner,1,Shapley's Magic Sheen Hair Polish,"Horse Care > Grooming & Bathing > Shampoos, Conditioners & Sprays > Detanglers, Shines & Sprays",MS-GALDS,Size: Gallon,,,,,Wellington Warehouse,24.63,24.63,24.63,32.99,0,0,,,
3,ROW 1 : LVL 4,1768938712712,815487010295,First Aid,4,Tenda Witch Hazel,Horse Care > First Aid & Wellness > Wound Care & Topicals,8021,Size: 1 Gallon,,,,,Wellington Warehouse,22.50,22.50,22.50,31.99,0,0,,,
12,LVL 1,1770059667422,840539024128,Buckets,1,Jack's Stall Chain,Stable > Stable Supplies > Stall Supplies,10444-FO,Color: Green,,,,,Wellington Warehouse,11.50,11.50,11.50,19.99,0,0,,,
0,BIN 1,1776787262019,4102460117406,Bits 1,1,Effol Mouth Butter,Tack & Equipment > Bits > Bit Accessories,11740000,Size: 150 Milliliters,Flavor: Apple,,,,Wellington Warehouse,10.40,10.40,10.40,16.99,0,0,,,
4,LVL 1,1770059667422,840539024142,Buckets,1,Jack's Stall Chain,Stable > Stable Supplies > Stall Supplies,10444-RE,Color: Red,,,,,Wellington Warehouse,11.50,11.50,11.50,19.99,0,0,,,
1,ROW 1 : LVL 2,1768938712710,099355014749,First Aid,2,Aspen Alu-Mend Spray-on Bandage,Horse Care > First Aid & Wellness > Wound Care & Topicals,21278832,Size: 120 Grams,,,,,Wellington Warehouse,10.36,10.41,10.51,16.99,0,0,0.078125,Fri May 08 2026 20:08:01 GMT+0000 (Coordinated Universal Time),PO 3225
1,BIN-04,1768403067588,840539034059,Shelf 12,4,Gel-Eze Under Bandage,Tack & Equipment > Boots & Wraps > Leg Wraps,527,Title: Default Title,,,,,Wellington Warehouse,16.95,16.95,16.95,26.99,0,5,0.012987013,,
3,ROW 3 : LVL 2,1774281147458,851559000030,Supplements 2,2,Kinetic Vet Equishield SA Powder,Horse Care > Supplements > Skin & Coat,9013-02-00,Size: 2 Pounds,,,Lot# 3333536,2027-03-01,Wellington Warehouse,44.78,44.78,44.78,83.78,0,0,,,
6,ROW 1 : LVL 3,1768938712711,743129103169,First Aid,3,Horseman's Dream Veterinary Cream with Aloe Vera,Horse Care > First Aid & Wellness > Wound Care & Topicals,1000161,Size: 16 Ounces,,,,,Wellington Warehouse,23.17,23.17,23.17,32.99,0,0,,,
4,ROW 1 : LVL 1,1774281650387,010576000281,Hoof/Treats,1,Hawthorne Venice Turpentine,Horse Care > Grooming & Bathing > Hoof Oils & Conditioner,16614-1,Size: 14 Ounces,,,,,Wellington Warehouse,12.31,12.31,12.31,15.99,0,0,0.046511628,,
0,BIN-01,1768403023955,00892277184879,Shelf 10,1,EquiFit Essential Bell Boot with Ultrawool Top,Tack & Equipment > Boots & Wraps > Bell Boots,11270MD,Size: Medium,Color: Black / Natural,,,,Wellington Warehouse,32.17,32.17,32.17,62.00,0,0,,,
0,ROW 1 : LVL 3,1768938712711,630447108047,First Aid,3,Hilton Herbs Ezee Arnica,Horse Care > First Aid & Wellness > Liniments,10804,Size: 500 Milliliters,,,,,Wellington Warehouse,24.20,24.20,24.20,34.99,0,0,0.121212125,,
0,BIN-01,1768403023955,,Shelf 10,1,EquiFit Essential Bell Boot with Ultrawool Top,Tack & Equipment > Boots & Wraps > Bell Boots,11830XXL,Size: Extra Extra Large,Color: Black / Black,,,,Wellington Warehouse,32.17,32.17,32.17,62.00,0,0,0.016949153,,
0,BIN-01,1768403023955,892277184862,Shelf 10,1,EquiFit Essential Bell Boot with Ultrawool Top,Tack & Equipment > Boots & Wraps > Bell Boots,11270S,Size: Small,Color: Black / Natural,,,,Wellington Warehouse,32.17,32.17,32.17,62.00,0,0,,,
0,BIN-01,1768403023955,,Shelf 10,1,EquiFit Essential Bell Boot with Ultrawool Top,Tack & Equipment > Boots & Wraps > Bell Boots,11830XL,Size: Extra Large,Color: Black / Black,,,,Wellington Warehouse,32.17,32.17,32.17,62.00,0,0,,,
0,BIN-01,1768403023955,892277186422,Shelf 10,1,EquiFit Essential Bell Boot with Fleece Rolled Top,Tack & Equipment > Boots & Wraps > Bell Boots,11269XXL,Size: XXLarge,Color: Black,,,,Wellington Warehouse,26.32,26.32,26.32,49.00,0,0,0.016949153,,
18,LVL 2,1770145216505,9355776069500,Saddle Pads 2,2,WeatherBeeta Prime Leopard Print Dressage Saddle Pad,Tack & Equipment > English Saddle Pads > Dressage Saddle Pads,1006959006,Size: Full,Color: Turquoise,Add On: Saddle Pad,,,Wellington Warehouse,35.50,35.50,35.50,35.50,0,0,0.041666668,,
3,ROW 4 : LVL 4,1774281147464,694244904233,Supplements 2,4,AniMed Linseed Oil Blend,Horse Care > Supplements > Skin & Coat,90423,Size: 1 Gallon,,,,,Wellington Warehouse,23.69,23.69,23.69,44.97,0,0,,,
17,BIN-01,1773766480619,840539008692,Shelf 18,1,Jack's Cotton Lead Rope with Bull Snap,Tack & Equipment > Halters & Leads > Lead Ropes,1289-BK,Color: Black,,,,,Wellington Warehouse,8.00,8.00,8.00,19.99,0,0,,,
0,BIN-01,1777314709511,9329028138818,Shelf 21,1,WeatherBeeta Prime Ear Bonnet,Tack & Equipment > Ear Plugs & Bonnets > Bonnets,815080,Size: Full,Color: Purple Penant,,,,Wellington Warehouse,17.50,17.50,17.50,17.50,0,0,0.046511628,,
29,BIN-01,1777314709511,9355776069548,Shelf 21,1,WeatherBeeta Prime Luxe Leopard Print Ear Bonnet,Tack & Equipment > Ear Plugs & Bonnets > Bonnets,1006960004,Size: Full,Color: Pink,,,,Wellington Warehouse,22.00,22.00,22.00,22.00,0,0,0.033707865,,
19,LVL 1,1770145216504,9355776069333,Saddle Pads 2,1,WeatherBeeta Prime Leopard Print All Purpose Saddle Pad,Tack & Equipment > English Saddle Pads > All Purpose & Hunter/Jumper Saddle Pads,1006957004,Size: Full,Color: Pink,Add On: Saddle Pad,,,Wellington Warehouse,35.50,35.50,35.50,35.50,0,0,0.02247191,,
8,BIN-01,1777314709511,9329028138771,Shelf 21,1,WeatherBeeta Prime Ear Bonnet,Tack & Equipment > Ear Plugs & Bonnets > Bonnets,815076,Size: Full,Color: White,,,,Wellington Warehouse,17.50,17.50,17.50,17.50,0,0,,,
0,ROW 3 : LVL 4,1774281545039,851559000542,Grooming,4,Kinetic Vet Equishield AO Shampoo,"Horse Care > Grooming & Bathing > Shampoos, Conditioners, & Sprays > Shampoos",9014-09-01,Size: 1 Gallon,,,,,Wellington Warehouse,30.44,30.44,30.44,70.34,0,4,,,
9,BIN-01,1777314709511,9329028138788,Shelf 21,1,WeatherBeeta Prime Ear Bonnet,Tack & Equipment > Ear Plugs & Bonnets > Bonnets,815077,Size: Full,Color: Navy,,,,Wellington Warehouse,17.50,17.50,17.50,17.50,0,0,0.072463766,,
16,LVL 2,1770145216505,9355776069487,Saddle Pads 2,2,WeatherBeeta Prime Leopard Print Dressage Saddle Pad,Tack & Equipment > English Saddle Pads > Dressage Saddle Pads,1006959004,Size: Full,Color: Pink,Add On: Saddle Pad,,,Wellington Warehouse,35.50,35.50,35.50,35.50,0,0,0.041666668,,
3,BIN-01,1773766480619,840539008739,Shelf 18,1,Jack's Cotton Lead Rope with Bull Snap,Tack & Equipment > Halters & Leads > Lead Ropes,1289-PU,Color: Purple,,,,,Wellington Warehouse,8.00,8.00,8.00,19.99,0,0,,,
26,BIN-01,1777314709511,9355776069562,Shelf 21,1,WeatherBeeta Prime Luxe Leopard Print Ear Bonnet,Tack & Equipment > Ear Plugs & Bonnets > Bonnets,1006960006,Size: Full,Color: Turquoise,,,,Wellington Warehouse,22.00,22.00,22.00,22.00,0,0,,,
0,BIN-01,1777314709511,9329028138764,Shelf 21,1,WeatherBeeta Prime Ear Bonnet,Tack & Equipment > Ear Plugs & Bonnets > Bonnets,815075,Size: Full,Color: Black,,,,Wellington Warehouse,17.50,17.50,17.50,17.50,0,0,0.028985508,,
14,LVL 1,1770145216504,,Saddle Pads 2,1,WeatherBeeta Prime Leopard Print All Purpose Saddle Pad,Tack & Equipment > English Saddle Pads > All Purpose & Hunter/Jumper Saddle Pads,1006957006,Size: Full,Color: Turquoise,Add On: Saddle Pad,,,Wellington Warehouse,35.50,35.50,35.50,35.50,0,0,,,
3,BIN-01,1777314709511,9329028138825,Shelf 21,1,WeatherBeeta Prime Ear Bonnet,Tack & Equipment > Ear Plugs & Bonnets > Bonnets,815081,Size: Full,Color: Maroon,,,,Wellington Warehouse,17.50,17.50,17.50,17.50,0,0,0.023255814,,
0,BIN-01,1777314709511,9329028237825,Shelf 21,1,WeatherBeeta Prime Ear Bonnet,Tack & Equipment > Ear Plugs & Bonnets > Bonnets,1000071007,Size: Full,Color: Grey,,,,Wellington Warehouse,17.50,17.50,17.50,17.50,0,0,0.014492754,,
21,BIN-01,1773766480619,840539008722,Shelf 18,1,Jack's Cotton Lead Rope with Bull Snap,Tack & Equipment > Halters & Leads > Lead Ropes,1289-NV,Color: Navy,,,,,Wellington Warehouse,8.00,8.00,8.00,19.99,0,0,,,
13,BIN-03,1775240098868,9329028227536,Cavali 4,3,Dublin Suede Leather Belt,Rider > Accessories & Apparel > Belts,1001308001,Size: Small/Medium,,,,,Wellington Warehouse,6.00,6.00,6.00,16.99,0,0,0.05263158,,
6,BIN-05,1773766480618,9329028328738,Shelf 17,5,Roma Headcollar & Lead Set,Tack & Equipment > Halters & Leads > Halters > Nylon & Rope Halters,464557,Color: Purple/Silver,Size: Full,,,,Wellington Warehouse,6.00,6.00,6.00,6.99,0,0,,,
10,BIN-05,1773766480618,9329028328561,Shelf 17,5,Roma Headcollar & Lead Set,Tack & Equipment > Halters & Leads > Halters > Nylon & Rope Halters,464530,Color: Black,Size: Pony,,,,Wellington Warehouse,6.00,6.00,6.00,6.99,0,0,,,
10,BIN-05,1773766480618,9329028328677,Shelf 17,5,Roma Headcollar & Lead Set,Tack & Equipment > Halters & Leads > Halters > Nylon & Rope Halters,464547,Color: Red/Navy,Size: Full,,,,Wellington Warehouse,6.00,6.00,6.00,6.99,0,0,,,
7,BIN-05,1773766480618,9329028328721,Shelf 17,5,Roma Headcollar & Lead Set,Tack & Equipment > Halters & Leads > Halters > Nylon & Rope Halters,464556,Color: Purple/Silver,Size: Cob,,,,Wellington Warehouse,6.00,6.00,6.00,6.99,0,0,,,
12,BIN-05,1773766480618,9329028328653,Shelf 17,5,Roma Headcollar & Lead Set,Tack & Equipment > Halters & Leads > Halters > Nylon & Rope Halters,464545,Color: Red/Navy,Size: Pony,,,,Wellington Warehouse,6.00,6.00,6.00,6.99,0,0,,,
5,BIN-05,1777314699042,9329028965964,Shelf 20,5,Dublin Imperial Saddle Bag,"Tack & Equipment > Bags, Cases & Covers",593695,Color: Black,,,,,Wellington Warehouse,23.00,23.00,23.00,62.99,0,0,,,
12,BIN-05,1773766480618,9329028328578,Shelf 17,5,Roma Headcollar & Lead Set,Tack & Equipment > Halters & Leads > Halters > Nylon & Rope Halters,464531,Color: Black,Size: Cob,,,,Wellington Warehouse,6.00,6.00,6.00,6.99,0,0,,,
2,BIN-05,1773766480618,9329028328592,Shelf 17,5,Roma Headcollar & Lead Set,Tack & Equipment > Halters & Leads > Halters > Nylon & Rope Halters,464535,Color: Navy,Size: Pony,,,,Wellington Warehouse,6.00,6.00,6.00,6.99,0,0,0.06666667,,
12,BIN-05,1773766480618,9329028328714,Shelf 17,5,Roma Headcollar & Lead Set,Tack & Equipment > Halters & Leads > Halters > Nylon & Rope Halters,464555,Color: Purple/Silver,Size: Pony,,,,Wellington Warehouse,6.00,6.00,6.00,6.99,0,0,,,
15,BIN-05,1773766480618,9329028328615,Shelf 17,5,Roma Headcollar & Lead Set,Tack & Equipment > Halters & Leads > Halters > Nylon & Rope Halters,464537,Color: Navy,Size: Full,,,,Wellington Warehouse,6.00,6.00,6.00,6.99,0,0,,,
7,BIN-05,1773766480618,9329028328585,Shelf 17,5,Roma Headcollar & Lead Set,Tack & Equipment > Halters & Leads > Halters > Nylon & Rope Halters,464532,Color: Black,Size: Full,,,,Wellington Warehouse,6.00,6.00,6.00,6.99,0,0,,,
3,ROW 5 : LVL 4,1769190184154,086621117365,Fly sprays,4,Starbar Fly Stik with Muscalure,Horse Care > Fly & Insect Control > Fly Sprays & Traps,11736,Size: 24-Inch,,,,,Wellington Warehouse,4.71,4.71,4.71,8.99,0,0,,,
23,LVL 1,1770145216504,9355776077246,Saddle Pads 2,1,WeatherBeeta Prime Marble All Purpose Saddle Pad,Tack & Equipment > English Saddle Pads > All Purpose & Hunter/Jumper Saddle Pads,1008702002,Size: Full,Color: Blue Swirl,,,,Wellington Warehouse,35.50,35.50,35.50,39.99,0,0,,,
17,LVL 4,1770145216507,9355776077307,Saddle Pads 2,4,WeatherBeeta Prime Marble Dressage Saddle Pad,Tack & Equipment > English Saddle Pads > Dressage Saddle Pads,1008703002,Size: Full,Color: Blue Swirl,,,,Wellington Warehouse,35.50,35.50,35.50,39.99,0,0,,,
4,LVL 3,1770145216506,9355776077345,Saddle Pads 2,3,WeatherBeeta Prime Marble Dressage Saddle Pad,Tack & Equipment > English Saddle Pads > Dressage Saddle Pads,1008703006,Size: Full,Color: Purple Swirl,,,,Wellington Warehouse,35.50,35.50,35.50,39.99,0,0,,,
1,ROW 3 : LVL 2,1774281614627,7640131362160,Grooming/Tack Cleaner,2,Stubben Glycerin Saddle Soap,Tack & Equipment > Leather Care,31132011,Size: 250 Grams,,,,,Wellington Warehouse,9.00,9.00,9.00,18.00,0,0,0.051948052,,
10,BIN-03,1776354991788,757475889752,Grooming Small,3,Epona Pony Tail Comb,Horse Care > Grooming & Bathing > Brushes & Tools > Brushes & Combs,1015,Title: Default Title,,,,,Wellington Warehouse,3.50,3.50,3.50,7.97,0,0,,,
0,ROW 3 : LVL 2,1774281614627,757475543661,Grooming/Tack Cleaner,2,Epona Tacknology Tack Sponge,Tack & Equipment > Leather Care,1094,Title: Default Title,,,,,Wellington Warehouse,3.26,3.26,3.26,7.00,0,12,,,
4,ROW 4 : LVL 3,1774281614633,840539020045,Grooming/Tack Cleaner,3,Jack's Aluminum Mane Pulling Comb,Horse Care > Grooming & Bathing > Brushes & Tools > Brushes & Combs,10238-JM,Title: Default Title,,,,,Wellington Warehouse,0.87,0.87,0.87,1.95,0,0,0.036144577,,
4,ROW 4 : LVL 3,1774281614633,840539032697,Grooming/Tack Cleaner,3,Jack's 9-Inch Multi-Use Plastic Comb,Horse Care > Grooming & Bathing > Brushes & Tools > Brushes & Combs,24403-RE,Color: Red,,,,,Wellington Warehouse,0.55,0.55,0.55,1.09,0,0,0.046875,,
0,ROW 4 : LVL 3,1774281614633,840539042054,Grooming/Tack Cleaner,3,Jack's 9-Inch Multi-Use Plastic Comb,Horse Care > Grooming & Bathing > Brushes & Tools > Brushes & Combs,24403-BK,Color: Black,,,,,Wellington Warehouse,0.55,0.55,0.55,1.09,0,0,,,
1,BIN-01,1773766480619,840539039085,Shelf 18,1,Jack's Poly Lead Rope with Snap,Tack & Equipment > Halters & Leads > Lead Ropes,10377-NP,Color: Neon Pink,,,,,Wellington Warehouse,10.50,10.50,10.50,21.99,0,0,,,
3,BIN-02,1773766480620,840539022698,Shelf 18,2,Jack's Poly Lead Rope with Snap,Tack & Equipment > Halters & Leads > Lead Ropes,10377-PU,Color: Purple,,,,,Wellington Warehouse,10.50,10.50,10.50,21.99,0,0,,,
0,ROW 5 : LVL 2,1774281422020,850006032150,Supplements 3,2,OGS Equine Organic Gut Solution,Horse Care > Supplements > Digestive & Gut Health,1007,Size: 15 Pounds,,,,,Wellington Warehouse,195.37,195.37,195.37,266.64,0,5,,,
6,BIN-01,1773766480619,840539022728,Shelf 18,1,Jack's Poly Lead Rope with Snap,Tack & Equipment > Halters & Leads > Lead Ropes,10377-RE,Color: Red,,,,,Wellington Warehouse,10.50,10.50,10.50,21.99,0,0,,,
3,BIN-01,1773766480619,840539022711,Shelf 18,1,Jack's Poly Lead Rope with Snap,Tack & Equipment > Halters & Leads > Lead Ropes,10377-RY,Color: Royal,,,,,Wellington Warehouse,10.50,10.50,10.50,21.99,0,25,,,
0,BIN-03,1774887638159,465829057,Cavali 2,3,Corro Easy-Fit Lightweight Socks,Rider > Accessories & Apparel > Socks,CORRO-SOCKS-S,Size: Small,,,,,Wellington Warehouse,2.40,2.40,2.40,15.95,0,0,,,
0,BIN-03,1774887638159,465829433,Cavali 2,3,Corro Easy-Fit Lightweight Socks,Rider > Accessories & Apparel > Socks,CORRO-SOCKS-L,Size: Large,,,,,Wellington Warehouse,2.40,2.40,2.40,15.95,0,0,,,
280,ROW 5 : LVL 3,1774281573049,465829683,Grooming/Cavali,3,Corro Hat,,CORRO-HAT-BLK,Color: Black,,,,,Wellington Warehouse,2.99,2.99,2.99,0.00,0,0,,,
96,BIN-05,1775240098870,465829683,Cavali 4,5,Corro Hat,,CORRO-HAT-BLK,Color: Black,,,,,Wellington Warehouse,2.99,2.99,2.99,0.00,0,0,,,
0,BIN-05,1776354991790,465829944,Grooming Small,5,Corro Towel,Horse Care > Grooming & Bathing > Brushes & Tools > Brushes & Combs,CORRO-TOWEL,Title: Default Title,,,,,Wellington Warehouse,0.52,0.52,0.52,8.95,0,0,0.024096385,,
0,BIN-03,1774887638159,465830782,Cavali 2,3,Corro Easy-Fit Lightweight Socks,Rider > Accessories & Apparel > Socks,CORRO-SOCKS-M,Size: Medium,,,,,Wellington Warehouse,2.40,2.40,2.40,15.95,0,0,,,
110,BIN-05,1775240098870,473967048,Cavali 4,5,Corro Hat,,CORRO-HAT-W,Color: White,,,,,Wellington Warehouse,2.99,2.99,2.99,0.00,0,0,,,
560,ROW 5 : LVL 3,1774281573049,473967048,Grooming/Cavali,3,Corro Hat,,CORRO-HAT-W,Color: White,,,,,Wellington Warehouse,2.99,2.99,2.99,0.00,0,0,,,
3,BIN-04,1767722157720,804381025573,Shelf 7,4,Cashel Feed Rite Bag,Stable > Stable Supplies > Hay Nets & Bags,FRB-M,Color: Black,Size: Mini,,,,Wellington Warehouse,17.00,17.00,17.00,39.99,0,0,,,
2,BIN-02,1767722157722,804381017356,Shelf 7,2,Cashel Trailer Door-ganizer,Stable > Stable Organizers > Organizing Bags,TDO-H,Size: Half,,,,,Wellington Warehouse,27.50,27.50,27.50,45.99,0,0,,,
21,LVL 1,1771873985967,804381033073,Sheets 4,1,Cashel Bridle Bracket,Stable > Stable Organizers > Racks & Hooks,SA-BRACK3,Style: 3 Hook,,,,,Wellington Warehouse,7.00,7.00,7.00,12.99,0,0,,,
2,Grid wall,1770916055031,804381031802,Girths,1,Cashel Mohair Straight Cinch,Tack & Equipment > Girths & Cinches > Western Cinches,CIN-MS-36,Size: 36-Inch,,,,,Wellington Warehouse,21.50,21.50,21.50,49.99,0,0,,,
2,Grid wall,1770916055031,804381031772,Girths,1,Cashel Mohair Straight Cinch,Tack & Equipment > Girths & Cinches > Western Cinches,CIN-MS-30,Size: 30-Inch,,,,,Wellington Warehouse,21.50,21.50,21.50,49.99,0,0,,,
0,BIN 1,1776787343289,804381017271,Spurs,1,Cashel Caveson Crown Channel,"Tack & Equipment > Bridles, Headstalls & Reins > English Bridles & Reins > Bridle Accessories",CCC-II,Size: 2 Inches Wide,,,,,Wellington Warehouse,5.00,5.00,5.00,9.99,0,0,0.045454547,,
0,BIN-03,1768403067587,804381007944,Shelf 12,3,Cashel Hock Sock,Tack & Equipment > Boots & Wraps > Therapeutic Boots,BHS-BLA-H,Color: Black,,,,,Wellington Warehouse,33.00,33.00,33.00,45.99,0,0,,,
1,BIN-02,1767722157722,804381008934,Shelf 7,2,Cashel English Saddle Shield,"Tack & Equipment > Bags, Cases & Covers",SSHIELD-BLA-ENG,Title: Default Title,,,,,Wellington Warehouse,23.00,23.00,23.00,41.99,0,0,,,
1,BIN-02,1767722157722,804381008392,Shelf 7,2,Cashel Trail Kit,"Tack & Equipment > Bags, Cases & Covers",TK-BLA,Color: Black,,,,,Wellington Warehouse,23.00,23.00,23.00,29.99,0,0,,,
9,ROW 3 : LVL 1,1774281147457,853637002783,Supplements 2,1,Kentucky Equine Research EquiShure,Horse Care > Supplements > Digestive & Gut Health,110128,Size: 1.25 Kilograms,,,Lot #K2531720,2027-05-14,Wellington Warehouse,27.86,27.86,27.86,55.05,0,0,0.013333334,,
5,ROW 2 : LVL 2,1767888398018,853637002271,Supplements 1,2,Kentucky Equine Research Nano-E,Horse Care > Supplements > Vitamins & Minerals,110125,Size: 450 Milliliters,,,Lot #K253102501301,2026-11-05,Wellington Warehouse,65.95,65.95,65.95,90.20,0,0,0.044444446,,
3,BIN 1,1776787343289,8531070066765,Spurs,1,Belle & Bow Equestrian Children's Riding Gloves,Rider > Accessories & Apparel > Gloves,8531070066765,Size: Small,Color: Black,,,,Wellington Warehouse,12.50,12.50,12.50,25.00,0,0,,,
0,BIN-05,1773766441667,853337067389,Shelf 16,5,Belle & Bow Equestrian Pony Fancy Stitched Padded Halter,Tack & Equipment > Halters & Leads > Halters > Leather Halters,853337067389,Size: Small Pony,Color: Pink,,,,Wellington Warehouse,45.00,45.00,45.00,99.99,0,0,,,
4,BIN 1,1776787343289,853107066789,Spurs,1,Belle & Bow Equestrian Children's Riding Gloves,Rider > Accessories & Apparel > Gloves,853107066772,Size: Medium,Color: Black,,,,Wellington Warehouse,12.50,12.50,12.50,25.00,0,0,,,
1,BIN 1,1776787343289,853900000065,Spurs,1,Belle & Bow Equestrian Children's Riding Gloves,Rider > Accessories & Apparel > Gloves,GLVE01-M-L,Size: Medium,Color: Lavender,,,,Wellington Warehouse,12.50,12.50,12.50,25.00,0,0,,,
1,BIN-01,1768403023955,094922723307,Shelf 10,1,Hoof Wraps Replacement Pads,Tack & Equipment > Boots & Wraps > Hoof Boots,HWB-002,Quantity: 2-Pack,,,,,Wellington Warehouse,7.60,7.60,7.60,12.95,0,0,,,
0,BIN-01,1775240024369,851007066960,Cavali 4,1,Belle & Bow Equestrian Bows,Rider > Accessories & Apparel > Accessories,851007066960,Color: Smarties Navy,,,,,Wellington Warehouse,17.00,17.00,17.00,35.00,0,0,0.011494253,,
3,BIN-01,1768403023955,094922697547,Shelf 10,1,Hoof Wraps Reusable Hoof Bandage with Pad,Tack & Equipment > Boots & Wraps > Hoof Boots,HWB-001,Quantity: Single,,,,,Wellington Warehouse,13.65,13.65,13.65,22.95,0,0,0.024390243,,
0,BIN-01,1768403023955,736211260567,Shelf 10,1,Hoof Wraps Soaker Kit,Tack & Equipment > Boots & Wraps > Hoof Boots,HWS-010,Title: Default Title,,,,,Wellington Warehouse,19.00,19.00,19.00,39.95,0,0,,,
0,BIN-01,1775240024369,853900000126,Cavali 4,1,Belle & Bow Equestrian Bows,Rider > Accessories & Apparel > Accessories,853900000126,Color: Bit of Blue,,,,,Wellington Warehouse,17.00,17.00,17.00,35.00,0,0,,,
1,BIN-04,1768403067588,715519022855,Shelf 12,4,Lami-Cell Elastic Exercise Bandages,Tack & Equipment > Boots & Wraps > Leg Wraps,302285,Color: Navy,Quantity: 2-Pack,,,,Wellington Warehouse,20.29,20.29,20.29,46.99,0,0,,,
0,BIN 1,1776787262020,782146232414,Bits 2,1,Professional's Choice Bob Avila Sweet Iron Twist Ring Snaffle Bit,Tack & Equipment > Bits > Western Bits,AVB-127,Size: 5 1/4 Inch,,,,,Wellington Warehouse,37.00,37.00,37.00,77.99,0,0,,,
3,COUNTS,1782309291232,782146239840,COUNTS,1,Equisential Cowboy Spur,Tack & Equipment > Spurs & Straps > Western Spurs,EQSP-100,Title: Default Title,,,,,Wellington Warehouse,45.25,45.25,45.25,77.99,0,0,,,
2,COUNTS,1782309291232,782146239857,COUNTS,1,Equisential Cowgirl Spur,Tack & Equipment > Spurs & Straps > Western Spurs,EQSP-101,Title: Default Title,,,,,Wellington Warehouse,45.25,45.25,45.25,77.99,0,0,,,
5,BIN 1,1776787262020,782146337300,Bits 2,1,Pro Choice Equisential D Ring Twisted Wire Bit,Tack & Equipment > Bits > Western Bits,EQB-812,Size: 5 1/4 Inch,,,,,Wellington Warehouse,30.75,30.75,30.75,52.99,0,0,,,
3,Grid wall,1770916055031,782146121404,Girths,1,Professional's Choice VenTECH Cinch,Tack & Equipment > Girths & Cinches > Western Cinches,CINCH26-BLACK,Size: 26-Inch,Color: Black,,,,Wellington Warehouse,51.75,51.75,51.75,88.99,0,0,,,
3,Grid wall,1770916055031,782146330776,Girths,1,Professional's Choice Contoured VenTECH Cinch,Tack & Equipment > Girths & Cinches > Western Cinches,CCV-32BLA,Size: 32-Inch,Color: Black,,,,Wellington Warehouse,90.00,90.00,90.00,172.99,0,0,,,
2,Grid wall,1770916055031,782146142393,Girths,1,Professional's Choice VenTECH Cinch,Tack & Equipment > Girths & Cinches > Western Cinches,CINCH32-BLACK,Size: 32-Inch,Color: Black,,,,Wellington Warehouse,51.75,51.75,51.75,88.99,0,0,,,
4,LVL 3,1770840424778,782146142393,Blankets 5,3,Professional's Choice VenTECH Cinch,Tack & Equipment > Girths & Cinches > Western Cinches,CINCH32-BLACK,Size: 32-Inch,Color: Black,,,,Wellington Warehouse,51.75,51.75,51.75,88.99,0,0,,,
3,Grid wall,1770916055031,782146330783,Girths,1,Professional's Choice Contoured VenTECH Cinch,Tack & Equipment > Girths & Cinches > Western Cinches,CCV-34BLA,Size: 34-Inch,Color: Black,,,,Wellington Warehouse,90.00,90.00,90.00,172.99,0,0,,,
2,Grid wall,1770916055031,782146142515,Girths,1,Professional's Choice VenTECH Cinch,Tack & Equipment > Girths & Cinches > Western Cinches,CINCH36-BLACK,Size: 36-Inch,Color: Black,,,,Wellington Warehouse,51.75,51.75,51.75,88.99,0,0,,,
1,LVL 3,1770840424778,782146142515,Blankets 5,3,Professional's Choice VenTECH Cinch,Tack & Equipment > Girths & Cinches > Western Cinches,CINCH36-BLACK,Size: 36-Inch,Color: Black,,,,Wellington Warehouse,51.75,51.75,51.75,88.99,0,0,,,
3,Grid wall,1770916055031,782146330745,Girths,1,Professional's Choice Contoured VenTECH Cinch,Tack & Equipment > Girths & Cinches > Western Cinches,CCV-26BLA,Size: 26-Inch,Color: Black,,,,Wellington Warehouse,90.00,90.00,90.00,172.99,0,0,,,
1,Grid wall,1770916055031,782146276548,Girths,1,Professional's Choice VenTECH Cinch,Tack & Equipment > Girths & Cinches > Western Cinches,CINCH24-BLACK,Size: 24-Inch,Color: Black,,,,Wellington Warehouse,51.75,51.75,51.75,88.99,0,0,,,
6,LVL 3,1770840424778,782146276548,Blankets 5,3,Professional's Choice VenTECH Cinch,Tack & Equipment > Girths & Cinches > Western Cinches,CINCH24-BLACK,Size: 24-Inch,Color: Black,,,,Wellington Warehouse,51.75,51.75,51.75,88.99,0,0,,,
1,BIN 1,1776787262020,782146337324,Bits 2,1,Pro Choice Equisential O Ring Twisted Wire Dogbone Bit,Tack & Equipment > Bits > Western Bits,EQB-821,Size: 5 1/4 Inch,,,,,Wellington Warehouse,30.75,30.75,30.75,52.99,0,0,,,
2,Grid wall,1770916055031,782146142270,Girths,1,Professional's Choice VenTECH Cinch,Tack & Equipment > Girths & Cinches > Western Cinches,CINCH28-BLACK,Size: 28-Inch,Color: Black,,,,Wellington Warehouse,51.75,51.75,51.75,88.99,0,0,,,
0,BIN 1,1776787262020,782146337317,Bits 2,1,Pro Choice Equisential O Ring Snaffle with Smooth Dogbone Bit,Tack & Equipment > Bits > Western Bits,EQB-820,Size: 5 1/4 Inch,,,,,Wellington Warehouse,30.75,30.75,30.75,52.99,0,0,0.018518519,,
2,BIN-01,1767553027607,811311030309,Shelf 4,1,Thinline Flexible Filly Closed Front Splint Boots,Tack & Equipment > Boots & Wraps > Protective Boots > Front Boots,4006-W-M,Size: Medium,Color: White,,,,Wellington Warehouse,50.00,50.00,50.00,89.99,0,0,,,
3,BIN-01,1767553027607,811311030293,Shelf 4,1,Thinline Flexible Filly Closed Front Splint Boots,Tack & Equipment > Boots & Wraps > Protective Boots > Front Boots,4006-W-L,Size: Large,Color: White,,,,Wellington Warehouse,50.00,50.00,50.00,89.99,0,0,,,
2,BIN-02,1777314699039,782146333517,Shelf 20,2,Professional's Choice Ranch Roper Breast Collar,Tack & Equipment > Martingales & Breastplates,RH1168HO,Color: Heavy Oil,,,,,Wellington Warehouse,112.25,112.25,112.25,194.99,0,0,,,
3,BIN-01,1767553027607,811311030286,Shelf 4,1,Thinline Flexible Filly Closed Front Splint Boots,Tack & Equipment > Boots & Wraps > Protective Boots > Front Boots,4006-B-M,Size: Medium,Color: Black,,,,Wellington Warehouse,50.00,50.00,50.00,89.99,0,0,,,
4,BIN-01,1767553027607,811311030279,Shelf 4,1,Thinline Flexible Filly Closed Front Splint Boots,Tack & Equipment > Boots & Wraps > Protective Boots > Front Boots,4006-B-L,Size: Large,Color: Black,,,,Wellington Warehouse,50.00,50.00,50.00,89.99,0,0,,,
1,BIN-03,1777314699040,782146319078,Shelf 20,3,Professional's Choice Schutz Collection Quiet Control Split Reins,"Tack & Equipment > Bridles, Headstalls & Reins > Western Headstalls & Reins > Reins",7802BRN,Color: Brown,,,,,Wellington Warehouse,37.50,37.50,37.50,64.99,0,0,,,
2,BIN-03,1777314699040,782146340997,Shelf 20,3,Professional's Choice Schutz Collection Quiet Control Single Rein,"Tack & Equipment > Bridles, Headstalls & Reins > Western Headstalls & Reins > Reins",7800PUR,Color: Purple,,,,,Wellington Warehouse,30.25,30.25,30.25,54.99,0,0,,,
1,BIN-04,1777314699041,782146333531,Shelf 20,4,Professional's Choice Ranch Browband Buckle Headstall,"Tack & Equipment > Bridles, Headstalls, & Reins > Western Headstalls & Reins > Headstalls",RH5046HO,Color: Heavy Oil,,,,,Wellington Warehouse,34.25,34.25,34.25,59.99,0,0,,,
2,BIN-02,1777314699039,782146320074,Shelf 20,2,Professional's Choice Schutz Collection German Martingale Split Reins,Tack & Equipment > Martingales & Breastplates,AD8059HL,Color: Oak,,,,,Wellington Warehouse,93.50,93.50,93.50,160.99,0,0,,,
1,BIN-04,1777314699041,782146323754,Shelf 20,4,Professional's Choice Beaded One-Ear Headstall,"Tack & Equipment > Bridles, Headstalls, & Reins > Western Headstalls & Reins > Headstalls",3P1009N,Color: Natural,,,,,Wellington Warehouse,49.99,49.99,49.99,89.99,0,0,,,
2,BIN-04,1777314699041,782146324010,Shelf 20,4,Professional's Choice Beaded Noseband Tiedown,"Tack & Equipment > Bridles, Headstalls, & Reins > Western Headstalls & Reins > Headstalls",3P5009N,Color: Natural,,,,,Wellington Warehouse,19.99,19.99,19.99,37.99,0,0,,,
4,BIN-02,1777314699039,782146341512,Shelf 20,2,Professional's Choice Cross Stitch Breast Collar,Tack & Equipment > Martingales & Breastplates,3P6015,Color: Chestnut,,,,,Wellington Warehouse,62.00,62.00,62.00,109.99,0,0,,,
4,BIN 1,1776787262019,782146341260,Bits 1,1,Professional's Choice Pineapple Knot Curb/Bit Hobble,Tack & Equipment > Bits > Bit Accessories,RH9103-PK,Color: Heavy Oil,,,,,Wellington Warehouse,10.75,10.75,10.75,19.95,0,0,,,
1,LVL 1,1770747610172,782146311805,Saddle Pads 4,1,Professional's Choice Comfort Fit Wool Saddle Pad,Tack & Equipment > Saddle Pads > Western Saddle Pads & Liners,PCWFP200-TAN,Size: 31 Inches x 32 Inches,Color: Tan,Thickness: 1 Inch,,,Wellington Warehouse,95.75,95.75,95.75,164.99,0,0,0.018181818,,
1,BIN-05,1767812231222,840539047547,Shelf 8,5,5/A Baker Turnout Sheet,Horse Wear > Blankets & Sheets > Turnout Blankets & Sheets > Sheets,7004-84,Size: 84-Inch,,,,,Wellington Warehouse,111.00,111.00,111.00,199.95,0,0,,,
1,BIN-05,1767812231222,840539047448,Shelf 8,5,5/A Baker Turnout Sheet,Horse Wear > Blankets & Sheets > Turnout Blankets & Sheets > Sheets,7004-72,Size: 72-Inch,,,,,Wellington Warehouse,111.00,111.00,111.00,199.95,0,0,,,
1,BIN-05,1767812231222,840539061086,Shelf 8,5,5/A Baker Original Stable Blanket,Horse Wear > Blankets & Sheets > Stable Blankets & Sheets > Medium Weight,7000-BAP-BAP-72-STD,Size: 72-Inch,,,,,Wellington Warehouse,128.00,128.00,128.00,230.95,0,0,,,
1,BIN-05,1767812231222,840539061550,Shelf 8,5,5/A Baker Fleece Dress Sheet,"Horse Wear > Blankets & Sheets > Coolers, Fleece & Covers",7018-BAP-BAP-82-1,Size: 82-Inch,,,,,Wellington Warehouse,89.00,89.00,89.00,160.95,0,0,,,
11,ROW 4 : LVL 2,1774281147462,694244905940,Supplements 2,2,AniMed Mag-Right,Horse Care > Supplements > Vitamins & Minerals,90594,Size: 2 Pounds,,,,,Wellington Warehouse,17.22,17.22,17.22,30.99,0,0,0.048780486,,
2,ROW 3 : LVL 2,1774281614627,4102460126026,Grooming/Tack Cleaner,2,Effax Glycerin-Soap,Tack & Equipment > Leather Care,12602000,Size: 250 Milliliters,,,,,Wellington Warehouse,9.50,9.50,9.50,14.99,0,0,0.028571429,,
1,BIN 1,1776787211212,670786012490,Gloves,1,EasyCare Easyboot Replacement Snug Strap,Tack & Equipment > Boots & Wraps > Accessories,SB-RSS-XS,Size: Extra Small/200 Millimeters,,,,,Wellington Warehouse,6.18,6.18,6.18,11.00,0,0,,,
9,ROW 2 : LVL 1,1774281650391,035585800172,Hoof/Treats,1,Kong Equine Mega Wubba Horse Toy,Horse Care > Treats & Toys > Toys & Licks,WBM,Size: 12 Inches,Color: Assorted,,,,Wellington Warehouse,13.52,13.52,13.52,29.99,0,0,0.125,,
1,COUNTS,1782309291232,635901211516,COUNTS,1,Toklat Prince of Wales Canted Spur,Tack & Equipment > Spurs & Straps > English Spurs,88-1129,Size: 1-Inch,Style: Men's,,,,Wellington Warehouse,15.95,15.95,15.95,24.99,0,0,0.015625,,
2,COUNTS,1782309291232,635901211509,COUNTS,1,Toklat Prince of Wales Canted Spur,Tack & Equipment > Spurs & Straps > English Spurs,88-1128,Size: 1-Inch,Style: Ladies',,,,Wellington Warehouse,15.95,15.95,15.95,24.99,0,0,,,
1,COUNTS,1782309291232,635901211578,COUNTS,1,Toklat Hammerhead Spur,Tack & Equipment > Spurs & Straps > English Spurs,88-1140,Size: 3/4-Inch,Style: Ladies',,,,Wellington Warehouse,16.95,16.95,16.95,24.99,0,0,,,
3,COUNTS,1782309291232,635901212735,COUNTS,1,Toklat Prince of Wales Spur,Tack & Equipment > Spurs & Straps > English Spurs,88-1802,Size: 1-Inch,Style: Ladies',,,,Wellington Warehouse,15.95,15.95,15.95,24.99,0,0,,,
3,COUNTS,1782309291232,635901211523,COUNTS,1,Toklat Prince of Wales Canted Spur,Tack & Equipment > Spurs & Straps > English Spurs,88-1130,Size: 1 1/4-Inch,Style: Ladies',,,,Wellington Warehouse,15.95,15.95,15.95,24.99,0,0,,,
5,COUNTS,1782309291232,635901212728,COUNTS,1,Toklat Prince of Wales Spur,Tack & Equipment > Spurs & Straps > English Spurs,88-1801,Size: 1-Inch,Style: Men's,,,,Wellington Warehouse,15.95,15.95,15.95,24.99,0,0,,,
1,COUNTS,1782309291232,635901211547,COUNTS,1,Toklat Prince of Wales Canted Spur,Tack & Equipment > Spurs & Straps > English Spurs,88-1131,Size: 1 1/4-Inch,Style: Men's,,,,Wellington Warehouse,15.95,15.95,15.95,24.99,0,0,,,
2,COUNTS,1782309291232,635901212766,COUNTS,1,Toklat Prince of Wales Spur,Tack & Equipment > Spurs & Straps > English Spurs,88-1805,Size: 1 1/4-Inch,Style: Ladies',,,,Wellington Warehouse,15.95,15.95,15.95,24.99,0,0,,,
0,COUNTS,1782309291232,635901211592,COUNTS,1,Toklat Hammerhead Spur,Tack & Equipment > Spurs & Straps > English Spurs,88-1143,Size: 3/4-Inch,Style: Men's,,,,Wellington Warehouse,16.95,16.95,16.95,24.99,0,0,0.015625,,
2,COUNTS,1782309291232,635901211554,COUNTS,1,Toklat Fine Rowel Spur,Tack & Equipment > Spurs & Straps > English Spurs,88-1134,Size: 1 1/2-Inch,Style: Ladies',,,,Wellington Warehouse,16.95,16.95,16.95,25.99,0,0,,,
4,COUNTS,1782309291232,635901212742,COUNTS,1,Toklat Prince of Wales Tom Thumb Spur,Tack & Equipment > Spurs & Straps > English Spurs,88-1803,Size: 1/2-Inch,Style: Ladies',,,,Wellington Warehouse,15.95,15.95,15.95,24.99,0,0,,,
3,COUNTS,1782309291232,635901211462,COUNTS,1,Toklat Prince of Wales Tom Thumb Spurs,Tack & Equipment > Spurs & Straps > English Spurs,88-1125,Size: 1/2-Inch,Style: Youth,,,,Wellington Warehouse,15.95,15.95,15.95,24.99,0,0,,,
1,COUNTS,1782309291232,635901212810,COUNTS,1,Toklat Humane Spur,Tack & Equipment > Spurs & Straps > English Spurs,88-1812,Size: 1-Inch,Style: Ladies',,,,Wellington Warehouse,15.95,15.95,15.95,24.99,0,0,,,
1,COUNTS,1782309291232,635901215385,COUNTS,1,Toklat Stainless Steel Roping Spur with 1-Inch Band,Tack & Equipment > Spurs & Straps > Western Spurs,88-8821,Size: 2-Inch,Style: Men's,,,,Wellington Warehouse,29.95,29.95,29.95,39.99,0,0,,,
1,COUNTS,1782309291232,635901212803,COUNTS,1,Toklat Humane Spur,Tack & Equipment > Spurs & Straps > English Spurs,88-1810,Size: 1 3/4-Inch,Style: Ladies',,,,Wellington Warehouse,15.95,15.95,15.95,24.99,0,0,,,
0,BIN 1,1776787343289,867553000006,Spurs,1,Pomms Original,Tack & Equipment > Ear Plugs & Bonnets > Ear Plugs,1000_EHI,Size: Horse,Color: Black,,,,Wellington Warehouse,6.50,6.50,6.50,11.00,0,0,0.03797468,,
5,BIN 1,1776787343289,860000826471,Spurs,1,"Pomms Smooth Style, 4 Pack",Tack & Equipment > Ear Plugs & Bonnets > Ear Plugs,1301,Size: Pony,Color: Black,,,,Wellington Warehouse,6.50,6.50,6.50,13.99,0,0,,,
0,COUNTS,1782309291232,635901683214,COUNTS,1,Men's Toklat Premium 1/2-Inch Spur Strap,Tack & Equipment > Spurs & Straps > Spur Straps,88-1508M,Color: Black,Style: Men's,,,,Wellington Warehouse,10.50,10.50,10.50,18.99,0,0,0.015625,,
3,BIN 1,1776787262019,867553000020,Bits 1,1,The Original Bit Butter,Tack & Equipment > Bits > Bit Accessories,2000,Size: 4 Ounces,,,,,Wellington Warehouse,11.50,11.50,11.50,20.00,0,0,,,
1,BIN 1,1776787343289,860000826464,Spurs,1,"Pomms Smooth Style, 4 Pack",Tack & Equipment > Ear Plugs & Bonnets > Ear Plugs,1300,Size: Horse,Color: Black,,,,Wellington Warehouse,5.67,5.67,5.67,13.99,0,0,,,
15,BIN 1,1776787343289,867553000037,Spurs,1,Pomms Original,Tack & Equipment > Ear Plugs & Bonnets > Ear Plugs,1001_EHI,Size: Pony,Color: Black,,,,Wellington Warehouse,6.50,6.50,6.50,8.99,0,0,0.012048192,,
2,BIN 1,1776787211212,635901211943,Gloves,1,Toklat Peacock Safety Stirrup Irons,Tack & Equipment > Stirrups & Leathers > English Stirrups,88-1514-1,Size: 4 Inches,,,,,Wellington Warehouse,28.95,28.95,28.95,44.99,0,0,,,
1,BIN 1,1776787211212,635901211950,Gloves,1,Toklat Peacock Safety Stirrup Irons,Tack & Equipment > Stirrups & Leathers > English Stirrups,88-1514-2,Size: 4 1/4 Inches,,,,,Wellington Warehouse,28.95,28.95,28.95,44.99,0,0,,,
18,BIN 1,1776787211212,635901211998,Gloves,1,Toklat Replacement Leathers for Peacock Stirrups,Tack & Equipment > Stirrups & Leathers > Stirrup Leathers & Accessories,88-1514PL,Quantity: 1 Pair,,,,,Wellington Warehouse,1.75,1.75,1.75,3.50,0,0,,,
7,BIN 1,1776787211212,635901211981,Gloves,1,Toklat Replacement Rubber Rings for Peacock Stirrups.,Tack & Equipment > Stirrups & Leathers > Stirrup Leathers & Accessories,88-1514-5,Quantity: 1 Pair,,,,,Wellington Warehouse,1.95,1.95,1.95,4.49,0,0,,,
1,BIN 1,1776787211212,635901212025,Gloves,1,Toklat Fillis Stirrup Irons,Tack & Equipment > Stirrups & Leathers > English Stirrups,88-1515-3,Size: 4 1/2 Inches,,,,,Wellington Warehouse,28.95,28.95,28.95,39.99,0,0,,,
2,BIN 1,1776787211212,635901212018,Gloves,1,Toklat Fillis Stirrup Irons,Tack & Equipment > Stirrups & Leathers > English Stirrups,88-1515-2,Size: 4 1/4 Inches,,,,,Wellington Warehouse,28.95,28.95,28.95,39.99,0,0,,,
1,BIN 1,1776787211212,635901211967,Gloves,1,Toklat Peacock Safety Stirrup Irons,Tack & Equipment > Stirrups & Leathers > English Stirrups,88-1514-3,Size: 4 1/2 Inches,,,,,Wellington Warehouse,28.95,28.95,28.95,44.99,0,0,,,
4,BIN 1,1776787211212,670784006361,Gloves,1,EasyCare Easyboot Epic Replacement Gaiter,Tack & Equipment > Boots & Wraps > Accessories,SB-EASYGAIT4,Size: 4,,,,,Wellington Warehouse,20.47,20.47,20.47,32.95,0,0,,,
1,BIN 1,1776787262019,635901211875,Bits 1,1,Toklat Loose Ring Thin Mouth Snaffle,Tack & Equipment > Bits > English Bits,88-15105,Size: 5-Inch,,,,,Wellington Warehouse,14.95,14.95,14.95,21.99,0,0,,,
0,BIN 1,1776787262019,635901212933,Bits 1,1,Toklat Thin D-Ring Snaffle,Tack & Equipment > Bits > English Bits,88-18325,Size: 5-Inch,,,,,Wellington Warehouse,21.95,21.95,21.95,29.99,0,0,,,
2,BIN 1,1776787211212,635901212155,Gloves,1,Toklat Fillis Stirrup Pads,Tack & Equipment > Stirrups & Leathers > Stirrup Leathers & Accessories,88-1515PB-4,Size: 4 3/4 Inches,Color: Black,,,,Wellington Warehouse,2.95,2.95,2.95,5.99,0,0,,,
0,BIN 1,1776787262019,635901212384,Bits 1,1,Toklat Full Cheek Snaffle,Tack & Equipment > Bits > English Bits,88-15255,Size: 5-Inch,,,,,Wellington Warehouse,22.95,22.95,22.95,37.99,0,0,,,
0,BIN 1,1776787262019,635901212186,Bits 1,1,Toklat 16mm Eggbutt French Link Snaffle,Tack & Equipment > Bits > English Bits,88-15195,Size: 5-Inch,,,,,Wellington Warehouse,21.95,21.95,21.95,34.99,0,0,,,
0,BIN 1,1776787262019,635901342623,Bits 1,1,Toklat 16mm 3-Piece Eggbutt Snaffle,Tack & Equipment > Bits > English Bits,88-18385,Size: 5-Inch,,,,,Wellington Warehouse,29.50,29.50,29.50,49.99,0,0,,,
0,BIN 1,1776787262019,635901335328,Bits 1,1,Toklat 16mm Eggbutt French Link Snaffle,Tack & Equipment > Bits > English Bits,88-15197,Size: 5 1/2-Inch,,,,,Wellington Warehouse,21.95,21.95,21.95,34.99,0,0,,,
0,BIN 1,1776787262019,635901212223,Bits 1,1,Toklat 16mm Eggbutt Snaffle with 3 1/2-Inch Ring,Tack & Equipment > Bits > English Bits,88-15205,Size: 5-Inch,,,,,Wellington Warehouse,20.95,20.95,20.95,34.99,0,0,,,
1,BIN 1,1776787211212,635901212087,Gloves,1,Toklat Fillis Stirrup Pads,Tack & Equipment > Stirrups & Leathers > Stirrup Leathers & Accessories,88-1515P-1,Size: 4 Inches,Color: White,,,,Wellington Warehouse,2.95,2.95,2.95,5.99,0,0,,,
0,BIN 1,1776787262019,635901212254,Bits 1,1,Toklat 16mm Eggbutt Snaffle with 3 1/2-Inch Ring,Tack & Equipment > Bits > English Bits,88-15207,Size: 5 1/2-Inch,,,,,Wellington Warehouse,20.95,20.95,20.95,34.99,0,0,,,
4,BIN 1,1776787211212,635901212124,Gloves,1,Toklat Fillis Stirrup Pads,Tack & Equipment > Stirrups & Leathers > Stirrup Leathers & Accessories,88-1515PB-1,Size: 4 Inches,Color: Black,,,,Wellington Warehouse,2.95,2.95,2.95,5.99,0,0,,,
1,BIN 1,1776787211212,635901334901,Gloves,1,Toklat Flexible Stirrup Irons,Tack & Equipment > Stirrups & Leathers > English Stirrups,88-1517-3,Size: 4 1/2 Inches,,,,,Wellington Warehouse,31.50,31.50,31.50,49.99,0,0,0.018181818,,
0,BIN 1,1776787262019,635901342630,Bits 1,1,Toklat 16mm 3-Piece Eggbutt Snaffle,Tack & Equipment > Bits > English Bits,88-18387,Size: 5 1/2-Inch,,,,,Wellington Warehouse,29.50,29.50,29.50,49.99,0,0,,,
3,BIN 1,1776787211212,635901660635,Gloves,1,Toklat Fillis Stirrup Pads,Tack & Equipment > Stirrups & Leathers > Stirrup Leathers & Accessories,88-1515P-5,Size: 5 Inches,Color: White,,,,Wellington Warehouse,2.95,2.95,2.95,5.99,0,0,,,
1,BIN 1,1776787211212,635901212117,Gloves,1,Toklat Fillis Stirrup Pads,Tack & Equipment > Stirrups & Leathers > Stirrup Leathers & Accessories,88-1515P-4,Size: 4 3/4 Inches,Color: White,,,,Wellington Warehouse,2.95,2.95,2.95,5.99,0,0,,,
0,BIN 1,1776787262020,635901213145,Bits 2,1,Toklat Western D-Ring Snaffle,Tack & Equipment > Bits > Western Bits,88-18705,Size: 5-Inch,,,,,Wellington Warehouse,23.50,23.50,23.50,39.95,0,0,,,
0,BIN 1,1776787262019,635901213183,Bits 1,1,Toklat Heavy English Double Link Curb Chain,Tack & Equipment > Bits > Bit Accessories,88-2500,Title: Default Title,,,,,Wellington Warehouse,7.50,7.50,7.50,12.99,0,0,,,
0,BIN 1,1776787262020,635901213749,Bits 2,1,Toklat Stainless Steel Tom Thumb Shank with Curb Ring and Snaffle Mouthpiece,Tack & Equipment > Bits > Western Bits,88-51107,Size: 5 1/2-Inch,,,,,Wellington Warehouse,23.95,23.95,23.95,37.99,0,0,,,
0,BIN 1,1776787262019,635901213480,Bits 1,1,"Toklat 12mm Snaffle with 3"" Rings",Tack & Equipment > Bits > English Bits,88-29035,Size: 5-Inch,,,,,Wellington Warehouse,12.95,12.95,12.95,19.99,0,0,,,
0,BIN 1,1776787262019,635901214036,Bits 1,1,Toklat Stainless Steel Hunt D-Ring Snaffle,Tack & Equipment > Bits > English Bits,88-55205,Size: 5-Inch,,,,,Wellington Warehouse,19.95,19.95,19.95,39.95,0,0,,,
0,BIN 1,1776787262019,635901213503,Bits 1,1,"Toklat 12mm Snaffle with 3"" Rings",Tack & Equipment > Bits > English Bits,88-29037,Size: 5 1/2-Inch,,,,,Wellington Warehouse,12.95,12.95,12.95,19.99,0,0,,,
1,BIN 1,1776787262020,635901213817,Bits 2,1,Toklat Swept Back Shank with Curb Ring and Stainless Steel/Copper Roller Mouthpiece,Tack & Equipment > Bits > Western Bits,88-51255,Size: 5-Inch,,,,,Wellington Warehouse,28.50,28.50,28.50,39.95,0,0,,,
0,BIN 1,1776787262019,635901213497,Bits 1,1,"Toklat 12mm Snaffle with 3"" Rings",Tack & Equipment > Bits > English Bits,88-29036,Size: 5 1/4-Inch,,,,,Wellington Warehouse,12.95,12.95,12.95,19.99,0,0,,,
0,BIN 1,1776787262019,635901214050,Bits 1,1,Toklat Stainless Steel Hunt D-Ring Snaffle,Tack & Equipment > Bits > English Bits,88-55206,Size: 5 1/4-Inch,,,,,Wellington Warehouse,19.95,19.95,19.95,39.95,0,0,,,
0,BIN 1,1776787262019,635901335489,Bits 1,1,Toklat Slow Twist Hunt D-Ring,Tack & Equipment > Bits > English Bits,88-55277,Size: 5 1/2-Inch,,,,,Wellington Warehouse,22.95,22.95,22.95,39.99,0,0,,,
1,LVL 3,1771259569148,649982076001,Blankets 7,3,Rambo Stable Sheet with Embossed Lining (No Fill),Horse Wear > Blankets & Sheets > Stable Blankets & Sheets > Lightweight,ADAAAC-BBW0-69,Size: 69,Color: Navy,,,,Wellington Warehouse,68.00,68.00,68.00,99.99,0,0,,,
1,LVL 3,1771259569148,649982075974,Blankets 7,3,Rambo Stable Sheet with Embossed Lining (No Fill),Horse Wear > Blankets & Sheets > Stable Blankets & Sheets > Lightweight,ADAAAC-BBW0-60,Size: 60,Color: Navy,,,,Wellington Warehouse,68.00,68.00,68.00,99.99,0,0,,,
6,LVL 3,1771259569148,649982075066,Blankets 7,3,Rambo Stable Blanket with Microfiber Lining (200g Medium),Horse Wear > Blankets & Sheets > Stable Blankets & Sheets > Medium Weight,ABAAA3-BBW0-75,Size: 75,Color: Navy,,,,Wellington Warehouse,89.00,89.00,89.00,129.99,0,0,,,
1,LVL 3,1771259569148,649982075011,Blankets 7,3,Rambo Stable Blanket with Microfiber Lining (200g Medium),Horse Wear > Blankets & Sheets > Stable Blankets & Sheets > Medium Weight,ABAAA3-BBW0-60,Size: 60,Color: Navy,,,,Wellington Warehouse,89.00,89.00,89.00,129.99,0,0,,,
2,LVL 3,1771259569148,649982076018,Blankets 7,3,Rambo Stable Sheet with Embossed Lining (No Fill),Horse Wear > Blankets & Sheets > Stable Blankets & Sheets > Lightweight,ADAAAC-BBW0-72,Size: 72,Color: Navy,,,,Wellington Warehouse,68.00,68.00,68.00,99.99,0,0,,,
4,LVL 3,1771259569148,649982075103,Blankets 7,3,Rambo Stable Blanket with Microfiber Lining (200g Medium),Horse Wear > Blankets & Sheets > Stable Blankets & Sheets > Medium Weight,ABAAA3-BBW0-87,Size: 87,Color: Navy,,,,Wellington Warehouse,89.00,89.00,89.00,129.99,0,0,,,
1,LVL 3,1771259569148,649982076063,Blankets 7,3,Rambo Stable Sheet with Embossed Lining (No Fill),Horse Wear > Blankets & Sheets > Stable Blankets & Sheets > Lightweight,ADAAAC-BBW0-87,Size: 87,Color: Navy,,,,Wellington Warehouse,68.00,68.00,68.00,99.99,0,0,,,
3,LVL 3,1771259569148,649982075981,Blankets 7,3,Rambo Stable Sheet with Embossed Lining (No Fill),Horse Wear > Blankets & Sheets > Stable Blankets & Sheets > Lightweight,ADAAAC-BBW0-63,Size: 63,Color: Navy,,,,Wellington Warehouse,68.00,68.00,68.00,99.99,0,0,,,
0,BIN 1,1776787262020,635901189730,Bits 2,1,Toklat Tom Thumb with Large Copper Roller,Tack & Equipment > Bits > Western Bits,88-93235,Size: 5-Inch,,,,,Wellington Warehouse,26.50,26.50,26.50,39.99,0,0,,,
2,LVL 3,1771259569148,649982075035,Blankets 7,3,Rambo Stable Blanket with Microfiber Lining (200g Medium),Horse Wear > Blankets & Sheets > Stable Blankets & Sheets > Medium Weight,ABAAA3-BBW0-66,Size: 66,Color: Navy,,,,Wellington Warehouse,89.00,89.00,89.00,129.99,0,0,,,
13,ROW 4 : LVL 3,1774281545043,786232102605,Grooming,3,EQyss Avocado Mist Conditioning Spray,"Horse Care > Grooming & Bathing > Shampoos, Conditioners & Sprays > Detanglers, Shines & Sprays",10260,Size: 1 Gallon,,,,,Wellington Warehouse,44.78,44.78,44.78,59.99,0,0,0.025316456,Fri May 29 2026 16:55:18 GMT+0000 (Coordinated Universal Time),RJ TRADE SHOW MAY #26055027400
2,ROW 4 : LVL 3,1774281545043,786232102551,Grooming,3,EQyss Premier Coat Moisturizing & Conditioning Spray,"Horse Care > Grooming & Bathing > Shampoos, Conditioners & Sprays > Detanglers, Shines & Sprays",10255,Size: 1 Gallon,,,,,Wellington Warehouse,34.78,34.78,34.78,59.99,0,0,,,
22,ROW 4 : LVL 3,1774281545043,786232102650,Grooming,3,EQyss Avocado Mist Conditioning Spray,"Horse Care > Grooming & Bathing > Shampoos, Conditioners & Sprays > Detanglers, Shines & Sprays",10265,Size: 32 Ounces,,,,,Wellington Warehouse,13.77,13.93,14.01,20.95,0,0,0.031746034,Fri May 29 2026 16:55:41 GMT+0000 (Coordinated Universal Time),RJ TRADE SHOW MAY #26055027400
1,BIN 1,1776787211212,4022853219695,Gloves,1,Herm Sprenger Flexcite Stirrups,Tack & Equipment > Stirrups & Leathers > English Stirrups,44288 122 55,Size: 4 3/4 Inches,Style: Grey/Black Pad,,,,Wellington Warehouse,140.20,140.20,140.20,266.10,0,0,0.057142857,,
0,BIN-04,1768403067588,892277186576,Shelf 12,4,EquiFit Standing Bandage,Tack & Equipment > Boots & Wraps > Leg Wraps,20008,Title: Default Title,,,,,Wellington Warehouse,36.00,36.00,36.00,72.00,0,0,,,
0,BIN-04,1768403067588,00892277180307,Shelf 12,4,EquiFit PasternWrap,Tack & Equipment > Boots & Wraps > Leg Wraps,02011-WD,Size: Wide,,,,,Wellington Warehouse,15.29,15.29,15.29,34.00,0,0,0.035714287,,
0,BIN-04,1768403067588,00892277180314,Shelf 12,4,EquiFit PasternWrap,Tack & Equipment > Boots & Wraps > Leg Wraps,02011-REG,Size: Regular,,,,,Wellington Warehouse,15.29,15.29,15.29,34.00,0,0,,,
2,BIN 1,1776787211212,4022853250858,Gloves,1,Herm Sprenger Exclusive Stirrup Leathers,Tack & Equipment > Stirrups & Leathers > Stirrup Leathers & Accessories,49196 150 00,Size: 150 Centimeters,Color: Black,,,,Wellington Warehouse,47.50,47.50,47.50,59.99,0,0,0.1,,
2,BIN 1,1776787211212,00892277174610,Gloves,1,EquiFit No Hassle TailWrap,Horse Care > Grooming & Bathing > Tails & Tail Bags,1279,Color: Black,,,,,Wellington Warehouse,20.09,20.09,20.09,41.00,0,0,,,
2,BIN-04,1777314709514,"00892277186217, 00892277186217",Shelf 21,4,EquiFit SilentFit HeadsUp Bonnet,Tack & Equipment > Ear Plugs & Bonnets > Bonnets,52586-H-BLK,Size: Horse,Color: Black,,,,Wellington Warehouse,73.00,73.00,73.00,143.00,0,0,,,
1,BIN-04,1777314709514,892277186194,Shelf 21,4,EquiFit HeadsUp Bonnet,Tack & Equipment > Ear Plugs & Bonnets > Bonnets,52585-H-BLK,Size: Horse,Color: Black,,,,Wellington Warehouse,66.95,66.95,66.95,138.00,0,0,,,
1,BIN-04,1777314709514,892277186200,Shelf 21,4,EquiFit HeadsUp Bonnet,Tack & Equipment > Ear Plugs & Bonnets > Bonnets,52585-OS-BLK,Size: Oversized,Color: Black,,,,Wellington Warehouse,66.95,66.95,66.95,138.00,0,0,,,
1,BIN-04,1777314709514,00892277186224,Shelf 21,4,EquiFit SilentFit HeadsUp Bonnet,Tack & Equipment > Ear Plugs & Bonnets > Bonnets,52586-OS-BLK,Size: Oversized,Color: Black,,,,Wellington Warehouse,73.00,73.00,73.00,143.00,0,0,,,
2,BIN-04,1777314709514,892277186996,Shelf 21,4,EquiFit HeadsUp Bonnet,Tack & Equipment > Ear Plugs & Bonnets > Bonnets,52585-C-BLK,Size: Cobb,Color: Black,,,,Wellington Warehouse,66.95,66.95,66.95,138.00,0,0,,,
0,ROW 3 : LVL 1,1774281545036,,Grooming,1,EnviroEquine Stain Away Spray,"Horse Care > Grooming & Bathing > Shampoos, Conditioners, & Sprays > Stain Removers",691037928071,Size: 1 Gallon,,,,,Wellington Warehouse,51.97,51.97,51.97,79.95,0,0,,,
10,ROW 3 : LVL 1,1774281545036,,Grooming,1,EnviroEquine Show Ring Ready Shampoo,"Horse Care > Grooming & Bathing > Shampoos, Conditioners, & Sprays > Shampoos",691037928002,Size: 32 Ounces,,,,,Wellington Warehouse,22.72,22.72,22.72,34.95,0,0,,,
0,ROW 3 : LVL 1,1774281545036,691037928070,Grooming,1,EnviroEquine Stain Away Spray,"Horse Care > Grooming & Bathing > Shampoos, Conditioners, & Sprays > Stain Removers",691037928070,Size: 32 Ounces,,,,,Wellington Warehouse,22.72,22.72,22.72,34.95,0,0,0.035714287,,
1,BIN-04,1767722157720,789088131829,Shelf 7,4,Kensington Grooming Tote,Horse Care > Grooming & Bathing > Brushes & Tools > Grooming Bags,KGT-500,Color: Desert Sand,,,,,Wellington Warehouse,14.00,14.00,14.00,27.99,0,0,,,
2,ROW 1 : LVL 2,1774281650388,707129259448,Hoof/Treats,2,EnviroEquine CocoTea Hoof Oil,Horse Care > Grooming & Bathing > Hoof Oils & Conditioner,707129259448,Size: 16 Ounces,,,,,Wellington Warehouse,26.00,26.00,26.00,39.95,0,0,0.051282052,,
1,BIN-01,1767722157718,789088134998,Shelf 7,1,Kensington Aisle Guard,Stable > Stable Supplies > Misc,KXAG-2019,Color: Imperial Jade,,,,,Wellington Warehouse,100.00,100.00,100.00,199.99,0,0,,,
4,BIN-01,1767722157718,789088116192,Shelf 7,1,Kensington Stall Door Guard with Hardware,Stable > Stable Supplies > Stall Supplies,KDSG2019,Color: Imperial Jade,,,,,Wellington Warehouse,67.50,67.50,67.50,89.99,0,0,,,
1,BIN-01,1767722157718,789088129987,Shelf 7,1,Kensington Stall Door Guard with Hardware,Stable > Stable Supplies > Stall Supplies,KDSG500,Color: Desert Sand,,,,,Wellington Warehouse,67.50,67.50,67.50,89.99,0,0,,,
0,BIN-04,1767722157720,789088134448,Shelf 7,4,Kensington Grooming Tote,Horse Care > Grooming & Bathing > Brushes & Tools > Grooming Bags,KGT-2017,Color: Imperial Jade,,,,,Wellington Warehouse,14.00,14.00,14.00,27.99,0,0,,,
3,BIN-01,1767722157718,789088131973,Shelf 7,1,Kensington Aisle Guard,Stable > Stable Supplies > Misc,KXAG-121,Color: Deluxe Black,,,,,Wellington Warehouse,100.00,100.00,100.00,199.99,0,0,,,
6,BIN-04,1767722157720,789088131799,Shelf 7,4,Kensington Grooming Tote,Horse Care > Grooming & Bathing > Brushes & Tools > Grooming Bags,KGT-181,Color: Kentucky Blue,,,,,Wellington Warehouse,14.00,14.00,14.00,27.99,0,0,,,
4,ROW 5 : LVL 4,1769190184154,707129259394,Fly sprays,4,EnviroEquine Fly Spray Plus,Horse Care > Fly & Insect Control > Fly Sprays & Traps,707129259394,Size: 1 Gallon,,,,,Wellington Warehouse,52.00,52.00,52.00,79.95,0,0,0.04761905,,
5,BIN-04,1767722157720,789088131805,Shelf 7,4,Kensington Grooming Tote,Horse Care > Grooming & Bathing > Brushes & Tools > Grooming Bags,KGT-2019,Color: Lavender Mint,,,,,Wellington Warehouse,14.00,14.00,14.00,27.99,0,0,,,
3,BIN-03,1767452692384,"789088129758, 789088129758",Shelf 2,3,"Kensington Uviator CatchMask with Ears, Removable Nose, & Forelock Opening",Horse Wear > Fly & Insect Control > Fly Masks,KCM421-L-2017,Size: Large - Average,Color: Lavender Mint,,,,Wellington Warehouse,50.00,50.00,50.00,99.99,0,0,0.050632913,,
11,BIN-03,1767452692384,"789088129789, 789088129789",Shelf 2,3,"Kensington Uviator CatchMask with Ears, Removable Nose, & Forelock Opening",Horse Wear > Fly & Insect Control > Fly Masks,KCM421-M-181,Size: Medium - Small Horse,Color: Kentucky  Blue,,,,Wellington Warehouse,50.00,50.00,50.00,99.99,0,0,0.012658228,,
3,BIN-03,1767452692384,"789088129741, 789088129741",Shelf 2,3,"Kensington Uviator CatchMask with Ears, Removable Nose, & Forelock Opening",Horse Wear > Fly & Insect Control > Fly Masks,KCM421-L-181,Size: Large - Average,Color: Kentucky  Blue,,,,Wellington Warehouse,50.00,50.00,50.00,99.99,0,0,,,
0,BIN-05,1767466772771,7.89088E+11,Shelf 3,5,Kensington Mini/Pony Bubble Fly Boots,Horse Wear > Fly & Insect Control > Fly Boots,KMPBFB-M-121,Quantity: Set of 4,Color: Deluxe Black,,,,Wellington Warehouse,25.00,25.00,25.00,38.40,0,0,0.015151516,,
7,BIN-03,1767452692384,"789088129826, 789088129826",Shelf 2,3,"Kensington Uviator CatchMask with Ears, Removable Nose, & Forelock Opening",Horse Wear > Fly & Insect Control > Fly Masks,KCM421-XL-181,Size: Extra Large - Large Horse,Color: Kentucky  Blue,,,,Wellington Warehouse,50.00,50.00,50.00,99.99,0,0,,,
0,BIN-05,1767466772771,"789088131379, 789088131379",Shelf 3,5,Kensington Mini/Pony Bubble Fly Boots,Horse Wear > Fly & Insect Control > Fly Boots,KMPBFB-M-181,Quantity: Set of 4,Color: Kentucky Blue,,,,Wellington Warehouse,25.00,25.00,25.00,38.40,0,0,,,
0,BIN-03,1767452692384,"789088129796, 789088129796",Shelf 2,3,"Kensington Uviator CatchMask with Ears, Removable Nose, & Forelock Opening",Horse Wear > Fly & Insect Control > Fly Masks,KCM421-M-2017,Size: Medium - Small Horse,Color: Lavender Mint,,,,Wellington Warehouse,50.00,50.00,50.00,99.99,0,0,0.02631579,,
5,BIN-03,1767452692384,"789088129772, 789088129772",Shelf 2,3,"Kensington Uviator CatchMask with Ears, Removable Nose, & Forelock Opening",Horse Wear > Fly & Insect Control > Fly Masks,KCM421-M-121,Size: Medium - Small Horse,Color: Deluxe Black,,,,Wellington Warehouse,50.00,50.00,50.00,99.99,0,0,0.035714287,,
11,BIN-03,1767452692384,7.89088E+11,Shelf 2,3,"Kensington Uviator CatchMask with Ears, Removable Nose, & Forelock Opening",Horse Wear > Fly & Insect Control > Fly Masks,KCM421-L-121,Size: Large - Average,Color: Deluxe Black,,,,Wellington Warehouse,50.00,50.00,50.00,99.99,0,0,0.07692308,,
5,BIN-03,1767452692384,"789088129819, 789088129819",Shelf 2,3,"Kensington Uviator CatchMask with Ears, Removable Nose, & Forelock Opening",Horse Wear > Fly & Insect Control > Fly Masks,KCM421-XL-121,Size: Extra Large - Large Horse,Color: Deluxe Black,,,,Wellington Warehouse,50.00,50.00,50.00,99.99,0,0,0.030303031,,
6,BIN-03,1767452692384,"789088129833, 789088129833",Shelf 2,3,"Kensington Uviator CatchMask with Ears, Removable Nose, & Forelock Opening",Horse Wear > Fly & Insect Control > Fly Masks,KCM421-XL-2017,Size: Extra Large - Large Horse,Color: Lavender Mint,,,,Wellington Warehouse,50.00,50.00,50.00,99.99,0,0,0.025974026,,
5,BIN-01,1767553027607,6438076354842,Shelf 4,1,Horze Fetlock Boots,Tack & Equipment > Boots & Wraps > Protective Boots > Hind Boots,19416-BL-C,Size: Cob,Color: Black,,,,Wellington Warehouse,10.35,10.35,10.35,29.99,0,0,,,
1,LVL 2,1770840424777,7340041158562,Blankets 5,2,Back on Track Supreme Fleece Rug,"Horse Wear > Blankets & Sheets > Coolers, Fleece & Covers",21419065,Size: 87,Color: Black,,,,Wellington Warehouse,102.50,102.50,102.50,205.00,0,0,,,
2,LVL 2,1770840424777,7340041158500,Blankets 5,2,Back on Track Supreme Fleece Rug,"Horse Wear > Blankets & Sheets > Coolers, Fleece & Covers",21419025,Size: 69,Color: Black,,,,Wellington Warehouse,102.50,102.50,102.50,205.00,0,0,,,
1,BIN-01,1767553027607,811311030323,Shelf 4,1,Thinline Flexible Filly Air Shock 3/4 Hind Boot,Tack & Equipment > Boots & Wraps > Protective Boots > Hind Boots,4013-B,Color: Black,,,,,Wellington Warehouse,45.00,45.00,45.00,74.00,0,0,,,
2,BIN-01,1767553027607,811311030316,Shelf 4,1,Thinline Flexible Filly Air Shock Open Front Boot,Tack & Equipment > Boots & Wraps > Protective Boots > Front Boots,4012-B,Color: Black,,,,,Wellington Warehouse,52.00,52.00,52.00,95.00,0,0,,,
1,BIN-01,1767553027607,811311030330,Shelf 4,1,Thinline Flexible Filly Air Shock Ankle Boot,Tack & Equipment > Boots & Wraps > Protective Boots > Hind Boots,4014-B,Color: Black,,,,,Wellington Warehouse,35.00,35.00,35.00,69.00,0,0,,,
2,BIN-02,1768403023956,6438076127743,Shelf 10,2,Horze Pro Bell Boots,Tack & Equipment > Boots & Wraps > Bell Boots,19764-BL-S,Size: Small,Color: Black,,,,Wellington Warehouse,8.82,8.82,8.82,24.99,0,0,,,
11,BIN-01,1773766480619,658456000138,Shelf 18,1,Walsh Leather Lead with 24-Inch Chain,Tack & Equipment > Halters & Leads > Lead Ropes,58024-HV,Color: Havana,,,,,Wellington Warehouse,47.00,47.00,47.00,85.00,0,0,,,
12,ROW 4 : LVL 1,1774281147461,184244000290,Supplements 2,1,LubriSyn HA + MSM Joint Supplement,Horse Care > Supplements > Joint Health,0012,Size: 32 oz,,,Lot #0925059,2027-04-01,Wellington Warehouse,70.41,70.41,70.41,105.29,0,0,,,
4,BIN-01,1773766441663,658456000855,Shelf 16,1,Walsh Shipping Halter,Tack & Equipment > Halters & Leads > Halters > Leather Halters,5847,Size: Regular Horse,Color: White,Add-On's: Halter Only,,,Wellington Warehouse,180.00,180.00,180.00,324.00,0,0,,,
1,BIN 1,1776787262019,658456001616,Bits 1,1,Walsh Curb Chain with Leather Ends,Tack & Equipment > Bits > Bit Accessories,8107,Color: Havana,,,,,Wellington Warehouse,27.00,27.00,27.00,49.00,0,0,,,
1,BIN-01,1773766441663,658456009193,Shelf 16,1,Walsh Shadow Roll,"Tack & Equipment > Bridles, Headstalls & Reins > English Bridles & Reins > Bridle Accessories",1411-NT,Color: Natural,,,,,Wellington Warehouse,21.00,21.00,21.00,38.00,0,0,,,
1,BIN 1,1776787343289,658456001500,Spurs,1,Walsh Gag Cheeks,"Tack & Equipment > Bridles, Headstalls & Reins > English Bridles & Reins > Bridle Accessories",8102,Size: 1/2-Inch,Color: Havana,,,,Wellington Warehouse,53.00,53.00,53.00,95.00,0,0,,,
3,BIN 1,1776787262019,658456001708,Bits 1,1,Walsh Pelham Bit Converters,Tack & Equipment > Bits > Bit Accessories,8114-M,Size: 6.5-Inch (Medium),,,,,Wellington Warehouse,29.00,29.00,29.00,52.00,0,0,,,
4,BIN 1,1776787262019,658456001562,Bits 1,1,Walsh Ring Bit Converters,Tack & Equipment > Bits > Bit Accessories,8103-L,Size: Large,Color: Havana,,,,Wellington Warehouse,45.00,45.00,45.00,81.00,0,0,,,
0,BIN-01,1768403023955,559109717,Shelf 10,1,Walsh Quarter Boots,Tack & Equipment > Boots & Wraps > Hoof Boots,RT485M,Size: Medium,Color: Black,,,,Wellington Warehouse,25.00,25.00,25.00,49.00,0,0,0.024390243,,
8,BIN-03,1767466772769,00892277187580,Shelf 3,3,EquiFit Essential FlyMask,Horse Wear > Fly & Insect Control > Fly Masks,52600,Size: Pony,Color: Black,,,,Wellington Warehouse,22.05,22.05,22.05,40.00,0,0,,,
5,BIN-03,1767466772769,00892277187597,Shelf 3,3,EquiFit Essential FlyMask,Horse Wear > Fly & Insect Control > Fly Masks,52601,Size: Cob,Color: Black,,,,Wellington Warehouse,22.05,22.05,22.05,40.00,0,0,,,
1,BIN-05,1773766441667,000399130722,Shelf 16,5,Weaver Leather 1-Inch Original Non-Adjustable Halter,Tack & Equipment > Halters & Leads > Halters > Nylon & Rope Halters,35-7004-NV,Size: Small Horse,Color: Navy,,,,Wellington Warehouse,12.99,12.99,12.99,18.85,0,0,,,
2,BIN-03,1767466772769,00892277187610,Shelf 3,3,EquiFit Essential FlyMask,Horse Wear > Fly & Insect Control > Fly Masks,52603,Size: Oversize,Color: Black,,,,Wellington Warehouse,22.05,22.05,22.05,40.00,0,0,0.014084507,,
22,ROW 3 : LVL 3,1774281614628,034264416505,Grooming/Tack Cleaner,3,Oster A-5 Cryogen-X Replacement Blade,"Horse Care > Grooming & Bathing > Clippers, Blades & Accessories",78919-026,Size: 30,,,,,Wellington Warehouse,24.67,24.67,24.67,29.99,0,0,0.057692308,,
26,ROW 3 : LVL 3,1774281614628,034264416499,Grooming/Tack Cleaner,3,Oster A-5 Cryogen-X Replacement Blade,"Horse Care > Grooming & Bathing > Clippers, Blades & Accessories",78919-036,Size: 15,,,,,Wellington Warehouse,24.67,24.67,24.67,29.99,0,0,0.11764706,,
0,ROW 1 : LVL 1,1774281650387,860000581509,Hoof/Treats,1,"Spitfire Poultice Paper, Single Roll",Horse Care > First Aid & Wellness > Poultices & Hoof Packing,SFPP,Title: Default Title,,,,,Wellington Warehouse,5.50,5.50,5.50,9.99,0,0,0.026666667,,
10,ROW 3 : LVL 3,1774281614628,034264416482,Grooming/Tack Cleaner,3,Oster A-5 Cryogen-X Replacement Blade,"Horse Care > Grooming & Bathing > Clippers, Blades & Accessories",78919-046,Size: 10,,,,,Wellington Warehouse,24.67,24.67,24.67,29.99,0,0,0.11764706,,
16,ROW 1 : LVL 1,1774281650387,086621802063,Hoof/Treats,1,Farnam Forshner's Hoof Packing,Horse Care > First Aid & Wellness > Poultices & Hoof Packing,13143-2,Size: 14 Pounds,,,,,Wellington Warehouse,87.57,87.57,87.57,104.99,0,0,,,
10,ROW 1 : LVL 3,1768938712711,086621304017,First Aid,3,Farnam Wound Kote Blue Lotion Spray,Horse Care > First Aid & Wellness > Wound Care & Topicals,30401,Size: 5 Ounces,,,,,Wellington Warehouse,6.40,6.40,6.40,8.49,0,0,0.016666668,,
5,ROW 1 : LVL 1,1774281650387,086621802056,Hoof/Treats,1,Farnam Forshner's Hoof Packing,Horse Care > First Aid & Wellness > Poultices & Hoof Packing,13143-1,Size: 4 Pounds,,,,,Wellington Warehouse,34.92,34.92,34.92,42.99,0,0,,,
2,ROW 3 : LVL 1,1774281147457,180697000139,Supplements 2,1,Succeed Digestive Conditioning Program,Horse Care > Supplements > Digestive & Gut Health,US-DCP 33702,Size: 1.79 Pounds (30-Day Supply),,,Lot #BAE08AR42,2026-11-08,Wellington Warehouse,111.00,111.00,111.00,134.99,0,0,,,
4,ROW 1 : LVL 2,1768938712710,723754192059,First Aid,2,JorVet Brown Cling Gauze - 12 Rolls,Horse Care > First Aid & Wellness > First Aid Supplies,J0192B,Size: 6 Inches x 5 Yards,,,,,Wellington Warehouse,11.26,11.26,11.26,16.99,0,0,0.03125,,
11,ROW 4 : LVL 1,1774281545041,5021544000740,Grooming,1,Carr & Day & Martin Gallop Conditioning Shampoo,"Horse Care > Grooming & Bathing > Shampoos, Conditioners, & Sprays > Shampoos",CC003,Size: 1 Liter,,,,,Wellington Warehouse,7.20,7.20,7.20,11.99,0,0,,,
0,ROW 3 : LVL 3,1774281147459,851393005505,Supplements 2,3,Perfect Products MetaSweat,Horse Care > Supplements > Electrolytes & Salt,851393005505,Size: 4 Pounds,,,,,Wellington Warehouse,117.00,117.00,117.00,260.99,0,0,,,
8,ROW 4 : LVL 1,1774281614631,674422122154,Grooming/Tack Cleaner,1,Shapley's No.1 Light Oil,"Horse Care > Grooming & Bathing > Shampoos, Conditioners & Sprays > Detanglers, Shines & Sprays",NO1-QT DS,Size: 32 Ounces,,,,,Wellington Warehouse,9.18,9.18,9.18,13.99,0,0,0.018181818,,
3,BIN 1,1776787343289,000399492219,Spurs,1,Nylon Bucket Strap,Stable > Stable Organizers > Racks & Hooks,35-7065-BK,Color: Black,,,,,Wellington Warehouse,4.38,4.38,4.38,5.95,0,0,0.030303031,,
18,ROW 1 : LVL 1,1774281650387,840539041613,Hoof/Treats,1,Jack's Hoof Oil Brush,Horse Care > Grooming & Bathing > Brushes & Tools > Hoof Picks & Hoof Brushes,14794,Title: Default Title,,,,,Wellington Warehouse,2.87,2.87,2.87,3.99,0,0,0.028571429,,
27,BIN-03,1775240098868,1379301921661,Cavali 4,3,Free Ride Equestrian D-Ring Bit Belt,Rider > Accessories & Apparel > Belts,FALL406,Color: Burgundy,,,,,Wellington Warehouse,6.00,6.00,6.00,25.00,0,0,,,
8,ROW 1 : LVL 1,1774281650387,5060667800066,Hoof/Treats,1,Kelcie's PickBrush,Horse Care > Grooming & Bathing > Brushes & Tools > Hoof Picks & Hoof Brushes,FALL404,Title: Default Title,,,,,Wellington Warehouse,6.71,6.71,6.71,26.95,0,0,0.016666668,,
26,BIN-03,1775240098868,2560401921661,Cavali 4,3,Free Ride Equestrian D-Ring Bit Belt,Rider > Accessories & Apparel > Belts,FALL405,Color: Hunter Green,,,,,Wellington Warehouse,6.00,6.00,6.00,25.00,0,0,0.04,,
1,BIN-01,1767626770400,00892277189904,Shelf 5,1,Equifit Essential Everyday Front Boots with Vegan SheepsWool,Tack & Equipment > Boots & Wraps > Protective Boots > Front Boots,11334XLWHT,Size: Extra Large,Color: White with Natural,,,,Wellington Warehouse,57.49,57.49,57.49,125.00,0,0,,,
1,Grid wall,1770916055031,00892277187771,Girths,1,Equifit Belly Band +,Tack & Equipment > Girths & Cinches > English Girths > Hunter/Jumper Girths,52614HORSE,Size: Horse,,,,,Wellington Warehouse,99.75,99.75,99.75,194.00,0,0,,,
1,BIN-05,1767626770404,00892277189898,Shelf 5,5,Equifit Essential Everyday Front Boots with Vegan SheepsWool,Tack & Equipment > Boots & Wraps > Protective Boots > Front Boots,11334LGWHT,Size: Large,Color: White with Natural,,,,Wellington Warehouse,57.49,57.49,57.49,125.00,0,0,,,
1,LVL 5,1771953347962,649982119586,Fly Sheets 1,5,Amigo Flyrider,Horse Wear > Fly & Insect Control > Fly Sheets,AFRE10-VF00-XL,Size: XL,,,,,Wellington Warehouse,0.00,0.00,0.00,39.99,0,0,0.02173913,,
3,BIN-03,1768845014311,649982658375,Shelf 13,3,Rambo Micklem Competition Rubber Reins,"Tack & Equipment > Bridles, Headstalls & Reins > English Bridles & Reins > Reins",SHAD4D-NAB0-HO,Size: Horse,Color: Brown,,,,Wellington Warehouse,31.98,31.98,31.98,79.95,0,0,0.01724138,,
1,Grid wall,1770916055031,00892277187764,Girths,1,Equifit Belly Band +,Tack & Equipment > Girths & Cinches > English Girths > Hunter/Jumper Girths,52614COB,Size: Cob,,,,,Wellington Warehouse,99.75,99.75,99.75,194.00,0,0,,,
9,LVL 5,1771953347962,649982119562,Fly Sheets 1,5,Amigo Flyrider,Horse Wear > Fly & Insect Control > Fly Sheets,AFRE10-VF00-ME,Size: Medium,,,,,Wellington Warehouse,0.00,0.00,0.00,39.99,0,0,0.029411765,,
15,ROW 5 : LVL 3,1769190184153,011444200017,Fly sprays,3,Absorbine UltraShield EX Insecticide and Repellent,Horse Care > Fly & Insect Control > Fly Sprays & Traps,430854,Size: 32 Ounces,,,,,Wellington Warehouse,18.20,18.20,18.20,26.99,0,0,0.14285715,Fri May 29 2026 15:30:57 GMT+0000 (Coordinated Universal Time),RJ TRADE SHOW MAY #26055027400
8,BIN-04,1768403023958,782146157403,Shelf 10,4,Professional's Choice Quick-Wrap Bell Boots,Tack & Equipment > Boots & Wraps > Bell Boots,BB103B,Size: Large,Color: Black,,,,Wellington Warehouse,36.00,36.00,36.00,61.99,0,0,,,
3,ROW 4 : LVL 1,1774281545041,674422122086,Grooming,1,Shapley's Hi Shine Shampoo,"Horse Care > Grooming & Bathing > Shampoos, Conditioners, & Sprays > Shampoos",13136-1,Title: Default Title,,,,,Wellington Warehouse,7.37,7.37,7.37,10.99,0,0,,,
0,BIN-02,1776354991787,032554305256,Grooming Small,2,Ultimate Brush,Horse Care > Grooming & Bathing > Brushes & Tools > Brushes & Combs,65,Title: Default Title,,,,,Wellington Warehouse,6.95,6.97,6.98,12.99,0,12,,,
23,ROW 5 : LVL 3,1769190184153,011444200031,Fly sprays,3,Absorbine UltraShield EX Insecticide and Repellent,Horse Care > Fly & Insect Control > Fly Sprays & Traps,430870,Size: Gallon,,,,,Wellington Warehouse,54.83,54.83,54.83,79.19,0,0,0.027777778,Thu May 28 2026 19:14:13 GMT+0000 (Coordinated Universal Time),RJ TRADE SHOW MAY #26055027400
3,BIN-03,1773766441665,658456002767,Shelf 16,3,Walsh British Halter,Tack & Equipment > Halters & Leads > Halters > Leather Halters,5148-HV,Size: Oversize,,,,,Wellington Warehouse,108.00,108.00,108.00,194.00,0,0,,,
2,BIN-03,1773766441665,658456000152,Shelf 16,3,Walsh British Halter,Tack & Equipment > Halters & Leads > Halters > Leather Halters,5146-HV,Size: Cob,,,,,Wellington Warehouse,108.00,108.00,108.00,194.00,0,0,,,
5,BIN-05,1773766441667,782146222880,Shelf 16,5,Professional's Choice Rope Halter with Lead Rope,Tack & Equipment > Halters & Leads > Halters > Nylon & Rope Halters,HR-BLA,Title: Default Title,,,,,Wellington Warehouse,18.50,18.50,18.50,24.99,0,0,,,
8,ROW 2 : LVL 3,1768938712707,4042809819847,First Aid,3,Elastikon Elastic Tape,Horse Care > First Aid & Wellness > First Aid Supplies,16711494,"Size: 4"" x 2.5yd",,,,,Wellington Warehouse,9.69,9.69,9.69,13.99,0,0,0.17391305,,
0,ROW 2 : LVL 3,1768938712707,381370051756,First Aid,3,Elastikon Elastic Tape,Horse Care > First Aid & Wellness > First Aid Supplies,19724739,"Size: 3"" x 2.5yd",,,,,Wellington Warehouse,7.27,7.27,7.27,10.99,0,0,,,
1,ROW 3 : LVL 1,1774281147457,,Supplements 2,1,Vita Flex E & Selenium 4lb Bucket,Horse Care > Supplements > Vitamins & Minerals,18423659,Title: Default Title,,,,,Wellington Warehouse,21.87,21.87,21.87,35.99,0,0,,,
12,ROW 2 : LVL 1,1774282126773,723754193216,First Aid,1,"Non-sterile Gauze 4"" x 4""",Horse Care > First Aid & Wellness > First Aid Supplies,11664-2,Title: Default Title,,,,,Wellington Warehouse,7.94,7.94,7.94,10.99,0,0,0.020833334,,
3,BIN-04,1768403023958,782146315629,Shelf 10,4,Professional's Choice Spartan II Bell Boot,Tack & Equipment > Boots & Wraps > Bell Boots,BB563-BLA,Size: Large,,,,,Wellington Warehouse,24.75,24.75,24.75,42.99,0,0,,,
1,ROW 1 : LVL 1,1774281650387,761914200152,Hoof/Treats,1,Epsom Salt Poultice,Horse Care > First Aid & Wellness > Poultices & Hoof Packing,21297086,Size: 10 Pounds,,,,,Wellington Warehouse,66.99,68.47,69.95,89.99,0,4,0.03448276,,
5,BIN 1,1776787343289,,Spurs,1,One Knot Hair Net,Rider > Accessories & Apparel > Accessories,18911-4,Color: Dark Brown,,,,,Wellington Warehouse,5.96,5.96,5.96,9.99,0,0,0.048780486,,
6,ROW 1 : LVL 1,1774281650387,761914200145,Hoof/Treats,1,Epsom Salt Poultice,Horse Care > First Aid & Wellness > Poultices & Hoof Packing,15640544,Size: 20 Ounces,,,,,Wellington Warehouse,9.96,9.96,9.96,15.99,0,0,0.03846154,,
1,BIN 1,1776787343289,,Spurs,1,One Knot Hair Net,Rider > Accessories & Apparel > Accessories,18911-2,Color: Light Brown,,,,,Wellington Warehouse,5.96,5.96,5.96,9.99,0,0,0.037037037,,
4,BIN-04,1768403023958,782146315490,Shelf 10,4,Professional's Choice Spartan II Bell Boot,Tack & Equipment > Boots & Wraps > Bell Boots,BB562-BLA,Size: Medium,,,,,Wellington Warehouse,24.75,24.75,24.75,42.99,0,0,,,
5,BIN 1,1776787343289,,Spurs,1,One Knot Hair Net,Rider > Accessories & Apparel > Accessories,18911-1,Color: Blonde,,,,,Wellington Warehouse,5.96,5.96,5.96,9.99,0,0,0.035714287,,
4,BIN 1,1776787343289,,Spurs,1,One Knot Hair Net,Rider > Accessories & Apparel > Accessories,18911-3,Color: Medium Brown,,,,,Wellington Warehouse,5.96,5.96,5.96,9.99,0,0,0.013888889,,
7,BIN 1,1776787262019,00892277191792,Bits 1,1,Equifit Essential Bit Tape,Tack & Equipment > Bits > Bit Accessories,52664,Title: Default Title,,,,,Wellington Warehouse,12.60,12.60,12.60,25.00,0,0,,,
6,ROW 3 : LVL 2,1774281614627,025784200507,Grooming/Tack Cleaner,2,Fiebing's Glycerine Saddle Soap,Tack & Equipment > Leather Care,088-20050,Title: Default Title,,,,,Wellington Warehouse,4.77,4.77,4.77,9.99,0,0,,,
9,ROW 4 : LVL 1,1774281545041,5021544001365,Grooming,1,Carr & Day & Martin Gallop Stain Removing Shampoo,"Horse Care > Grooming & Bathing > Shampoos, Conditioners, & Sprays > Shampoos",14990-1,Title: Default Title,,,,,Wellington Warehouse,8.00,8.00,8.00,12.99,0,0,0.14285715,,
0,BIN-01,1773766480619,000399119017,Shelf 18,1,Weaver 10' Nylon Lead Rope,Tack & Equipment > Halters & Leads > Lead Ropes,35-2100-S5,Color: Navy,,,,,Wellington Warehouse,12.61,12.61,12.61,15.99,0,0,0.027027028,,
15,ROW 2 : LVL 3,1768938712707,099355013612,First Aid,3,Aspen Nitrile Gloves,Horse Care > First Aid & Wellness > First Aid Supplies,21274982,Size: Large,,,,,Wellington Warehouse,5.25,5.25,5.25,9.99,0,0,0.012820513,,
2,ROW 2 : LVL 3,1768938712707,099355013605,First Aid,3,Aspen Nitrile Gloves,Horse Care > First Aid & Wellness > First Aid Supplies,21274981,Size: Medium,,,,,Wellington Warehouse,5.25,5.25,5.25,9.99,0,0,0.08571429,,
9,ROW 2 : LVL 3,1768938712707,099355013629,First Aid,3,Aspen Nitrile Gloves,Horse Care > First Aid & Wellness > First Aid Supplies,21274983,Size: Extra Large,,,,,Wellington Warehouse,5.25,5.25,5.25,9.99,0,0,,,
8,ROW 4 : LVL 4,1774281147464,804246000011,Supplements 2,4,Healthy Coat Supplement,Horse Care > Supplements > Skin & Coat,12978-2,Size: 1 Gallon,,,,,Wellington Warehouse,24.61,24.61,24.61,37.99,0,0,,,
3,ROW 3 : LVL 3,1774281147459,890347002733,Supplements 2,3,Total Pre & Probiotic Powder,Horse Care > Supplements > Digestive & Gut Health,RAM-PPJ,Size: 8.5 Ounces,,,Lot#F242835,2026-10-01,Wellington Warehouse,9.29,9.29,9.29,14.12,0,0,,,
3,ROW 2 : LVL 2,1768938712706,723754554000,First Aid,2,Ultrasound Gel,Horse Care > First Aid & Wellness > First Aid Supplies,J0554B,Size: 5 Liter,,,,,Wellington Warehouse,28.50,28.50,28.50,34.99,0,0,,,
11,ROW 2 : LVL 3,1768938712707,099355013599,First Aid,3,Aspen Nitrile Gloves,Horse Care > First Aid & Wellness > First Aid Supplies,21274980,Size: Small,,,,,Wellington Warehouse,5.25,5.25,5.25,9.99,0,0,0.5,,
11,ROW 3 : LVL 2,1774281614627,,Grooming/Tack Cleaner,2,TackHack Half Dozen Donut Tack Sponges,Tack & Equipment > Leather Care,SUM502,Title: Default Title,,,,,Wellington Warehouse,6.67,6.67,6.67,13.95,0,0,0.033333335,,
40,LVL 4,1769968298844,,Blankets 4,4,Equine Moscow Mule Mugs- Set of 2,Rider > Home Decor & Gifts,WINTER405,Title: Default Title,,,,,Wellington Warehouse,9.40,9.40,9.40,19.99,0,0,,,
3,BIN-05,1767452692386,"782146345893, 782146345893",Shelf 2,5,Professional's Choice Comfort Fit Fly Mask,Horse Wear > Fly & Insect Control > Fly Masks,CFMO50-BDPONY,Size: Pony,Color: Bleach Dye,,,,Wellington Warehouse,0.00,0.00,0.00,14.99,0,0,,,
6,BIN-05,1767452692386,"782146345909, 782146345909",Shelf 2,5,Professional's Choice Comfort Fit Fly Mask,Horse Wear > Fly & Insect Control > Fly Masks,CFMO50-CTPONY,Size: Pony,Color: Cheetah,,,,Wellington Warehouse,0.00,0.00,0.00,14.99,0,0,,,
6,BIN-05,1767452692386,"782146337058, 782146337058",Shelf 2,5,Professional's Choice Comfort Fit Fly Mask,Horse Wear > Fly & Insect Control > Fly Masks,CFMO50-SUNPONY,Size: Pony,Color: Sunflower,,,,Wellington Warehouse,0.00,0.00,0.00,14.99,0,0,,,
20,ROW 5 : LVL 5,1774281422023,,Supplements 3,5,Equine Shine Soap Sprayer Nozzle,"Horse Care > Grooming & Bathing > Shampoos, Conditioners, & Sprays > Shampoos",SUM402,Title: Default Title,,,,,Wellington Warehouse,5.48,5.48,5.48,19.99,0,0,0.10638298,,
14,BIN-03,1774375575872,,Cavali 3,3,StableStyle x Cavali Candle,Rider > Home Decor & Gifts,WINTER403,Title: Default Title,,,,,Wellington Warehouse,8.05,8.05,8.05,14.99,0,0,0.031746034,,
44,ROW 5 : LVL 5,1769190184155,645457482025,Fly sprays,5,Stop Bugg'n Fly Spray 16oz,Horse Care > Fly & Insect Control > Fly Sprays & Traps,SPR504,Title: Default Title,,,,,Wellington Warehouse,3.50,3.50,3.50,12.99,0,0,2.819277,,
25,BIN-02,1774375575871,850032849029,Cavali 3,2,The Infused Equestrian Shiny Spray,"Horse Care > Grooming & Bathing > Shampoos, Conditioners & Sprays > Detanglers, Shines & Sprays",WINTER402,Title: Default Title,,,,,Wellington Warehouse,7.36,7.36,7.36,18.50,0,0,0.023529412,,
1,BIN-05,1767452692386,"782146345923, 782146345923",Shelf 2,5,Professional's Choice Comfort Fit Fly Mask,Horse Wear > Fly & Insect Control > Fly Masks,CFMO50-SBPONY,Size: Pony,Color: Starburst,,,,Wellington Warehouse,0.00,0.00,0.00,14.99,0,0,,,
2,BIN 1,1776787343289,,Spurs,1,Ellsworth Hair Net,Rider > Accessories & Apparel > Accessories,ELLSWORTHAUB,Color: Auburn,,,,,Wellington Warehouse,8.50,8.50,8.50,16.99,0,0,,,
20,BIN-01,1776354991786,50837050,Grooming Small,1,"Quick Knot Deluxe Braiding Pins, Multi-Pack",Horse Care > Grooming & Bathing > Brushes & Tools > Braiding,SUM408,Color: Black,,,,,Wellington Warehouse,3.00,3.00,3.00,9.99,0,0,0.064935066,,
0,BIN-02,1773766480620,,Shelf 18,2,Walsh 50' Cotton Lunge Line with Chain,Tack & Equipment > Training & Lunging > Lunge Lines,5830-50-CH,Title: Default Title,,,,,Wellington Warehouse,80.00,80.00,80.00,144.00,0,0,,,
0,BIN 1,1776787343289,,Spurs,1,Ellsworth Hair Net,Rider > Accessories & Apparel > Accessories,ELLSWORTHWarmBlonde,Color: Warm Blonde,,,,,Wellington Warehouse,8.50,8.50,8.50,16.99,0,0,,,
2,BIN 1,1776787343289,,Spurs,1,Ellsworth Hair Net,Rider > Accessories & Apparel > Accessories,ELLSWORTHPlatinumBlonde,Color: Platinum Blonde,,,,,Wellington Warehouse,8.50,8.50,8.50,16.99,0,0,0.0952381,,
6,ROW 3 : LVL 4,1774281545039,,Grooming,4,Shapley's Medi-Care Medicated Shampoo,"Horse Care > Grooming & Bathing > Shampoos, Conditioners, & Sprays > Shampoos",21275777,Title: Default Title,,,,,Wellington Warehouse,11.87,11.87,11.87,18.99,0,0,,,
4,ROW 4 : LVL 3,1774281545043,858580002026,Grooming,3,Equifuse CitraShampoo,"Horse Care > Grooming & Bathing > Shampoos, Conditioners, & Sprays > Shampoos",EFC106,Size: 64 Ounces,,,,,Wellington Warehouse,41.99,41.99,41.99,69.99,0,0,,,
5,ROW 4 : LVL 3,1774281545043,858580002125,Grooming,3,Equifuse Shine Perfect + Shine Spray,"Horse Care > Grooming & Bathing > Shampoos, Conditioners, & Sprays > Conditioners",EFS101,Size: 32 Ounces,,,,,Wellington Warehouse,22.19,22.19,22.19,39.99,0,0,,,
10,ROW 4 : LVL 3,1774281545043,858580002163,Grooming,3,Equifuse Shine Perfect + Shine Spray,"Horse Care > Grooming & Bathing > Shampoos, Conditioners, & Sprays > Conditioners",EFS164,Size: 64 Ounces,,,,,Wellington Warehouse,41.99,41.99,41.99,79.99,0,0,,,
0,ROW 4 : LVL 2,1774281545042,858580002132,Grooming,2,Equifuse Gleam Moisturizer & Shine Serum,"Horse Care > Grooming & Bathing > Shampoos, Conditioners & Sprays > Detanglers, Shines & Sprays",EFG116,Size: 16 Ounces,,,,,Wellington Warehouse,22.19,22.19,22.19,37.99,0,0,0.10714286,,
2,ROW 3 : LVL 2,1774281614627,025784110011,Grooming/Tack Cleaner,2,Fiebing's Boot Cream Polish,Tack & Equipment > Leather Care,088-11001,Color: Black,,,,,Wellington Warehouse,2.79,2.79,2.79,4.99,0,0,0.035714287,,
2,ROW 4 : LVL 3,1774281545043,858580002156,Grooming,3,Equifuse Rehydrinse 1-Step Coat Protector + Conditioner,"Horse Care > Grooming & Bathing > Shampoos, Conditioners, & Sprays > Conditioners",EFR364,Size: 64 Ounces,,,,,Wellington Warehouse,59.99,59.99,59.99,99.99,0,0,0.018867925,,
9,ROW 1 : LVL 1,1774281650387,312090033197,Hoof/Treats,1,Corona Hoof Dressing,Horse Care > Grooming & Bathing > Hoof Oils & Conditioner,044-1000135,Size: 32 Ounces,,,,,Wellington Warehouse,19.70,19.70,19.70,31.49,0,0,,,
2,ROW 4 : LVL 3,1774281545043,858580002002,Grooming,3,Equifuse CitraShampoo,"Horse Care > Grooming & Bathing > Shampoos, Conditioners, & Sprays > Shampoos",EFC105,Size: 16 Ounces,,,,,Wellington Warehouse,14.39,14.39,14.39,24.99,0,0,,,
2,ROW 3 : LVL 2,1774281614627,025784110288,Grooming/Tack Cleaner,2,Fiebing's Boot Cream Polish,Tack & Equipment > Leather Care,088-11028,Color: Dark Brown,,,,,Wellington Warehouse,2.79,2.79,2.79,4.99,0,0,0.023809524,,
2,BIN-05,1774375575874,,Cavali 3,5,Mare Modern Goods Holiday Gift Wrap,Rider > Home Decor & Gifts,GIFTWRAP-FOXY,Color: Foxy,,,,,Wellington Warehouse,6.00,6.00,6.00,12.00,0,0,,,
21,BIN-05,1774375575874,,Cavali 3,5,Mare Modern Goods Holiday Gift Wrap,Rider > Home Decor & Gifts,GIFTWRAP-WREATHPONIES,Color: Wreath Ponies,,,,,Wellington Warehouse,6.00,6.00,6.00,12.00,0,0,,,
2,Grid wall,1770916055031,,Girths,1,Mare Modern Goods Gift Hang Tags,Rider > Home Decor & Gifts,HANGTAG-FOXY,Color: Foxy,,,,,Wellington Warehouse,5.00,5.00,5.00,10.00,0,0,,,
9,Grid wall,1770916055031,,Girths,1,Mare Modern Goods Holiday Card,Rider > Home Decor & Gifts,CARD-HOLIDAYPATTERN,Color: Holiday Pattern,,,,,Wellington Warehouse,3.00,3.00,3.00,6.00,0,0,,,
10,BIN-05,1774375575874,,Cavali 3,5,Mare Modern Goods Holiday Gift Wrap,Rider > Home Decor & Gifts,GIFTWRAP-SANTAPONIES,Color: Santa Ponies,,,,,Wellington Warehouse,6.00,6.00,6.00,12.00,0,0,,,
8,Grid wall,1770916055031,,Girths,1,Mare Modern Goods Gift Hang Tags,Rider > Home Decor & Gifts,HANGTAGS-MAREY,Color: Eat Drink and Be Mare-Y,,,,,Wellington Warehouse,5.00,5.00,5.00,10.00,0,0,,,
12,BIN-05,1774375575874,,Cavali 3,5,Mare Modern Goods Holiday Gift Wrap,Rider > Home Decor & Gifts,GIFTWRAP-SNOWPONIES,Color: Snow Ponies,,,,,Wellington Warehouse,6.00,6.00,6.00,12.00,0,0,,,
20,BIN-05,1774375575874,,Cavali 3,5,Mare Modern Goods Holiday Gift Wrap,Rider > Home Decor & Gifts,GIFTWRAP-GG,Color: GG,,,,,Wellington Warehouse,6.00,6.00,6.00,12.00,0,0,,,
1,BIN-05,1774375575874,,Cavali 3,5,Mare Modern Goods Holiday Gift Wrap,Rider > Home Decor & Gifts,GIFTWRAP-CHANNING,Color: Channing,,,,,Wellington Warehouse,6.00,6.00,6.00,12.00,0,0,,,
1,Grid wall,1770916055031,,Girths,1,Mare Modern Goods Holiday Card,Rider > Home Decor & Gifts,CARD-HAPPYHOLIDAYS,Color: Happy Holidays,,,,,Wellington Warehouse,3.00,3.00,3.00,6.00,0,0,,,
13,Grid wall,1770916055031,,Girths,1,Mare Modern Goods Gift Hang Tags,Rider > Home Decor & Gifts,HT-HOLIDAYPATTERN24,Color: Holiday,,,,,Wellington Warehouse,5.00,5.00,5.00,10.00,0,0,,,
1,BIN 1,1776787343289,753068565065,Spurs,1,Kunkle Equestrian Mesh Riding Gloves,Rider > Accessories & Apparel > Gloves,753068565065 Black,Size: 8,Color: Black,,,,Wellington Warehouse,19.99,19.99,19.99,39.99,0,0,0.04347826,,
3,BIN 1,1776787343289,753068565072,Spurs,1,Kunkle Equestrian Mesh Riding Gloves,Rider > Accessories & Apparel > Gloves,753068565072 Black,Size: 8.5,Color: Black,,,,Wellington Warehouse,19.99,19.99,19.99,39.99,0,0,0.0121951215,,
10,BIN-03,1774887638159,7340041122518,Cavali 2,3,Back On Track Physio Nikki Support Boot Socks,Rider > Accessories & Apparel > Socks,15700001,Size: Small,,,,,Wellington Warehouse,19.00,19.00,19.00,38.00,0,0,,,
10,BIN-03,1774887638159,7340041122532,Cavali 2,3,Back On Track Physio Nikki Support Boot Socks,Rider > Accessories & Apparel > Socks,15700002,Size: Medium,,,,,Wellington Warehouse,19.00,19.00,19.00,38.00,0,0,,,
5,BIN 1,1776787343289,753068565027,Spurs,1,Kunkle Equestrian Mesh Riding Gloves,Rider > Accessories & Apparel > Gloves,753068565027 Black,Size: 6,Color: Black,,,,Wellington Warehouse,19.99,19.99,19.99,39.99,0,0,,,
1,BIN 1,1776787343289,753068564990,Spurs,1,Kunkle Equestrian Mesh Riding Gloves,Rider > Accessories & Apparel > Gloves,753068564990 Black,Size: 3,Color: Black,,,,Wellington Warehouse,19.99,19.99,19.99,39.99,0,0,,,
3,BIN 1,1776787343289,753068565034,Spurs,1,Kunkle Equestrian Mesh Riding Gloves,Rider > Accessories & Apparel > Gloves,753068565034 Black,Size: 6.5,Color: Black,,,,Wellington Warehouse,19.99,19.99,19.99,39.99,0,0,,,
19,ROW 3 : LVL 2,1774281614627,5390119090173,Grooming/Tack Cleaner,2,Carr & Day & Martin Belvoir Tack Cleaning Mitt,Tack & Equipment > Leather Care,LC053,Title: Default Title,,,,,Wellington Warehouse,7.20,7.20,7.20,15.95,0,0,0.3604651,,
2,BIN 1,1776787343289,753068564860,Spurs,1,Kunkle Equestrian Premium Show Gloves,Rider > Accessories & Apparel > Gloves,753068564860 Black,Size: 6,Color: Black,,,,Wellington Warehouse,19.99,19.99,19.99,39.99,0,0,,,
1,BIN 1,1776787343289,753068564914,Spurs,1,Kunkle Equestrian Premium Show Gloves,Rider > Accessories & Apparel > Gloves,753068564914 Black,Size: 8.5,Color: Black,,,,Wellington Warehouse,19.99,19.99,19.99,39.99,0,0,0.011904762,,
0,BIN 1,1776787343289,753068564884,Spurs,1,Kunkle Equestrian Premium Show Gloves,Rider > Accessories & Apparel > Gloves,753068564884 Black,Size: 7,Color: Black,,,,Wellington Warehouse,19.99,19.99,19.99,39.99,0,0,,,
5,BIN 1,1776787343289,753068564877,Spurs,1,Kunkle Equestrian Premium Show Gloves,Rider > Accessories & Apparel > Gloves,753068564877 Black,Size: 6.5,Color: Black,,,,Wellington Warehouse,19.99,19.99,19.99,39.99,0,0,,,
10,BIN-03,1774887638159,7340041122549,Cavali 2,3,Back On Track Physio Nikki Support Boot Socks,Rider > Accessories & Apparel > Socks,SPR403Large,Size: Large,,,,,Wellington Warehouse,19.00,19.00,19.00,38.00,0,0,,,
1,Grid wall,1770916055031,00892277184770,Girths,1,EquiFit Essential Schooling Girth Replacement Liners,Tack & Equipment > Girths & Cinches > English Girths > Hunter/Jumper Girths,32959-50,Size: 50-Inch,Style: SheepsWool,,,,Wellington Warehouse,37.42,37.42,37.42,48.00,0,0,,,
0,BIN-01,1768403023955,,Shelf 10,1,Jack's Pull On Ribbed Bell Boots,Tack & Equipment > Boots & Wraps > Bell Boots,2126Large,Size: Large,,,,,Wellington Warehouse,8.50,8.50,8.50,16.99,0,10,0.05263158,,
1,BIN-02,1767626770401,7340041115756,Shelf 5,2,Back on Track 3D Mesh Brush Boots w/ Faux Fur,Tack & Equipment > Boots & Wraps > Protective Boots > Front Boots,20810003,Size: Large,,,,,Wellington Warehouse,37.50,37.50,37.50,75.00,0,0,,,
1,BIN-03,1773766480616,7340041126608,Shelf 17,3,Back on Track Werano Nylon Halter,Tack & Equipment > Halters & Leads > Halters > Nylon & Rope Halters,20640003,Color: Black,Size: Full,,,,Wellington Warehouse,22.50,22.50,22.50,48.00,0,0,,,
2,BIN-03,1773766480616,7340041128879,Shelf 17,3,Back on Track Werano Nylon Halter,Tack & Equipment > Halters & Leads > Halters > Nylon & Rope Halters,20641102,Color: Green,Size: Cob,,,,Wellington Warehouse,22.50,22.50,22.50,48.00,0,0,,,
1,BIN-02,1767626770401,7340041115732,Shelf 5,2,Back on Track 3D Mesh Brush Boots w/ Faux Fur,Tack & Equipment > Boots & Wraps > Protective Boots > Front Boots,20810001,Size: Small,,,,,Wellington Warehouse,37.50,37.50,37.50,75.00,0,0,,,
5,BIN-03,1773766480616,7340041128886,Shelf 17,3,Back on Track Werano Nylon Halter,Tack & Equipment > Halters & Leads > Halters > Nylon & Rope Halters,20641103,Color: Green,Size: Full,,,,Wellington Warehouse,22.50,22.50,22.50,48.00,0,0,,,
5,BIN-01,1768403023955,,Shelf 10,1,Jack's Pull On Ribbed Bell Boots,Tack & Equipment > Boots & Wraps > Bell Boots,2126Medium,Size: Medium,,,,,Wellington Warehouse,8.50,8.50,8.50,16.99,0,0,,,
1,BIN-03,1773766480616,7340041128930,Shelf 17,3,Back on Track Werano Nylon Halter,Tack & Equipment > Halters & Leads > Halters > Nylon & Rope Halters,20640302,Color: Navy,Size: Cob,,,,Wellington Warehouse,22.50,22.50,22.50,48.00,0,0,,,
5,BIN-03,1767812231220,7340041108833,Shelf 8,3,Back on Track Fleece Exercise Quarter Sheet,Horse Wear > Blankets & Sheets > Coolers & Fleece,21240055,Size: 81-Inch,,,,,Wellington Warehouse,72.50,72.50,72.50,145.00,0,0,,,
1,BIN-01,1768403023955,,Shelf 10,1,Jack's Pull On Ribbed Bell Boots,Tack & Equipment > Boots & Wraps > Bell Boots,2126Small,Size: Small,,,,,Wellington Warehouse,8.50,8.50,8.50,16.99,0,0,,,
5,BIN-03,1767812231220,7340041108826,Shelf 8,3,Back on Track Fleece Exercise Quarter Sheet,Horse Wear > Blankets & Sheets > Coolers & Fleece,21240045,Size: 78-Inch,,,,,Wellington Warehouse,72.50,72.50,72.50,145.00,0,0,,,
3,BIN-03,1773766480616,7340041128909,Shelf 17,3,Back on Track Werano Nylon Halter,Tack & Equipment > Halters & Leads > Halters > Nylon & Rope Halters,20640502,Color: Red,Size: Cob,,,,Wellington Warehouse,22.50,22.50,22.50,48.00,0,0,0.018181818,,
1,BIN-03,1773766480616,7340041126592,Shelf 17,3,Back on Track Werano Nylon Halter,Tack & Equipment > Halters & Leads > Halters > Nylon & Rope Halters,20640002,Color: Black,Size: Cob,,,,Wellington Warehouse,22.50,22.50,22.50,48.00,0,0,,,
10,BIN-01,1774887638157,88604730,Cavali 2,1,Equestrian Journal,Rider > Home Decor & Gifts,SUM405,Title: Default Title,,,,,Wellington Warehouse,7.00,7.00,7.00,45.00,0,0,,,
20,BIN-03,1774375575872,21503802,Cavali 3,3,Equestrian Tea Towel by HONEY + HANK,Rider > Home Decor & Gifts,SPR404DarkNavy,Style: Dark Navy Celestial Horse,,,,,Wellington Warehouse,5.85,5.85,5.85,24.00,0,0,0.014705882,,
20,BIN-03,1774375575872,21471034,Cavali 3,3,Equestrian Tea Towel by HONEY + HANK,Rider > Home Decor & Gifts,SPR404LightBlue,Style: Light Blue Geometric Bit,,,,,Wellington Warehouse,5.85,5.85,5.85,24.99,0,0,0.014705882,,
14,BIN-03,1774887638154,96469050,Cavali 1,3,Good Rides Pack by Dapplebay Co.,Rider > Home Decor & Gifts,SPR402,Title: Default Title,,,,,Wellington Warehouse,4.49,4.49,4.49,19.99,0,0,0.071428575,,
0,BIN-05,1774887638156,WINTER406,Cavali 1,5,Schulz Equine Beat Bag - old,Rider > Bags > Totes & Pouches,WINTER406,Color: Pink Floral,,,,,Wellington Warehouse,14.18,14.18,14.18,45.99,0,0,,,
10,BIN-03,1774887638159,75505466,Cavali 2,3,Dreamers & Schemers x The Flying Horse Socks,Rider > Accessories & Apparel > Socks,SPR509,Title: Default Title,,,,,Wellington Warehouse,7.38,7.38,7.38,15.95,0,0,,,
15,BIN-01,1774375575870,,Cavali 3,1,Stable Style Match Box,Rider > Home Decor & Gifts,FALL502,Title: Default Title,,,,,Wellington Warehouse,2.50,2.50,2.50,9.99,0,0,0.0121951215,,
10,BIN-02,1774887638153,91922234,Cavali 1,2,Cavali Club Insulated Mug,Rider > Home Decor & Gifts,SUM507,Title: Default Title,,,,,Wellington Warehouse,7.23,7.23,7.23,19.99,0,0,,,
15,BIN-01,1774375575870,,Cavali 3,1,Stable Style Spicy Pony Candle,Rider > Home Decor & Gifts,FALL501,Title: Default Title,,,,,Wellington Warehouse,5.50,5.50,5.50,30.00,0,0,,,
10,BIN-02,1775240098867,,Cavali 4,2,Cavali Club Junior Elastic Belt,Rider > Accessories & Apparel > Belts,FALL508,Title: Default Title,,,,,Wellington Warehouse,3.15,3.15,3.15,19.99,0,0,0.051282052,,
10,BIN-02,1775240098867,,Cavali 4,2,Cavali Club Exclusive Bows,Rider > Accessories & Apparel > Accessories,FALL507,Title: Default Title,,,,,Wellington Warehouse,2.69,2.69,2.69,14.99,0,0,0.06,,
3,ROW 4 : LVL 3,1774281147463,892607001012,Supplements 2,3,One AC,Horse Care > Supplements > Electrolytes & Salt,12105501,Title: Default Title,,,,,Wellington Warehouse,25.27,25.27,25.27,30.99,0,0,0.028571429,,
2,ROW 3 : LVL 3,1774281147459,180697000276,Supplements 2,3,Succeed Digestive Conditioning Program Paste,Horse Care > Supplements > Digestive & Gut Health,US-DCP 27330,Size: 30 Syringes,,,Lot #AAE20CS42,2026-11-20,Wellington Warehouse,124.00,124.00,124.00,159.99,0,0,,,
2,ROW 1 : LVL 2,1768938712710,5425016902899,First Aid,2,Cavalor Muscle Cooler,Horse Care > First Aid & Wellness > Liniments,80994504,Size: 1 Liter,,,,,Wellington Warehouse,23.92,23.92,23.92,37.99,0,0,0.083333336,,
4,BIN-02,1767812231219,7340041161487,Shelf 8,2,Back on Track Royal Mesh Neck Cover Deluxe,Horse Wear > Blankets & Sheets > Neck Covers & Hoods,22134840,Size: 75,Color: Wine,,,,Wellington Warehouse,49.50,49.50,49.50,99.00,0,0,,,
1,BIN-01,1767812231218,7340041180884,Shelf 8,1,Back on Track Royal Mesh Neck Cover Deluxe,Horse Wear > Blankets & Sheets > Neck Covers & Hoods,22136860,Size: 84,Color: Green,,,,Wellington Warehouse,49.50,49.50,49.50,99.00,0,0,,,
0,BIN-03,1768403067582,7340041160572,Shelf 11,3,Back on Track Royal Deluxe Quick Wraps,Tack & Equipment > Boots & Wraps > Leg Wraps,20335002,Size: 14,Color: Navy,,,,Wellington Warehouse,49.50,49.50,49.50,99.00,0,0,0.030303031,,
3,BIN-03,1767812231215,7340041161258,Shelf 9,3,Back on Track Royal Deluxe Mesh Sheet,Horse Wear > Blankets & Sheets > Stable Blankets & Sheets > Lightweight,22145045,Size: 78-Inch,Color: Navy,,,,Wellington Warehouse,140.00,140.00,140.00,280.00,0,0,,,
0,BIN-02,1767812231219,7340041161609,Shelf 8,2,Back on Track Royal Mesh Neck Cover Deluxe,Horse Wear > Blankets & Sheets > Neck Covers & Hoods,22136840,Size: 75,Color: Green,,,,Wellington Warehouse,49.50,49.50,49.50,99.00,0,0,,,
0,BIN-01,1767626770400,7340041160251,Shelf 5,1,Back on Track Royal Therapeutic Hock Wraps Deluxe,Tack & Equipment > Boots & Wraps > Protective Boots > Hock & Knee Boots,20229002,Size: Medium,Color: Black,,,,Wellington Warehouse,49.50,49.50,49.50,99.00,0,0,0.022727273,,
1,BIN-03,1768403067582,7340041160619,Shelf 11,3,Back on Track Royal Deluxe Quick Wraps,Tack & Equipment > Boots & Wraps > Leg Wraps,20336802,Size: 14,Color: Green,,,,Wellington Warehouse,49.50,49.50,49.50,99.00,0,0,0.036363635,,
0,BIN-02,1768403067581,7340041160589,Shelf 11,2,Back on Track Royal Deluxe Quick Wraps,Tack & Equipment > Boots & Wraps > Leg Wraps,20335003,Size: 16,Color: Navy,,,,Wellington Warehouse,49.50,49.50,49.50,99.00,0,0,0.05263158,,
0,BIN-02,1768403067581,7340041160541,Shelf 11,2,Back on Track Royal Deluxe Quick Wraps,Tack & Equipment > Boots & Wraps > Leg Wraps,20334803,Size: 16,Color: Wine,,,,Wellington Warehouse,49.50,49.50,49.50,99.00,0,0,0.03448276,,
2,BIN-04,1767812231221,7340041161227,Shelf 8,4,Back on Track Royal Deluxe Mesh Sheet,Horse Wear > Blankets & Sheets > Stable Blankets & Sheets > Lightweight,22145025,Size: 69-Inch,Color: Navy,,,,Wellington Warehouse,140.00,140.00,140.00,280.00,0,0,,,
5,BIN-04,1767812231221,7340041161296,Shelf 8,4,Back on Track Royal Deluxe Mesh Sheet,Horse Wear > Blankets & Sheets > Stable Blankets & Sheets > Lightweight,22146835,Size: 72-Inch,Color: Green,,,,Wellington Warehouse,140.00,140.00,140.00,280.00,0,0,,,
1,BIN-04,1767812231221,7340041161234,Shelf 8,4,Back on Track Royal Deluxe Mesh Sheet,Horse Wear > Blankets & Sheets > Stable Blankets & Sheets > Lightweight,22145035,Size: 72-Inch,Color: Navy,,,,Wellington Warehouse,140.00,140.00,140.00,280.00,0,0,,,
2,BIN-01,1767812231218,7340041161562,Shelf 8,1,Back on Track Royal Mesh Neck Cover Deluxe,Horse Wear > Blankets & Sheets > Neck Covers & Hoods,22135055,Size: 81,Color: Navy,,,,Wellington Warehouse,49.50,49.50,49.50,99.00,0,0,,,
0,BIN-02,1768403067581,7340041160466,Shelf 11,2,Back on Track Royal Deluxe Quick Wraps,Tack & Equipment > Boots & Wraps > Leg Wraps,20339003,Size: 16,Color: Black,,,,Wellington Warehouse,49.50,49.50,49.50,99.00,0,0,0.03773585,,
0,BIN-03,1768403067582,7340041180792,Shelf 11,3,Back on Track Royal Deluxe Quick Wraps,Tack & Equipment > Boots & Wraps > Leg Wraps,20339000,Size: 10,Color: Black,,,,Wellington Warehouse,49.50,49.50,49.50,99.00,0,0,0.018518519,,
2,BIN-02,1767812231219,7340041161593,Shelf 8,2,Back on Track Royal Mesh Neck Cover Deluxe,Horse Wear > Blankets & Sheets > Neck Covers & Hoods,22136835,Size: 72,Color: Green,,,,Wellington Warehouse,49.50,49.50,49.50,99.00,0,0,,,
3,BIN-04,1767812231221,7340041161289,Shelf 8,4,Back on Track Royal Deluxe Mesh Sheet,Horse Wear > Blankets & Sheets > Stable Blankets & Sheets > Lightweight,22146825,Size: 69-Inch,Color: Green,,,,Wellington Warehouse,140.00,140.00,140.00,280.00,0,0,,,
6,BIN-01,1767812231218,7340041161494,Shelf 8,1,Back on Track Royal Mesh Neck Cover Deluxe,Horse Wear > Blankets & Sheets > Neck Covers & Hoods,22134845,Size: 78,Color: Wine,,,,Wellington Warehouse,49.50,49.50,49.50,99.00,0,0,,,
1,BIN-01,1767812231218,7340041161630,Shelf 8,1,Back on Track Royal Mesh Neck Cover Deluxe,Horse Wear > Blankets & Sheets > Neck Covers & Hoods,22136865,Size: 87,Color: Green,,,,Wellington Warehouse,49.50,49.50,49.50,99.00,0,0,,,
3,BIN-01,1767812231213,7340041180945,Shelf 9,1,Back on Track Royal Deluxe Mesh Sheet,Horse Wear > Blankets & Sheets > Stable Blankets & Sheets > Lightweight,22146860,Size: 84-Inch,Color: Green,,,,Wellington Warehouse,140.00,140.00,140.00,280.00,0,0,,,
0,BIN-03,1768403067582,7340041160442,Shelf 11,3,Back on Track Royal Deluxe Quick Wraps,Tack & Equipment > Boots & Wraps > Leg Wraps,20339001,Size: 12,Color: Black,,,,Wellington Warehouse,49.50,49.50,49.50,99.00,0,0,0.018867925,,
0,BIN-01,1768403067580,7340041160473,Shelf 11,1,Back on Track Royal Deluxe Quick Wraps,Tack & Equipment > Boots & Wraps > Leg Wraps,20339004,Size: 18,Color: Black,,,,Wellington Warehouse,49.50,49.50,49.50,99.00,0,0,,,
2,BIN-04,1767812231216,7340041161067,Shelf 9,4,Back on Track Royal Deluxe Mesh Sheet,Horse Wear > Blankets & Sheets > Stable Blankets & Sheets > Lightweight,22149040,Size: 75-Inch,Color: Black,,,,Wellington Warehouse,140.00,140.00,140.00,280.00,0,0,,,
1,BIN-01,1767812231218,7340041161555,Shelf 8,1,Back on Track Royal Mesh Neck Cover Deluxe,Horse Wear > Blankets & Sheets > Neck Covers & Hoods,22135045,Size: 78,Color: Navy,,,,Wellington Warehouse,49.50,49.50,49.50,99.00,0,0,,,
16,BIN-05,1767812231217,7340041161241,Shelf 9,5,Back on Track Royal Deluxe Mesh Sheet,Horse Wear > Blankets & Sheets > Stable Blankets & Sheets > Lightweight,22145040,Size: 75-Inch,Color: Navy,,,,Wellington Warehouse,140.00,140.00,140.00,280.00,0,0,,,
2,BIN-02,1767812231219,7340041161357,Shelf 8,2,Back on Track Royal Mesh Neck Cover Deluxe,Horse Wear > Blankets & Sheets > Neck Covers & Hoods,22139035,Size: 72,Color: Black,,,,Wellington Warehouse,49.50,49.50,49.50,99.00,0,0,,,
1,BIN-04,1767812231221,7340041161043,Shelf 8,4,Back on Track Royal Deluxe Mesh Sheet,Horse Wear > Blankets & Sheets > Stable Blankets & Sheets > Lightweight,22149025,Size: 69-Inch,Color: Black,,,,Wellington Warehouse,140.00,140.00,140.00,280.00,0,0,,,
1,BIN-02,1767812231219,7340041161531,Shelf 8,2,Back on Track Royal Mesh Neck Cover Deluxe,Horse Wear > Blankets & Sheets > Neck Covers & Hoods,22135035,Size: 72,Color: Navy,,,,Wellington Warehouse,49.50,49.50,49.50,99.00,0,0,,,
1,BIN-01,1767812231218,7340041161517,Shelf 8,1,Back on Track Royal Mesh Neck Cover Deluxe,Horse Wear > Blankets & Sheets > Neck Covers & Hoods,22134865,Size: 87,Color: Wine,,,,Wellington Warehouse,49.50,49.50,49.50,99.00,0,0,,,
5,BIN-01,1767812231218,7340041161616,Shelf 8,1,Back on Track Royal Mesh Neck Cover Deluxe,Horse Wear > Blankets & Sheets > Neck Covers & Hoods,22136845,Size: 78,Color: Green,,,,Wellington Warehouse,49.50,49.50,49.50,99.00,0,0,0.012048192,,
0,BIN-03,1768403067582,7340041160459,Shelf 11,3,Back on Track Royal Deluxe Quick Wraps,Tack & Equipment > Boots & Wraps > Leg Wraps,20339002,Size: 14,Color: Black,,,,Wellington Warehouse,49.50,49.50,49.50,99.00,0,0,0.09259259,,
4,BIN-01,1767812231218,7340041161371,Shelf 8,1,Back on Track Royal Mesh Neck Cover Deluxe,Horse Wear > Blankets & Sheets > Neck Covers & Hoods,22139045,Size: 78,Color: Black,,,,Wellington Warehouse,49.50,49.50,49.50,99.00,0,0,,,
4,BIN-02,1767812231214,7340041161265,Shelf 9,2,Back on Track Royal Deluxe Mesh Sheet,Horse Wear > Blankets & Sheets > Stable Blankets & Sheets > Lightweight,22145055,Size: 81-Inch,Color: Navy,,,,Wellington Warehouse,140.00,140.00,140.00,280.00,0,0,,,
1,BIN-01,1767812231213,7340041161210,Shelf 9,1,Back on Track Royal Deluxe Mesh Sheet,Horse Wear > Blankets & Sheets > Stable Blankets & Sheets > Lightweight,22144865,Size: 87-Inch,Color: Wine,,,,Wellington Warehouse,140.00,140.00,140.00,280.00,0,0,,,
5,BIN-01,1767812231218,7340041161500,Shelf 8,1,Back on Track Royal Mesh Neck Cover Deluxe,Horse Wear > Blankets & Sheets > Neck Covers & Hoods,22134855,Size: 81,Color: Wine,,,,Wellington Warehouse,49.50,49.50,49.50,99.00,0,0,,,
1,BIN-02,1767812231219,7340041161548,Shelf 8,2,Back on Track Royal Mesh Neck Cover Deluxe,Horse Wear > Blankets & Sheets > Neck Covers & Hoods,22135040,Size: 75,Color: Navy,,,,Wellington Warehouse,49.50,49.50,49.50,99.00,0,0,,,
2,BIN-04,1767812231221,7340041161050,Shelf 8,4,Back on Track Royal Deluxe Mesh Sheet,Horse Wear > Blankets & Sheets > Stable Blankets & Sheets > Lightweight,22149035,Size: 72-Inch,Color: Black,,,,Wellington Warehouse,140.00,140.00,140.00,280.00,0,0,,,
1,BIN-01,1767626770400,7340041160268,Shelf 5,1,Back on Track Royal Therapeutic Hock Wraps Deluxe,Tack & Equipment > Boots & Wraps > Protective Boots > Hock & Knee Boots,20229003,Size: Large,Color: Black,,,,Wellington Warehouse,49.50,49.50,49.50,99.00,0,0,0.018518519,,
8,BIN-04,1767812231216,7340041161180,Shelf 9,4,Back on Track Royal Deluxe Mesh Sheet,Horse Wear > Blankets & Sheets > Stable Blankets & Sheets > Lightweight,22144840,Size: 75-Inch,Color: Wine,,,,Wellington Warehouse,140.00,140.00,140.00,280.00,0,0,,,
1,BIN-04,1767812231216,7340041161302,Shelf 9,4,Back on Track Royal Deluxe Mesh Sheet,Horse Wear > Blankets & Sheets > Stable Blankets & Sheets > Lightweight,22146840,Size: 75-Inch,Color: Green,,,,Wellington Warehouse,140.00,140.00,140.00,280.00,0,0,,,
7,BIN-02,1767812231219,7340041161364,Shelf 8,2,Back on Track Royal Mesh Neck Cover Deluxe,Horse Wear > Blankets & Sheets > Neck Covers & Hoods,22139040,Size: 75,Color: Black,,,,Wellington Warehouse,49.50,49.50,49.50,99.00,0,0,,,
2,BIN-01,1767812231218,7340041161388,Shelf 8,1,Back on Track Royal Mesh Neck Cover Deluxe,Horse Wear > Blankets & Sheets > Neck Covers & Hoods,22139055,Size: 81,Color: Black,,,,Wellington Warehouse,49.50,49.50,49.50,99.00,0,0,0.03846154,,
2,BIN-01,1767812231213,7340041161272,Shelf 9,1,Back on Track Royal Deluxe Mesh Sheet,Horse Wear > Blankets & Sheets > Stable Blankets & Sheets > Lightweight,22145065,Size: 87-Inch,Color: Navy,,,,Wellington Warehouse,140.00,140.00,140.00,280.00,0,0,,,
3,BIN-03,1767812231215,7340041161074,Shelf 9,3,Back on Track Royal Deluxe Mesh Sheet,Horse Wear > Blankets & Sheets > Stable Blankets & Sheets > Lightweight,22149045,Size: 78-Inch,Color: Black,,,,Wellington Warehouse,140.00,140.00,140.00,280.00,0,0,,,
1,BIN-02,1767812231219,7340041161586,Shelf 8,2,Back on Track Royal Mesh Neck Cover Deluxe,Horse Wear > Blankets & Sheets > Neck Covers & Hoods,22136825,Size: 69,Color: Green,,,,Wellington Warehouse,49.50,49.50,49.50,99.00,0,0,,,
0,BIN-01,1768403067580,7340041160596,Shelf 11,1,Back on Track Royal Deluxe Quick Wraps,Tack & Equipment > Boots & Wraps > Leg Wraps,20335004,Size: 18,Color: Navy,,,,Wellington Warehouse,49.50,49.50,49.50,99.00,0,0,,,
1,BIN-01,1767812231218,7340041180860,Shelf 8,1,Back on Track Royal Mesh Neck Cover Deluxe,Horse Wear > Blankets & Sheets > Neck Covers & Hoods,22134860,Size: 84,Color: Wine,,,,Wellington Warehouse,49.50,49.50,49.50,99.00,0,0,,,
1,BIN-03,1767812231215,7340041161197,Shelf 9,3,Back on Track Royal Deluxe Mesh Sheet,Horse Wear > Blankets & Sheets > Stable Blankets & Sheets > Lightweight,22144845,Size: 78-Inch,Color: Wine,,,,Wellington Warehouse,140.00,140.00,140.00,280.00,0,0,,,
2,BIN-04,1767812231221,7340041161173,Shelf 8,4,Back on Track Royal Deluxe Mesh Sheet,Horse Wear > Blankets & Sheets > Stable Blankets & Sheets > Lightweight,22144835,Size: 72-Inch,Color: Wine,,,,Wellington Warehouse,140.00,140.00,140.00,280.00,0,0,,,
4,BIN-03,1767812231215,7340041161319,Shelf 9,3,Back on Track Royal Deluxe Mesh Sheet,Horse Wear > Blankets & Sheets > Stable Blankets & Sheets > Lightweight,22146845,Size: 78-Inch,Color: Green,,,,Wellington Warehouse,140.00,140.00,140.00,280.00,0,0,0.012048192,,
0,BIN-01,1768403067580,7340041160633,Shelf 11,1,Back on Track Royal Deluxe Quick Wraps,Tack & Equipment > Boots & Wraps > Leg Wraps,20336804,Size: 18,Color: Green,,,,Wellington Warehouse,49.50,49.50,49.50,99.00,0,0,,,
0,BIN-01,1767812231213,7340041180617,Shelf 9,1,Back on Track Royal Deluxe Mesh Sheet,Horse Wear > Blankets & Sheets > Stable Blankets & Sheets > Lightweight,22145060,Size: 84-Inch,Color: Navy,,,,Wellington Warehouse,140.00,140.00,140.00,280.00,0,0,,,
1,BIN-01,1767812231213,7340041180952,Shelf 9,1,Back on Track Royal Deluxe Mesh Sheet,Horse Wear > Blankets & Sheets > Stable Blankets & Sheets > Lightweight,22149060,Size: 84-Inch,Color: Black,,,,Wellington Warehouse,140.00,140.00,140.00,280.00,0,0,0.018518519,,
5,BIN-01,1767812231213,7340041180976,Shelf 9,1,Back on Track Royal Deluxe Mesh Sheet,Horse Wear > Blankets & Sheets > Stable Blankets & Sheets > Lightweight,22144860,Size: 84-Inch,Color: Wine,,,,Wellington Warehouse,140.00,140.00,140.00,280.00,0,0,,,
1,BIN-01,1767812231213,7340041161098,Shelf 9,1,Back on Track Royal Deluxe Mesh Sheet,Horse Wear > Blankets & Sheets > Stable Blankets & Sheets > Lightweight,22149065,Size: 87-Inch,Color: Black,,,,Wellington Warehouse,140.00,140.00,140.00,280.00,0,0,,,
0,BIN-03,1768403067582,7340041180822,Shelf 11,3,Back on Track Royal Deluxe Quick Wraps,Tack & Equipment > Boots & Wraps > Leg Wraps,20335000,Size: 10,Color: Navy,,,,Wellington Warehouse,49.50,49.50,49.50,99.00,0,0,,,
2,BIN-04,1767812231221,7340041161166,Shelf 8,4,Back on Track Royal Deluxe Mesh Sheet,Horse Wear > Blankets & Sheets > Stable Blankets & Sheets > Lightweight,22144825,Size: 69-Inch,Color: Wine,,,,Wellington Warehouse,140.00,140.00,140.00,280.00,0,0,,,
4,BIN-02,1767812231214,7340041161081,Shelf 9,2,Back on Track Royal Deluxe Mesh Sheet,Horse Wear > Blankets & Sheets > Stable Blankets & Sheets > Lightweight,22149055,Size: 81-Inch,Color: Black,,,,Wellington Warehouse,140.00,140.00,140.00,280.00,0,0,0.03846154,,
1,BIN-03,1768403067582,7340041160527,Shelf 11,3,Back on Track Royal Deluxe Quick Wraps,Tack & Equipment > Boots & Wraps > Leg Wraps,20334801,Size: 12,Color: Wine,,,,Wellington Warehouse,49.50,49.50,49.50,99.00,0,0,0.018867925,,
2,BIN-02,1768845014310,5404022060755,Shelf 13,2,Dy'on Wide Noseband Hunter Bridle,"Tack & Equipment > Bridles, Headstalls & Reins > English Bridles & Reins > Bridles",USKDALBRC,Size: Cob,Color: Brown,,,,Wellington Warehouse,179.92,179.92,179.92,584.99,0,0,,,
1,BIN-02,1768845014310,5404022045547,Shelf 13,2,Dy'on Cavesson Noseband Bridle - US Collection,"Tack & Equipment > Bridles, Headstalls & Reins > English Bridles & Reins > Bridles",USKDAJ-BR-F,Size: Full,Color: Brown,,,,Wellington Warehouse,186.85,186.85,186.85,604.99,0,0,,,
2,BIN-05,1768845014313,5404022035166,Shelf 13,5,Dy'on Bridge Breastplate - D Collection,Tack & Equipment > Martingales & Breastplates,DY06D-BR-C,Size: Cob,Color: Brown,,,,Wellington Warehouse,152.24,152.24,152.24,494.99,0,0,,,
1,,,5404022047305,,,Dy'on Standing Martingale - US Collection,Tack & Equipment > Martingales & Breastplates,US07H-BR-F,Size: Full,Color: Brown,,,,Wellington Warehouse,100.34,100.34,100.34,324.99,0,0,,,
4,BIN-05,1768845014313,5404022059605,Shelf 13,5,Dy'on Running Martingale - D Collection,Tack & Equipment > Martingales & Breastplates,DY07G-BR-C,Size: Cob,Color: Brown,,,,Wellington Warehouse,83.04,83.04,83.04,269.99,0,0,,,
0,LVL 3,1770136848444,5425030835036,Sheets 1,3,Kentucky Horsewear Cotton Sheet,Horse Wear > Blankets & Sheets > Stable Blankets & Sheets > Lightweight,52115-03-155,Size: 81-Inch,Color: Navy,,,,Wellington Warehouse,121.71,121.71,121.71,324.99,0,0,0.013888889,,
6,BIN-05,1768845014313,5425030832394,Shelf 13,5,Kentucky Horsewear Sheepskin Breastplate Cover,Tack & Equipment > Martingales & Breastplates,42601-02-60,Color: Natural,,,,,Wellington Warehouse,30.42,30.42,30.42,79.99,0,0,0.051282052,,
1,LVL 3,1769968298843,5425030838853,Blankets 4,3,Kentucky Horsewear Show Rug (160g),Horse Wear > Blankets & Sheets > Stable Blankets & Sheets > Lightweight,52101-01-155,Size: 81-Inch,Color: Black,,,,Wellington Warehouse,141.86,141.86,141.86,459.99,0,0,,,
1,LVL 3,1769968298843,5425030833742,Blankets 4,3,Kentucky Horsewear Show Rug (160g),Horse Wear > Blankets & Sheets > Stable Blankets & Sheets > Lightweight,52101-03-160,Size: 84-Inch,Color: Navy,,,,Wellington Warehouse,141.86,141.86,141.86,459.99,0,0,,,
9,BIN-05,1768845014313,5425030832431,Shelf 13,5,Kentucky Horsewear Sheepskin Noseband Cover,"Tack & Equipment > Bridles, Headstalls & Reins > English Bridles & Reins > Bridle Accessories",42602-05-28,Color: Brown,,,,,Wellington Warehouse,17.38,17.38,17.38,44.99,0,0,,,
8,LVL 3,1770136848444,5425030834923,Sheets 1,3,Kentucky Horsewear Cotton Sheet,Horse Wear > Blankets & Sheets > Stable Blankets & Sheets > Lightweight,52115-03-140,Size: 75-inch,Color: Navy,,,,Wellington Warehouse,121.71,121.71,121.71,324.99,0,0,0.013888889,,
0,LVL 4,1770136848445,5425030839140,Sheets 1,4,Kentucky Horsewear Cotton Sheet,Horse Wear > Blankets & Sheets > Stable Blankets & Sheets > Lightweight,52115-01-160,Size: 84-Inch,Color: Black,,,,Wellington Warehouse,121.71,121.71,121.71,324.99,0,0,,,
9,LVL 3,1769968298843,5425030838839,Blankets 4,3,Kentucky Horsewear Show Rug (160g),Horse Wear > Blankets & Sheets > Stable Blankets & Sheets > Lightweight,52101-01-140,Size: 75-inch,Color: Black,,,,Wellington Warehouse,141.86,141.86,141.86,459.99,0,0,,,
6,LVL 3,1769968298843,5407007533589,Blankets 4,3,Kentucky Horsewear Waterproof Turnout Sheet,Horse Wear > Blankets & Sheets > Turnout Blankets & Sheets > Sheets,52153-03-145,Size: 78-Inch,Color: Navy,,,,Wellington Warehouse,96.88,96.88,96.88,324.99,0,0,,,
1,LVL 3,1769968298843,5407007533572,Blankets 4,3,Kentucky Horsewear Waterproof Turnout Sheet,Horse Wear > Blankets & Sheets > Turnout Blankets & Sheets > Sheets,52153-03-140,Size: 75-inch,Color: Navy,,,,Wellington Warehouse,96.88,96.88,96.88,324.99,0,0,,,
4,LVL 4,1770136848445,5425030839126,Sheets 1,4,Kentucky Horsewear Cotton Sheet,Horse Wear > Blankets & Sheets > Stable Blankets & Sheets > Lightweight,52115-01-145,Size: 78-Inch,Color: Black,,,,Wellington Warehouse,121.71,121.71,121.71,324.99,0,0,,,
4,LVL 3,1769968298843,5425030838822,Blankets 4,3,Kentucky Horsewear Show Rug (160g),Horse Wear > Blankets & Sheets > Stable Blankets & Sheets > Lightweight,52101-01-130,Size: 72-Inch,Color: Black,,,,Wellington Warehouse,141.86,141.86,141.86,459.99,0,0,,,
11,LVL 3,1769968298843,5425030838846,Blankets 4,3,Kentucky Horsewear Show Rug (160g),Horse Wear > Blankets & Sheets > Stable Blankets & Sheets > Lightweight,52101-01-145,Size: 78-Inch,Color: Black,,,,Wellington Warehouse,141.86,141.86,141.86,459.99,0,0,,,
4,LVL 3,1769968298843,5407007533602,Blankets 4,3,Kentucky Horsewear Waterproof Turnout Sheet,Horse Wear > Blankets & Sheets > Turnout Blankets & Sheets > Sheets,52153-03-160,Size: 84-Inch,Color: Navy,,,,Wellington Warehouse,96.88,96.88,96.88,324.99,0,0,,,
1,BIN-05,1768845014313,5404022046988,Shelf 13,5,Dy'on 5/8 Laced Reins - US Collection,"Tack & Equipment > Bridles, Headstalls & Reins > English Bridles & Reins > Reins",US05RBRF,Size: Full,Color: Brown,,,,Wellington Warehouse,93.42,93.42,93.42,304.99,0,0,,,
1,LVL 1,1769968298841,5425030835920,Blankets 4,1,Kentucky Horsewear Stable Guard,Stable > Stable Supplies > Stall Supplies,82102-17,Color: Bordeaux,,,,,Wellington Warehouse,43.47,43.47,43.47,119.99,0,0,,,
2,LVL 4,1770136848445,5425030839096,Sheets 1,4,Kentucky Horsewear Cotton Sheet,Horse Wear > Blankets & Sheets > Stable Blankets & Sheets > Lightweight,52115-01-130,Size: 72-Inch,Color: Black,,,,Wellington Warehouse,121.71,121.71,121.71,324.99,0,0,,,
6,LVL 3,1770136848444,5425030834992,Sheets 1,3,Kentucky Horsewear Cotton Sheet,Horse Wear > Blankets & Sheets > Stable Blankets & Sheets > Lightweight,52115-03-145,Size: 78-Inch,Color: Navy,,,,Wellington Warehouse,121.71,121.71,121.71,324.99,0,0,0.0375,,
4,LVL 3,1770136848444,5425030834855,Sheets 1,3,Kentucky Horsewear Cotton Sheet,Horse Wear > Blankets & Sheets > Stable Blankets & Sheets > Lightweight,52115-03-130,Size: 72-Inch,Color: Navy,,,,Wellington Warehouse,121.71,121.71,121.71,324.99,0,0,0.01369863,,
4,BIN-05,1768845014313,5425030832424,Shelf 13,5,Kentucky Horsewear Sheepskin Noseband Cover,"Tack & Equipment > Bridles, Headstalls & Reins > English Bridles & Reins > Bridle Accessories",42602-02-28,Color: Natural,,,,,Wellington Warehouse,17.38,17.38,17.38,44.99,0,0,0.0952381,,
3,BIN-02,1768845014310,5404022031779,Shelf 13,2,Dy'on Anatomic Flash Noseband Bridle - D Collection,"Tack & Equipment > Bridles, Headstalls & Reins > English Bridles & Reins > Bridles",DYABAB-BR-F,Size: Full,Color: Brown,,,,Wellington Warehouse,207.61,207.61,207.61,674.99,0,0,0.04225352,,
3,LVL 3,1769968298843,5407007533596,Blankets 4,3,Kentucky Horsewear Waterproof Turnout Sheet,Horse Wear > Blankets & Sheets > Turnout Blankets & Sheets > Sheets,52153-03-155,Size: 81-Inch,Color: Navy,,,,Wellington Warehouse,96.88,96.88,96.88,324.99,0,0,,,
7,LVL 3,1769968298843,5425030833711,Blankets 4,3,Kentucky Horsewear Show Rug (160g),Horse Wear > Blankets & Sheets > Stable Blankets & Sheets > Lightweight,52101-03-140,Size: 75-inch,Color: Navy,,,,Wellington Warehouse,141.86,141.86,141.86,459.99,0,0,,,
1,LVL 3,1769968298843,5425030838860,Blankets 4,3,Kentucky Horsewear Show Rug (160g),Horse Wear > Blankets & Sheets > Stable Blankets & Sheets > Lightweight,52101-01-160,Size: 84-Inch,Color: Black,,,,Wellington Warehouse,141.86,141.86,141.86,459.99,0,0,,,
3,LVL 4,1770136848445,5425030839119,Sheets 1,4,Kentucky Horsewear Cotton Sheet,Horse Wear > Blankets & Sheets > Stable Blankets & Sheets > Lightweight,52115-01-140,Size: 75-inch,Color: Black,,,,Wellington Warehouse,121.71,121.71,121.71,324.99,0,0,,,
10,BIN-02,1768845014310,"5404022031762, 5404022031762",Shelf 13,2,Dy'on Anatomic Flash Noseband Bridle - D Collection,"Tack & Equipment > Bridles, Headstalls & Reins > English Bridles & Reins > Bridles",DYABAB-BR-C,Size: Cob,Color: Brown,,,,Wellington Warehouse,207.61,207.61,207.61,674.99,0,0,,,
1,LVL 3,1769968298843,5425030833681,Blankets 4,3,Kentucky Horsewear Show Rug (160g),Horse Wear > Blankets & Sheets > Stable Blankets & Sheets > Lightweight,52101-03-130,Size: 72-Inch,Color: Navy,,,,Wellington Warehouse,141.86,141.86,141.86,459.99,0,0,,,
3,BIN-05,1767722133136,5407010744163,Shelf 6,5,Kentucky Horsewear Vegan Sheepskin Bamboo Elastic Tendon Boots,Tack & Equipment > Boots & Wraps > Protective Boots > Front Boots,88102-01-01-M,Size: Medium,Color: Black/Black,,,,Wellington Warehouse,74.99,74.99,74.99,414.99,0,0,,,
0,BIN-05,1768403067589,5407007539680,Shelf 12,5,Kentucky Horsewear Quilted Stable Bandage Pad,Tack & Equipment > Boots & Wraps > Leg Wraps,42104-08-F,Size: Full,Color: Grey,,,,Wellington Warehouse,56.51,56.51,56.51,159.99,0,0,0.011235955,,
3,BIN-05,1767722133136,5407008895143,Shelf 6,5,Kentucky Horsewear Vegan Sheepskin Bamboo Elastic Tendon Boots,Tack & Equipment > Boots & Wraps > Protective Boots > Front Boots,88102-05-M,Size: Medium,Color: Brown,,,,Wellington Warehouse,74.99,74.99,74.99,414.99,0,0,,,
2,BIN-05,1767722133136,5407010744200,Shelf 6,5,Kentucky Horsewear Vegan Sheepskin Bamboo Elastic Tendon Boots,Tack & Equipment > Boots & Wraps > Protective Boots > Front Boots,88102-01-01-L,Size: Large,Color: Black/Black,,,,Wellington Warehouse,74.99,74.99,74.99,414.99,0,0,,,
1,BIN-05,1767722133136,5407008896485,Shelf 6,5,Kentucky Horsewear Bamboo Elastic Tendon Boots,Tack & Equipment > Boots & Wraps > Protective Boots > Front Boots,88101-01-L,Size: Large,Color: Black,,,,Wellington Warehouse,62.49,62.49,62.49,349.99,0,0,,,
0,BIN-05,1768403067589,5425030830758,Shelf 12,5,Kentucky Horsewear Quilted Stable Bandage Pad,Tack & Equipment > Boots & Wraps > Leg Wraps,42104-03-F,Size: Full,Color: Navy,,,,Wellington Warehouse,56.51,56.51,56.51,159.99,0,0,,,
0,BIN-01,1768403023955,,Shelf 10,1,Walsh Velcro Bell Boots,Tack & Equipment > Boots & Wraps > Bell Boots,147-M-BLK,Size: Medium,Color: Black,,,,Wellington Warehouse,19.00,19.00,19.00,34.00,0,0,0.033898305,,
2,BIN-05,1767722133136,5407008896515,Shelf 6,5,Kentucky Horsewear Vegan Sheepskin Bamboo Elastic Tendon Boots,Tack & Equipment > Boots & Wraps > Protective Boots > Front Boots,88102-05-L,Size: Large,Color: Brown,,,,Wellington Warehouse,74.99,74.99,74.99,414.99,0,0,,,
4,BIN-05,1767722133136,5407008895136,Shelf 6,5,Kentucky Horsewear Vegan Sheepskin Bamboo Elastic Tendon Boots,Tack & Equipment > Boots & Wraps > Protective Boots > Front Boots,88102-01-M,Size: Medium,Color: Black,,,,Wellington Warehouse,74.99,74.99,74.99,414.99,0,0,,,
0,BIN-05,1768403067589,5425030830741,Shelf 12,5,Kentucky Horsewear Quilted Stable Bandage Pad,Tack & Equipment > Boots & Wraps > Leg Wraps,42104-01-F,Size: Full,Color: Black,,,,Wellington Warehouse,56.51,56.51,56.51,159.99,0,0,,,
1,BIN-05,1767722133136,5407008895112,Shelf 6,5,Kentucky Horsewear Bamboo Elastic Tendon Boots,Tack & Equipment > Boots & Wraps > Protective Boots > Front Boots,88101-01-M,Size: Medium,Color: Black,,,,Wellington Warehouse,62.49,62.49,62.49,349.99,0,0,,,
2,BIN-05,1767722133136,5407008896539,Shelf 6,5,Kentucky Horsewear Vegan Sheepskin Bamboo Elastic Tendon Boots,Tack & Equipment > Boots & Wraps > Protective Boots > Front Boots,88102-01-L,Size: Large,Color: Black,,,,Wellington Warehouse,74.99,74.99,74.99,414.99,0,0,,,
3,BIN-05,1767722133136,5407008895129,Shelf 6,5,Kentucky Horsewear Bamboo Elastic Tendon Boots,Tack & Equipment > Boots & Wraps > Protective Boots > Front Boots,88101-05-M,Size: Medium,Color: Brown,,,,Wellington Warehouse,62.49,62.49,62.49,349.99,0,0,,,
2,BIN-05,1767722133136,5407008896478,Shelf 6,5,Kentucky Horsewear Bamboo Elastic Tendon Boots,Tack & Equipment > Boots & Wraps > Protective Boots > Front Boots,88101-05-L,Size: Large,Color: Brown,,,,Wellington Warehouse,62.49,62.49,62.49,349.99,0,0,,,
1,BIN-05,1767812231222,,Shelf 8,5,Beautiful Tails Slinky II Elite,Horse Wear > Blankets & Sheets > Liners,BT-SLINKY II ELITE-S-RED,Color: Red,"Size: Small (64""-68"")",,,,Wellington Warehouse,128.00,128.00,128.00,179.99,0,0,,,
1,BIN-05,1767812231222,,Shelf 8,5,Beautiful Tails Slinky II Elite,Horse Wear > Blankets & Sheets > Liners,BT-SLINKY II ELITE-S-BLK,Color: Black,"Size: Small (64""-68"")",,,,Wellington Warehouse,128.00,128.00,128.00,179.99,0,0,,,
0,BIN-04,1767722133135,5425030839669,Shelf 6,4,Kentucky Horsewear Air Turnout Boots,Tack & Equipment > Boots & Wraps > Protective Boots > Front Boots,42310-01-L,Size: Large,Color: Black,,,,Wellington Warehouse,22.91,22.91,22.91,129.99,0,0,,,
3,BIN-04,1767722133135,5407007534791,Shelf 6,4,Kentucky Horsewear Air Turnout Boots,Tack & Equipment > Boots & Wraps > Protective Boots > Front Boots,42309-05-S,Size: Small,Color: Brown,,,,Wellington Warehouse,22.91,22.91,22.91,129.99,0,0,,,
2,BIN-04,1767722133135,5425030839645,Shelf 6,4,Kentucky Horsewear Air Turnout Boots,Tack & Equipment > Boots & Wraps > Protective Boots > Front Boots,42309-01-F,Size: Medium,Color: Black,,,,Wellington Warehouse,22.91,22.91,22.91,129.99,0,0,,,
2,BIN-04,1767722133135,5407007534784,Shelf 6,4,Kentucky Horsewear Air Turnout Boots,Tack & Equipment > Boots & Wraps > Protective Boots > Front Boots,42309-01-S,Size: Small,Color: Black,,,,Wellington Warehouse,22.91,22.91,22.91,129.99,0,0,,,
3,BIN-04,1767722133135,5425030839652,Shelf 6,4,Kentucky Horsewear Air Turnout Boots,Tack & Equipment > Boots & Wraps > Protective Boots > Front Boots,42310-05-L,Size: Large,Color: Brown,,,,Wellington Warehouse,22.91,22.91,22.91,129.99,0,0,,,
3,BIN-04,1767722133135,5425030839638,Shelf 6,4,Kentucky Horsewear Air Turnout Boots,Tack & Equipment > Boots & Wraps > Protective Boots > Front Boots,42309-05-F,Size: Medium,Color: Brown,,,,Wellington Warehouse,22.91,22.91,22.91,129.99,0,0,,,
16,BIN-05,1768403023959,5425030830819,Shelf 10,5,Kentucky Horsewear Sheepskin Leather Overreach Boots,Tack & Equipment > Boots & Wraps > Bell Boots,88295-01-L,Size: Large,Color: Black/Natural,,,,Wellington Warehouse,52.15,52.15,52.15,144.99,0,0,,,
2,BIN-03,1773766441665,5425030835012,Shelf 16,3,Kentucky Horsewear Leather Anatomic Halter,Tack & Equipment > Halters & Leads > Halters > Leather Halters,42513-05-COB,Size: Cob,Color: Brown,,,,Wellington Warehouse,76.12,76.12,76.12,259.99,0,0,0.024390243,,
5,BIN-05,1768403023959,5425030834466,Shelf 10,5,Kentucky Horsewear Sheepskin Leather Overreach Boots,Tack & Equipment > Boots & Wraps > Bell Boots,88295-05-05-XL,Size: Extra Large,Color: Brown/Brown,,,,Wellington Warehouse,52.15,52.15,52.15,144.99,0,0,,,
5,ROW 3 : LVL 4,1774281545039,,Grooming,4,Silver Honey Medicated Shampoo,"Horse Care > Grooming & Bathing > Shampoos, Conditioners, & Sprays > Shampoos",20341-1,Title: Default Title,,,,,Wellington Warehouse,14.59,14.59,14.59,23.99,0,0,0.015873017,,
7,BIN-03,1767722157721,5407010741896,Shelf 7,3,Kentucky Horsewear Waterproof Saddle Cover,"Tack & Equipment > Bags, Cases & Covers",82152-01-SJ,Color: Black,,,,,Wellington Warehouse,56.51,56.51,56.51,159.99,0,0,,,
5,BIN-05,1768403023959,5425030834473,Shelf 10,5,Kentucky Horsewear Sheepskin Leather Overreach Boots,Tack & Equipment > Boots & Wraps > Bell Boots,88295-05-05-XXL,Size: Extra Extra Large,Color: Brown/Brown,,,,Wellington Warehouse,52.15,52.15,52.15,144.99,0,0,,,
5,BIN-05,1768403023959,5425030834404,Shelf 10,5,Kentucky Horsewear Sheepskin Leather Overreach Boots,Tack & Equipment > Boots & Wraps > Bell Boots,88295-01-01-M,Size: Medium,Color: Black/Black,,,,Wellington Warehouse,52.15,52.15,52.15,144.99,0,0,0.024390243,,
11,BIN-05,1768403023959,5425030830963,Shelf 10,5,Kentucky Horsewear Sheepskin Leather Overreach Boots,Tack & Equipment > Boots & Wraps > Bell Boots,88295-01-XXL,Size: Extra Extra Large,Color: Black/Natural,,,,Wellington Warehouse,52.15,52.15,52.15,144.99,0,0,,,
3,BIN-05,1768403023959,5425030830710,Shelf 10,5,Kentucky Horsewear Sheepskin Leather Overreach Boots,Tack & Equipment > Boots & Wraps > Bell Boots,88295-01-M,Size: Medium,Color: Black/Natural,,,,Wellington Warehouse,52.15,52.15,52.15,144.99,0,0,,,
12,BIN-05,1768403023959,5425030830833,Shelf 10,5,Kentucky Horsewear Sheepskin Leather Overreach Boots,Tack & Equipment > Boots & Wraps > Bell Boots,88295-01-XL,Size: Extra Large,Color: Black/Natural,,,,Wellington Warehouse,52.15,52.15,52.15,144.99,0,0,0.016949153,,
4,BIN-05,1768403023959,5425030831083,Shelf 10,5,Kentucky Horsewear Sheepskin Leather Overreach Boots,Tack & Equipment > Boots & Wraps > Bell Boots,88295-05-XL,Size: Extra Large,Color: Brown/Natural,,,,Wellington Warehouse,52.15,52.15,52.15,144.99,0,0,,,
16,BIN-03,1773766441665,5425030835029,Shelf 16,3,Kentucky Horsewear Leather Anatomic Halter,Tack & Equipment > Halters & Leads > Halters > Leather Halters,42513-05-F,Size: Full,Color: Brown,,,,Wellington Warehouse,76.12,76.12,76.12,259.99,0,0,,,
6,BIN-03,1767722157721,5407010741889,Shelf 7,3,Kentucky Horsewear Waterproof Saddle Cover,"Tack & Equipment > Bags, Cases & Covers",82152-03-SJ,Color: Navy,,,,,Wellington Warehouse,56.51,56.51,56.51,159.99,0,0,,,
5,BIN-05,1768403023959,5425030831090,Shelf 10,5,Kentucky Horsewear Sheepskin Leather Overreach Boots,Tack & Equipment > Boots & Wraps > Bell Boots,88295-05-XXL,Size: Extra Extra Large,Color: Brown/Natural,,,,Wellington Warehouse,52.15,52.15,52.15,144.99,0,0,,,
8,ROW 1 : LVL 5,1768938712713,5425030833322,First Aid,5,Tesa Tape,Horse Care > First Aid & Wellness > First Aid Supplies,44541-50-50,Size: 50mm x 50m,,,,,Wellington Warehouse,30.66,30.66,30.66,114.99,0,0,,,
2,LVL 3,1770050955929,49478202,Blankets 3,3,Big D All American Blanket (275g),Horse Wear > Blankets & Sheets > Stable Blankets & Sheets > Medium Weight,14-CLOSED-BLACK-76,Size: 76-Inch,Color: Black/Silver Trim,Closure Style: Closed Front,,,Wellington Warehouse,89.50,89.50,89.50,179.95,0,0,,,
3,LVL 2,1771873985968,81283642,Sheets 4,2,Big D Closed Front Nylon Stable Sheet,Horse Wear > Blankets & Sheets > Stable Blankets & Sheets > Lightweight,5-CLOSED-BLACK-74,Size: 74-Inch,Color: Black/Silver Trim,,,,Wellington Warehouse,58.00,58.00,58.00,94.99,0,0,0.2,,
3,LVL 3,1770050955929,57390650,Blankets 3,3,Big D All American Blanket (275g),Horse Wear > Blankets & Sheets > Stable Blankets & Sheets > Medium Weight,14-OPEN-BLACK-78,Size: 78-Inch,Color: Black/Silver Trim,Closure Style: Open Front,,,Wellington Warehouse,89.50,89.50,89.50,179.95,0,0,,,
2,LVL 2,1771873985968,81349178,Sheets 4,2,Big D Closed Front Nylon Stable Sheet,Horse Wear > Blankets & Sheets > Stable Blankets & Sheets > Lightweight,5-CLOSED-BLACK-78,Size: 78-Inch,Color: Black/Silver Trim,,,,Wellington Warehouse,58.00,58.00,58.00,94.99,0,0,,,
0,LVL 2,1771873985968,81250874,Sheets 4,2,Big D Closed Front Nylon Stable Sheet,Horse Wear > Blankets & Sheets > Stable Blankets & Sheets > Lightweight,5-CLOSED-BLACK-72,Size: 72-Inch,Color: Black/Silver Trim,,,,Wellington Warehouse,58.00,58.00,58.00,94.99,0,0,,,
15,BIN-04,1768403023958,782146315919,Shelf 10,4,Professionals Choice Spartan II Bell Boot with Fleece,Tack & Equipment > Boots & Wraps > Bell Boots,BBF563-BLA,Size: Large,Color: Black,,,,Wellington Warehouse,29.25,29.25,29.25,53.99,0,0,,,
3,LVL 3,1770050955929,49445434,Blankets 3,3,Big D All American Blanket (275g),Horse Wear > Blankets & Sheets > Stable Blankets & Sheets > Medium Weight,14-CLOSED-BLACK-74,Size: 74-Inch,Color: Black/Silver Trim,Closure Style: Closed Front,,,Wellington Warehouse,89.50,89.50,89.50,179.95,0,0,,,
3,LVL 3,1770050955929,80071226,Blankets 3,3,Big D All American Blanket (275g),Horse Wear > Blankets & Sheets > Stable Blankets & Sheets > Medium Weight,14-OPEN-BLACK-80,Size: 80-Inch,Color: Black/Silver Trim,Closure Style: Open Front,,,Wellington Warehouse,89.50,89.50,89.50,179.95,0,0,,,
0,LVL 3,1770050955929,49510970,Blankets 3,3,Big D All American Blanket (275g),Horse Wear > Blankets & Sheets > Stable Blankets & Sheets > Medium Weight,14-CLOSED-BLACK-78,Size: 78-Inch,Color: Black/Silver Trim,Closure Style: Closed Front,,,Wellington Warehouse,89.50,89.50,89.50,179.95,0,0,,,
0,LVL 2,1771873985968,81316410,Sheets 4,2,Big D Closed Front Nylon Stable Sheet,Horse Wear > Blankets & Sheets > Stable Blankets & Sheets > Lightweight,5-CLOSED-BLACK-76,Size: 76-Inch,Color: Black/Silver Trim,,,,Wellington Warehouse,58.00,58.00,58.00,94.99,0,0,,,
4,LVL 3,1770050955929,80038458,Blankets 3,3,Big D All American Blanket (275g),Horse Wear > Blankets & Sheets > Stable Blankets & Sheets > Medium Weight,14-CLOSED-BLACK-80,Size: 80-Inch,Color: Black/Silver Trim,Closure Style: Closed Front,,,Wellington Warehouse,89.50,89.50,89.50,179.95,0,0,,,
10,BIN-04,1768403023958,,Shelf 10,4,Professionals Choice Spartan II Bell Boot with Fleece,Tack & Equipment > Boots & Wraps > Bell Boots,BBF562-BLA,Size: Medium,Color: Black,,,,Wellington Warehouse,29.25,29.25,29.25,53.99,0,0,,,
0,LVL 2,1771873985968,81381946,Sheets 4,2,Big D Closed Front Nylon Stable Sheet,Horse Wear > Blankets & Sheets > Stable Blankets & Sheets > Lightweight,5-CLOSED-BLACK-80,Size: 80-Inch,Color: Black/Silver Trim,,,,Wellington Warehouse,58.00,58.00,58.00,94.99,0,0,0.023255814,,
4,BIN-04,1768403023958,782146316015,Shelf 10,4,Professionals Choice Spartan II Bell Boot with Fleece,Tack & Equipment > Boots & Wraps > Bell Boots,BBF563-WHI,Size: Large,Color: White,,,,Wellington Warehouse,29.25,29.25,29.25,53.99,0,0,,,
2,LVL 3,1770050955929,64656954,Blankets 3,3,Big D All American Blanket (275g),Horse Wear > Blankets & Sheets > Stable Blankets & Sheets > Medium Weight,14-OPEN-BLACK-72,Size: 72-Inch,Color: Black/Silver Trim,Closure Style: Open Front,,,Wellington Warehouse,89.50,89.50,89.50,179.95,0,0,,,
5,LVL 3,1770050955929,57325114,Blankets 3,3,Big D All American Blanket (275g),Horse Wear > Blankets & Sheets > Stable Blankets & Sheets > Medium Weight,14-OPEN-BLACK-74,Size: 74-Inch,Color: Black/Silver Trim,Closure Style: Open Front,,,Wellington Warehouse,89.50,89.50,89.50,179.95,0,0,,,
1,LVL 3,1770050955929,64624186,Blankets 3,3,Big D All American Blanket (275g),Horse Wear > Blankets & Sheets > Stable Blankets & Sheets > Medium Weight,14-CLOSED-BLACK-72,Size: 72-Inch,Color: Black/Silver Trim,Closure Style: Closed Front,,,Wellington Warehouse,89.50,89.50,89.50,179.95,0,0,,,
1,LVL 3,1770050955929,98651450,Blankets 3,3,Big D All American Blanket (275g),Horse Wear > Blankets & Sheets > Stable Blankets & Sheets > Medium Weight,14-OPEN-BLACK-82,Size: 82-Inch,Color: Black/Silver Trim,Closure Style: Open Front,,,Wellington Warehouse,93.50,93.50,93.50,199.99,0,0,,,
1,LVL 3,1770050955929,57357882,Blankets 3,3,Big D All American Blanket (275g),Horse Wear > Blankets & Sheets > Stable Blankets & Sheets > Medium Weight,14-OPEN-BLACK-76,Size: 76-Inch,Color: Black/Silver Trim,Closure Style: Open Front,,,Wellington Warehouse,89.50,89.50,89.50,179.95,0,0,,,
2,LVL 3,1770050955929,98618682,Blankets 3,3,Big D All American Blanket (275g),Horse Wear > Blankets & Sheets > Stable Blankets & Sheets > Medium Weight,14-CLOSED-BLACK-82,Size: 82-Inch,Color: Black/Silver Trim,Closure Style: Closed Front,,,Wellington Warehouse,93.50,93.50,93.50,199.99,0,0,,,
10,ROW 3 : LVL 3,1774281614628,040102206597,Grooming/Tack Cleaner,3,Andis Quad Force Replacement Blade Drive,"Horse Care > Grooming & Bathing > Clippers, Blades & Accessories",20659,Title: Default Title,,,,,Wellington Warehouse,5.07,5.07,5.07,10.51,0,0,,,
1,ROW 4 : LVL 1,1774281147461,810006840292,Supplements 2,1,DAC Colt Grower,Horse Care > Supplements > Vitamins & Minerals,CG05,Size: 5 Pounds,,,,,Wellington Warehouse,32.50,32.50,32.50,44.31,0,0,,,
2,ROW 4 : LVL 1,1774281147461,810006840308,Supplements 2,1,DAC Colt Grower,Horse Care > Supplements > Vitamins & Minerals,CG20,Size: 20 Pounds,,,,,Wellington Warehouse,95.16,95.16,95.16,122.91,0,0,,,
11,ROW 1 : LVL 1,1767888349952,021784471121,Supplements 1,1,Panacur Paste,Horse Care > Supplements > Wormer,69273,Size: 25 Grams,,,Lot# A518A01,2028-01-01,Wellington Warehouse,10.51,10.51,10.51,12.99,0,12,0.036585364,,
10,BIN 1,1776787343289,70921018,Spurs,1,Uline Electrical Tape,Stable > Stable Supplies > Misc,S-10521,Size: 20-Yard Length x 3/4-Inch Width,Color: Brown,,,,Wellington Warehouse,1.00,1.00,1.00,2.95,0,0,0.03125,,
10,BIN 1,1776787343289,17804090,Spurs,1,Uline Electrical Tape,Stable > Stable Supplies > Misc,S-5143,Size: 20-Yard Length x 3/4-Inch Width,Color: Black,,,,Wellington Warehouse,1.15,1.15,1.15,2.95,0,0,,,
5,BIN 1,1776787343289,70953786,Spurs,1,Uline Electrical Tape,Stable > Stable Supplies > Misc,S-7858,Size: 20-Yard Length x 3/4-Inch Width,Color: White,,,,Wellington Warehouse,1.00,1.00,1.00,2.95,0,0,0.03125,,
2,ROW 1 : LVL 3,1768938712711,,First Aid,3,Equishield IBH Salve,Horse Care > First Aid & Wellness > Wound Care & Topicals,9009-06-00,Size: 4 Ounces,,,,,Wellington Warehouse,19.65,19.65,19.65,37.79,0,0,,,
5,ROW 2 : LVL 2,1768938712706,"8881251840, 8881251840",First Aid,2,Monojet Poly Hub Needle,Horse Care > First Aid & Wellness > First Aid Supplies > Needles and Syringes,8881251840,Size: 21 Gauge x 1 Inch,Quantity: Box of 100,,,,Wellington Warehouse,10.65,10.65,10.65,15.99,0,0,,,
7,ROW 2 : LVL 2,1768938712706,"8881251790, 8881251790",First Aid,2,Monojet Poly Hub Needle,Horse Care > First Aid & Wellness > First Aid Supplies > Needles and Syringes,8881251790,Size: 20 Gauge x 1 1/2 Inch,Quantity: Box of 100,,,,Wellington Warehouse,10.65,10.65,10.65,18.99,0,0,,,
5,ROW 2 : LVL 2,1768938712706,"8881250081, 8881250081",First Aid,2,Monojet Poly Hub Needle,Horse Care > First Aid & Wellness > First Aid Supplies > Needles and Syringes,8881250081,Size: 19 Gauge x 1 Inch,Quantity: Box of 100,,,,Wellington Warehouse,10.60,10.60,10.60,14.99,0,0,,,
0,ROW 2 : LVL 2,1768938712706,8881251782,First Aid,2,Monojet Poly Hub Needle,Horse Care > First Aid & Wellness > First Aid Supplies > Needles and Syringes,8881251782,Size: 20 Gauge x 1 Inch,Quantity: Box of 100,,,,Wellington Warehouse,9.54,9.54,9.54,15.99,0,0,0.026666667,,
1,BIN-01,1773766480619,842688007991,Shelf 18,1,"Perri's Leather 1"" Leather Lead with Brass Plated Chain",Tack & Equipment > Halters & Leads > Lead Ropes,Z-L420H,Title: Default Title,,,,,Wellington Warehouse,22.95,22.95,22.95,48.95,0,0,,,
1,BIN-01,1773766441663,842688002651,Shelf 16,1,Perri's Leather Shipping Halter,Tack & Equipment > Halters & Leads > Halters > Leather Halters,125-HORSE,Title: Default Title,,,,,Wellington Warehouse,110.00,110.00,110.00,240.95,0,0,,,
3,BIN-02,1767626770401,7340041115596,Shelf 5,2,Back on Track Supreme Exercise Boots with Shock Absorbent Pad,Tack & Equipment > Boots & Wraps > Protective Boots > Front Boots,20790003,Size: Large,,,,,Wellington Warehouse,43.00,43.00,43.00,86.00,0,0,,,
0,BIN-03,1777314699040,635913068849,Shelf 20,3,Mustang Weighted End Split Reins,"Tack & Equipment > Bridles, Headstalls & Reins > Western Headstalls & Reins > Reins",55Rein-5,"Size: 3/8""x8'",,,,,Wellington Warehouse,28.50,28.50,28.50,37.50,0,0,,,
6,BIN-04,1773766480617,635913007923,Shelf 17,4,Mustang Economy Halter,Tack & Equipment > Halters & Leads > Halters > Nylon & Rope Halters,85082-D,Size: Horse,Color: Black,,,,Wellington Warehouse,7.95,7.95,7.95,13.99,0,0,,,
3,BIN-04,1777314699041,635913068573,Shelf 20,4,Mustang Double Stitched Browband Headstall with Tie Ends,"Tack & Equipment > Bridles, Headstalls, & Reins > Western Headstalls & Reins > Headstalls",55HDST-201,Size: Horse,,,,,Wellington Warehouse,31.50,31.50,31.50,39.99,0,0,,,
25,BIN-04,1773766480617,635913007916,Shelf 17,4,Mustang Economy Halter,Tack & Equipment > Halters & Leads > Halters > Nylon & Rope Halters,85082-B,Size: Horse,Color: Blue,,,,Wellington Warehouse,7.95,7.95,7.95,13.99,0,0,,,
0,LVL 5,1770396443383,635913065473,Saddle Pads 3,5,Mustang Brushed Wool Contoured Saddle Pad,Tack & Equipment > Saddle Pads > Western Saddle Pads & Liners,4670 D,Size: 32 Inches x 32 Inches,Color: Black,,,,Wellington Warehouse,49.95,49.95,49.95,89.99,0,0,,,
3,BIN 1,1776787262019,635913068436,Bits 1,1,Mustang Double Stitched Curb Strap,Tack & Equipment > Bits > Bit Accessories,55CURB-2,Title: Default Title,,,,,Wellington Warehouse,7.15,7.15,7.15,11.99,0,0,,,
2,BIN-04,1777314699041,635913068597,Shelf 20,4,Mustang Slip Ear Headstall with Tie Ends,"Tack & Equipment > Bridles, Headstalls, & Reins > Western Headstalls & Reins > Headstalls",55HDST-22,Size: Horse,,,,,Wellington Warehouse,17.10,17.10,17.10,24.99,0,0,,,
47,BIN-01,1768403067585,635913007695,Shelf 12,1,"Mustang Polo Wraps, Set of 4",Tack & Equipment > Boots & Wraps > Leg Wraps,8440 T,Size: Horse,Color: White,,,,Wellington Warehouse,12.50,12.50,12.50,19.99,0,0,0.023255814,,
5,BIN-04,1773766480617,635913071078,Shelf 17,4,Mustang Economy Halter,Tack & Equipment > Halters & Leads > Halters > Nylon & Rope Halters,85082-F,Size: Horse,Color: Navy,,,,Wellington Warehouse,7.95,7.95,7.95,13.99,0,0,,,
4,BIN-02,1768403067586,7340041118719,Shelf 12,2,Back on Track Scandic PK Performance Leg Wraps,Tack & Equipment > Boots & Wraps > Leg Wraps,20140000,Size: 30 Centimeters x 40 Centimeters,Color: Black,,,,Wellington Warehouse,34.50,34.50,34.50,69.00,0,0,,,
2,BIN-03,1776354991788,757475723148,Grooming Small,3,Epona Queen's Brush,Horse Care > Grooming & Bathing > Brushes & Tools > Brushes & Combs,1096,Title: Default Title,,,,,Wellington Warehouse,7.26,8.05,8.84,14.99,0,12,0.023255814,,
2,BIN-02,1768403067586,7340041118726,Shelf 12,2,Back on Track Scandic PK Performance Leg Wraps,Tack & Equipment > Boots & Wraps > Leg Wraps,20140200,Size: 30 Centimeters x 40 Centimeters,Color: White,,,,Wellington Warehouse,34.50,34.50,34.50,69.00,0,0,,,
2,BIN-02,1768403067586,7340041120361,Shelf 12,2,Back on Track Scandic PK Performance Leg Wraps,Tack & Equipment > Boots & Wraps > Leg Wraps,20140202,Size: 40 Centimeters  x 40 Centimeters,Color: White,,,,Wellington Warehouse,34.50,34.50,34.50,69.00,0,0,,,
1,BIN-02,1768403067586,7340041120385,Shelf 12,2,Back on Track Scandic PK Performance Leg Wraps,Tack & Equipment > Boots & Wraps > Leg Wraps,20140204,Size: 50 Centimeters  x 50 Centimeters,Color: White,,,,Wellington Warehouse,34.50,34.50,34.50,69.00,0,0,,,
18,BIN-01,1773766480619,635913044867,Shelf 18,1,Mustang Poly Lead,Tack & Equipment > Halters & Leads > Lead Ropes,6000-C,Color: Brown,,,,,Wellington Warehouse,5.20,5.20,5.20,9.99,0,0,,,
10,BIN-01,1773766480619,635913044911,Shelf 18,1,Mustang Poly Lead,Tack & Equipment > Halters & Leads > Lead Ropes,6000-F,Color: Navy,,,,,Wellington Warehouse,5.20,5.20,5.20,9.99,0,0,0.02631579,,
2,BIN-04,1777314699041,782146325970,Shelf 20,4,Professional's Choice White Cord Cavesson,"Tack & Equipment > Bridles, Headstalls, & Reins > Western Headstalls & Reins > Headstalls",201115,Title: Default Title,,,,,Wellington Warehouse,6.75,6.75,6.75,9.99,0,0,,,
2,Grid wall,1770916055031,,Girths,1,Professional's Choice 2xCool Cinch,Tack & Equipment > Girths & Cinches > Western Cinches,XCC-30,Size: 30-Inch,,,,,Wellington Warehouse,80.50,80.50,80.50,138.99,0,0,,,
5,BIN-02,1767553027608,"782146361152, 782146361152",Shelf 4,2,Professional's Choice Leather Skid Boots with Buckle,Tack & Equipment > Boots & Wraps > Protective Boots > Hind Boots,LSB,Title: Default Title,,,,,Wellington Warehouse,74.25,74.25,74.25,129.99,0,0,0.04761905,,
6,BIN-04,1777314699041,"782146361411, 782146361411",Shelf 20,4,Professional's Choice Ranch Flat Nose Caveson,"Tack & Equipment > Bridles, Headstalls, & Reins > Western Headstalls & Reins > Headstalls",RH8029,Title: Default Title,,,,,Wellington Warehouse,20.00,20.00,20.00,34.95,0,0,,,
6,Grid wall,1770916055031,,Girths,1,Professional's Choice 2xCool Cinch,Tack & Equipment > Girths & Cinches > Western Cinches,XCC-26,Size: 26-Inch,,,,,Wellington Warehouse,80.50,80.50,80.50,138.99,0,0,,,
5,BIN-04,1777314699041,"782146361343, 782146361343",Shelf 20,4,Professional's Choice Ranch Single Ear Quick Change Headstall,"Tack & Equipment > Bridles, Headstalls, & Reins > Western Headstalls & Reins > Headstalls",RH5056,Title: Default Title,,,,,Wellington Warehouse,27.25,27.25,27.25,49.99,0,0,,,
1,BIN-03,1767553027609,782146260943,Shelf 4,3,Professional's Choice Leather Skid Boots,Tack & Equipment > Boots & Wraps > Protective Boots > Hind Boots,PCSKB-100,Title: Default Title,,,,,Wellington Warehouse,84.50,84.50,84.50,145.99,0,0,,,
4,Grid wall,1770916055031,"782146358817, 782146358817",Girths,1,Professional's Choice 2xCool Cinch,Tack & Equipment > Girths & Cinches > Western Cinches,XCC-28,Size: 28-Inch,,,,,Wellington Warehouse,80.50,80.50,80.50,138.99,0,0,0.025641026,,
15,BIN-04,1776354991789,757475194535,Grooming Small,4,Epona Shed Express,Horse Care > Grooming & Bathing > Brushes & Tools > Brushes & Combs,7719,Title: Default Title,,,,,Wellington Warehouse,8.50,8.50,8.50,17.95,0,0,,,
3,ROW 4 : LVL 4,1774281545044,810500025485,Grooming,4,UltraCruz Equine Foaming Shampoo,"Horse Care > Grooming & Bathing > Shampoos, Conditioners, & Sprays > Shampoos",sc-395750,Size: 32 Ounce Refill,,,,,Wellington Warehouse,10.46,10.46,10.46,12.95,0,0,,,
1,ROW 4 : LVL 4,1774281545044,810500025430,Grooming,4,UltraCruz Equine Foaming Shampoo,"Horse Care > Grooming & Bathing > Shampoos, Conditioners, & Sprays > Shampoos",sc-395749,Size: 32 Ounces with Sprayer,,,,,Wellington Warehouse,11.96,11.96,11.96,14.95,0,0,0.025641026,,
2,ROW 4 : LVL 4,1774281545044,810500021715,Grooming,4,UltraCruz Equine Shampoo,"Horse Care > Grooming & Bathing > Shampoos, Conditioners, & Sprays > Shampoos",sc-395293,Size: 32 Ounces,,,,,Wellington Warehouse,7.46,7.46,7.46,10.99,0,0,,,
20,BIN-03,1774887638154,,Cavali 1,3,Cavali Club Cheese Knives,Rider > Home Decor & Gifts,WINTER503,Title: Default Title,,,,,Wellington Warehouse,6.35,6.35,6.35,29.99,0,0,0.02,,
7,ROW 4 : LVL 4,1774281545044,810500025492,Grooming,4,UltraCruz Equine Foaming Shampoo,"Horse Care > Grooming & Bathing > Shampoos, Conditioners, & Sprays > Shampoos",sc-395751,Size: 1 Gallon,,,,,Wellington Warehouse,25.46,25.46,25.46,29.99,0,0,0.01724138,,
20,ROW 4 : LVL 4,1774281545044,810500021777,Grooming,4,UltraCruz Equine Conditioner,"Horse Care > Grooming & Bathing > Shampoos, Conditioners, & Sprays > Conditioners",sc-395297,Size: 1 Gallon,,,,,Wellington Warehouse,15.54,15.54,15.54,24.99,0,0,0.09876543,,
1,ROW 5 : LVL 4,1769190184154,810006841145,Fly sprays,4,DAC Citronella Spray,Horse Care > Fly & Insect Control > Fly Sprays & Traps,810006841145,Size: 1 Gallon,,,,,Wellington Warehouse,36.75,36.75,36.75,60.57,0,0,,,
3,ROW 4 : LVL 3,1774281614633,810500023047,Grooming/Tack Cleaner,3,UltraCruz Equine Detangler Gel,"Horse Care > Grooming & Bathing > Shampoos, Conditioners & Sprays > Detanglers, Shines & Sprays",sc-395339,Size: 1 Gallon,,,,,Wellington Warehouse,138.71,138.71,138.71,179.99,0,0,,,
7,ROW 4 : LVL 3,1774281614633,810500023030,Grooming/Tack Cleaner,3,UltraCruz Equine Detangler Gel,"Horse Care > Grooming & Bathing > Shampoos, Conditioners & Sprays > Detanglers, Shines & Sprays",sc-395338,Size: 32 Ounces,,,,,Wellington Warehouse,41.21,41.21,41.21,49.99,0,0,,,
25,ROW 4 : LVL 4,1774281545044,810500021722,Grooming,4,UltraCruz Equine Shampoo,"Horse Care > Grooming & Bathing > Shampoos, Conditioners, & Sprays > Shampoos",sc-395294,Size: 1 Gallon,,,,,Wellington Warehouse,15.92,15.92,15.92,24.99,0,0,0.049382716,,
6,ROW 2 : LVL 4,1768938712708,012388815125980,First Aid,4,Monoject Disposable Luer Lock Tip Syringe,Horse Care > First Aid & Wellness > First Aid Supplies > Needles and Syringes,8881535762,Size: 35cc / Box of 30,,,,,Wellington Warehouse,23.70,23.70,23.70,29.99,0,0,,,
6,ROW 2 : LVL 4,1768938712708,"20388815128527, 20388815128527",First Aid,4,Monoject Disposable Regular Tip Syringe,Horse Care > First Aid & Wellness > First Aid Supplies > Needles and Syringes,8881512852,Size: 12cc / Box of 80,,,,,Wellington Warehouse,27.05,27.05,27.05,35.99,0,0,,,
1,ROW 2 : LVL 1,1774281650391,815756021014,Hoof/Treats,1,Likit Granola Stall Ball,Horse Care > Treats & Toys > Toys & Licks,GRANBALLMIUS,Size: 3.53 Pounds,Flavor: Peppermint,,,,Wellington Warehouse,0.00,7.74,15.48,22.99,0,6,0.032258064,Fri May 29 2026 18:28:06 GMT+0000 (Coordinated Universal Time),RJ TRADE SHOW MAY #26055027400
13,ROW 2 : LVL 4,1768938712708,,First Aid,4,Monoject Disposable Luer Lock Tip Syringe,Horse Care > First Aid & Wellness > First Aid Supplies > Needles and Syringes,8881560125-SINGLE,Size: 60cc / 1 Unit,,,,,Wellington Warehouse,1.23,1.23,1.23,2.95,0,0,,,
2,ROW 2 : LVL 4,1768938712708,,First Aid,4,Monoject Disposable Regular Tip Syringe,Horse Care > First Aid & Wellness > First Aid Supplies > Needles and Syringes,8881501400,Size: 1cc / Box of 100,,,,,Wellington Warehouse,18.13,18.13,18.13,22.99,0,0,0.03529412,,
43,ROW 2 : LVL 4,1768938712708,,First Aid,4,Monoject Disposable Regular Tip Syringe,Horse Care > First Aid & Wellness > First Aid Supplies > Needles and Syringes,8881560224-SINGLE,Size: 60cc / 1 unit,,,,,Wellington Warehouse,1.54,1.54,1.54,2.95,0,0,,,
3,ROW 2 : LVL 4,1768938712708,,First Aid,4,Monoject Disposable Regular Tip Syringe,Horse Care > First Aid & Wellness > First Aid Supplies > Needles and Syringes,8881513918,Size: 3cc / Box of 100,,,,,Wellington Warehouse,15.00,15.00,15.00,18.99,0,0,0.1,,
8,ROW 2 : LVL 4,1768938712708,88815128787,First Aid,4,Monoject Disposable Luer Lock Tip Syringe,Horse Care > First Aid & Wellness > First Aid Supplies > Needles and Syringes,8881512878,Size: 12cc / Box of 80,,,,,Wellington Warehouse,28.30,28.30,28.30,38.99,0,0,,,
5,ROW 2 : LVL 4,1768938712708,"012088452101217, 012088452101217",First Aid,4,Monoject Disposable Regular Tip Syringe,Horse Care > First Aid & Wellness > First Aid Supplies > Needles and Syringes,8881520673,Size: 20cc / Box of 50,,,,,Wellington Warehouse,36.00,36.00,36.00,43.99,0,0,,,
0,ROW 2 : LVL 4,1768938712708,,First Aid,4,Monoject Disposable Regular Tip Syringe,Horse Care > First Aid & Wellness > First Aid Supplies > Needles and Syringes,8881535796,Size: 35cc / Box of 30,,,,,Wellington Warehouse,26.70,26.70,26.70,32.99,0,0,,,
2,ROW 2 : LVL 4,1768938712708,,First Aid,4,Monoject Disposable Regular Tip Syringe,Horse Care > First Aid & Wellness > First Aid Supplies > Needles and Syringes,8881516911,Size: 6cc / Box of 50,,,,,Wellington Warehouse,12.50,12.50,12.50,18.99,0,0,0.01754386,,
2,BIN-05,1777314699042,688499119733,Shelf 20,5,"Tough-1 Royal King Nylon Web Off Billet 2-Ply 2"" Wide",Tack & Equipment > Girths & Cinches > Western Cinches,56-3560-2-0,Color: Black,,,,,Wellington Warehouse,3.69,3.69,3.69,5.95,0,0,,,
5,BIN-05,1777314699042,688499119740,Shelf 20,5,"Tough-1 Royal King Nylon Web Off Billet 2-Ply 2"" Wide",Tack & Equipment > Girths & Cinches > Western Cinches,56-3560-7-0,Color: Brown,,,,,Wellington Warehouse,3.69,3.69,3.69,5.95,0,0,,,
6,ROW 2 : LVL 1,1774281650391,815756021021,Hoof/Treats,1,Likit Granola Stall Ball,Horse Care > Treats & Toys > Toys & Licks,GRANBALLNAUS,Size: 3.53 Pounds,Flavor: Molasses,,,,Wellington Warehouse,15.48,15.48,15.48,22.99,0,0,0.16666667,Fri May 29 2026 15:09:33 GMT+0000 (Coordinated Universal Time),RJ TRADE SHOW MAY #26055027400
6,ROW 2 : LVL 4,1768938712708,011088452101419,First Aid,4,Monoject Disposable Luer Lock Tip Syringe,Horse Care > First Aid & Wellness > First Aid Supplies > Needles and Syringes,8881516937,Size: 6cc / Box of 50,,,,,Wellington Warehouse,11.53,11.53,11.53,16.95,0,0,0.018518519,,
5,ROW 2 : LVL 4,1768938712708,20884521012230,First Aid,4,Monoject Disposable Luer Lock Tip Syringe,Horse Care > First Aid & Wellness > First Aid Supplies > Needles and Syringes,8881560125,Size: 60cc / Box of 20,,,,,Wellington Warehouse,30.80,30.80,30.80,37.99,0,0,,,
3,ROW 2 : LVL 1,1774281650391,5037648002665,Hoof/Treats,1,Likit Granola Stall Ball,Horse Care > Treats & Toys > Toys & Licks,GRANBALLAP,Size: 3.53 Pounds,Flavor: Apple,,,,Wellington Warehouse,15.48,15.48,15.48,22.99,0,0,0.11904762,Fri May 29 2026 18:19:43 GMT+0000 (Coordinated Universal Time),RJ TRADE SHOW MAY #26055027400
12,ROW 1 : LVL 1,1774281650387,5021544001273,Hoof/Treats,1,Cornucrescine Daily Hoof Barrier for Horses,Horse Care > Grooming & Bathing > Hoof Oils & Conditioner,HO107,Title: Default Title,,,,,Wellington Warehouse,14.94,14.94,14.94,22.99,0,0,,,
2,ROW 2 : LVL 4,1768938712708,,First Aid,4,Monoject Disposable Regular Tip Syringe,Horse Care > First Aid & Wellness > First Aid Supplies > Needles and Syringes,8881560224,Size: 60cc / Box of 20,,,,,Wellington Warehouse,24.74,24.74,24.74,36.99,0,0,,,
3,ROW 2 : LVL 4,1768938712708,8881520657,First Aid,4,Monoject Disposable Luer Lock Tip Syringe,Horse Care > First Aid & Wellness > First Aid Supplies > Needles and Syringes,8881520657,Size: 20cc / Box of 80,,,,,Wellington Warehouse,36.00,36.00,36.00,44.99,0,0,,,
2,BIN-04,1776354991789,000399389410,Grooming Small,4,Rubber Curry Comb,"Horse Care > Grooming & Bathing > Brushes & Tools > Grooming Gloves, Curry Combs & Deshedding Tools",65-2141,Title: Default Title,,,,,Wellington Warehouse,4.41,4.41,4.41,6.99,0,0,,,
1,LVL 1,1767797487651,9355776034805,Fly Sheets 3,1,Saxon Mesh With Gusset Belly Wrap Standard Neck Fly Sheet,Horse Wear > Fly & Insect Control > Fly Sheets,1002941065,Size: 72-Inch,,,,,Wellington Warehouse,42.90,42.90,42.90,55.96,0,0,0.2,,
5,LVL 1,1767797487651,9355776034836,Fly Sheets 3,1,Saxon Mesh With Gusset Belly Wrap Standard Neck Fly Sheet,Horse Wear > Fly & Insect Control > Fly Sheets,1002941068,Size: 81-Inch,,,,,Wellington Warehouse,42.90,42.90,42.90,55.96,0,0,0.2,,
1,LVL 1,1767797487651,9355776034812,Fly Sheets 3,1,Saxon Mesh With Gusset Belly Wrap Standard Neck Fly Sheet,Horse Wear > Fly & Insect Control > Fly Sheets,1002941066,Size: 75-Inch,,,,,Wellington Warehouse,42.90,42.90,42.90,55.96,0,0,,,
3,LVL 1,1767797487651,9355776034843,Fly Sheets 3,1,Saxon Mesh With Gusset Belly Wrap Standard Neck Fly Sheet,Horse Wear > Fly & Insect Control > Fly Sheets,1002941069,Size: 84-Inch,,,,,Wellington Warehouse,42.90,42.90,42.90,55.96,0,0,,,
6,LVL 1,1767797487651,9355776034829,Fly Sheets 3,1,Saxon Mesh With Gusset Belly Wrap Standard Neck Fly Sheet,Horse Wear > Fly & Insect Control > Fly Sheets,1002941067,Size: 78-Inch,,,,,Wellington Warehouse,42.90,42.90,42.90,55.96,0,0,,,
8,ROW 5 : LVL 1,1774281422019,819743002376,Supplements 3,1,Peak Performance Nutrients Perfect Balance Electrolite,Horse Care > Supplements > Electrolytes & Salt,1246,Size: 30 Pounds,,,Lot #1616525,2027-03-31,Wellington Warehouse,167.66,167.66,167.66,242.99,0,0,,,
10,ROW 4 : LVL 3,1774281147463,,Supplements 2,3,Peak Performance Nutrients Perfect Balance Electrolite,Horse Care > Supplements > Electrolytes & Salt,1336,Size: 3 Doses / 80cc,,,Lot #2426,2027-04-30,Wellington Warehouse,11.55,11.55,11.55,16.99,0,0,0.15584415,,
17,ROW 2 : LVL 3,1768938712707,851559000313,First Aid,3,Kinetic Vet Derma Cloth,Horse Care > First Aid & Wellness > Wound Care & Topicals,3004-10-00,Size: 8 Pack,,,,,Wellington Warehouse,11.25,11.25,11.25,16.95,0,0,0.012987013,,
6,ROW 1 : LVL 2,1768938712710,745801102590,First Aid,2,Durvet Chlorhexidine 2% Solution,Horse Care > First Aid & Wellness > Wound Care & Topicals,001-0259,Size: Gallon,,,,,Wellington Warehouse,10.31,10.31,10.31,19.99,0,0,,Fri May 29 2026 16:54:06 GMT+0000 (Coordinated Universal Time),RJ TRADE SHOW MAY #26055027400
2,ROW 4 : LVL 3,1774281147463,819743000938,Supplements 2,3,Peak Performance Nutrients Perfect Balance Electrolite,Horse Care > Supplements > Electrolytes & Salt,1245,Size: 8 Pounds,,,Lot #1616886,2028-04-30,Wellington Warehouse,47.03,47.03,47.03,69.99,0,0,,,
1,ROW 1 : LVL 2,1768938712710,810500023566,First Aid,2,UltraCruz Hydrogen Peroxide,Horse Care > First Aid & Wellness > First Aid Supplies,sc-395440,Size: Gallon,,,,,Wellington Warehouse,5.05,5.05,5.05,7.95,0,0,0.027777778,,
2,ROW 4 : LVL 4,1774281545044,193972113448,Grooming,4,UltraCruz Misting Conditioner,"Horse Care > Grooming & Bathing > Shampoos, Conditioners, & Sprays > Conditioners",sc-551290,Size: Gallon,,,,,Wellington Warehouse,29.97,29.97,29.97,39.99,0,0,0.028985508,,
3,ROW 2 : LVL 4,1768938712708,,First Aid,4,Terumo Hypodermic Catheter Tip Syringe W/O Needle,Horse Care > First Aid & Wellness > First Aid Supplies > Needles and Syringes,SS-60C,Size: 60cc / 25 Count,,,,,Wellington Warehouse,25.64,26.95,28.26,40.50,0,0,0.033333335,Fri May 08 2026 20:06:53 GMT+0000 (Coordinated Universal Time),PO 3225
4,ROW 1 : LVL 3,1768938712711,851559000719,First Aid,3,Equishield CK Spray,Horse Care > First Aid & Wellness > Wound Care & Topicals,9005-03-00,Size: 16 Ounces,,,,,Wellington Warehouse,18.63,18.63,18.63,33.69,0,0,,,
1,BIN-04,1768403067588,688499401661,Shelf 12,4,Tough-1 No Bow Bandages,Tack & Equipment > Boots & Wraps > Leg Wraps,67-8017-3-0,"Size: 12"" x 30""",,,,,Wellington Warehouse,10.98,10.98,10.98,17.99,0,0,,,
0,BIN-02,1777314699039,688499114950,Shelf 20,2,Tough-1  Nylon Cribbing Collar with Fleece Cover,Tack & Equipment > Grazing Muzzles & Cribbing Collars > Cribbing Collars,52-2089-0-0,Title: Default Title,,,,,Wellington Warehouse,7.68,7.68,7.68,13.95,0,0,0.055555556,,
0,BIN-04,1773766480622,688499642811,Shelf 18,4,Tough-1 Bungee Stall Tie with Tubing,Stable > Stable Supplies > Stall Supplies,52-99930-3-0,Title: Default Title,,,,,Wellington Warehouse,14.98,14.98,14.98,26.95,0,0,0.1764706,,
20,ROW 1 : LVL 1,1774281650387,688499141796,Hoof/Treats,1,Tough-1 Hoof Pick with Vinyl Coated Handle,Horse Care > Grooming & Bathing > Brushes & Tools > Hoof Picks & Hoof Brushes,68-7086-2-0,Color: Black,,,,,Wellington Warehouse,0.89,0.89,0.89,1.49,0,0,,,
0,ROW 2 : LVL 1,1774281650391,688499252843,Hoof/Treats,1,"Tough-1 Professional 15"" Shoe Puller",Horse Care > Grooming & Bathing > Brushes & Tools > Hoof Picks & Hoof Brushes,79-716-0-0,Title: Default Title,,,,,Wellington Warehouse,25.98,25.98,25.98,44.95,0,0,,,
4,BIN-02,1773766480620,688499114820,Shelf 18,2,Tough-1 German Cord Cotton Lunge Line,Tack & Equipment > Training & Lunging > Lunge Lines,52-2036-9-0,Color: Navy,,,,,Wellington Warehouse,9.98,9.98,9.98,16.95,0,0,0.022727273,,
0,BIN-02,1773766480620,688499114523,Shelf 18,2,Tough-1 Rolled Cotton Lunge Line with Chain,Tack & Equipment > Training & Lunging > Lunge Lines,52-2030-2-0,Color: Black,,,,,Wellington Warehouse,17.99,17.99,17.99,27.95,0,0,0.013513514,,
0,BIN-05,1767466772771,"688499119863, 688499119863",Shelf 3,5,"Tough-1 Royal King 1 3/4"" X 34"" Leather Off Billet",Tack & Equipment > Girths & Cinches > Western Cinches,56-3721-0-0,Title: Default Title,,,,,Wellington Warehouse,10.99,10.99,10.99,14.99,0,0,,,
2,BIN-05,1777314699042,"688499119641, 688499119641",Shelf 20,5,Tough-1 Royal King Nylon Web Tie Strap,Tack & Equipment > Girths & Cinches > Western Cinches,56-3541-7-0,Color: Brown,,,,,Wellington Warehouse,3.29,3.29,3.29,4.95,0,0,,,
4,Grid wall,1770916055031,688499400411,Girths,1,Tough-1 Snuggit Neoprene Girth,Tack & Equipment > Girths & Cinches > Western Cinches,60-24-2-0,Size: 24-Inch,Color: Black,,,,Wellington Warehouse,20.98,20.98,20.98,24.99,0,0,,,
6,BIN-03,1768403023957,688499609739,Shelf 10,3,Tough-1 Ballistic Nylon Bell Boots,Tack & Equipment > Boots & Wraps > Bell Boots,64-18100-2-102,Size: Medium,Color: Black,,,,Wellington Warehouse,13.99,13.99,13.99,19.98,0,0,,,
3,LVL 2,1770396427444,8033141264248,Saddle Pads 3,2,Equiline Octagon Saddle Pad,Tack & Equipment > English Saddle Pads > All Purpose & Hunter/Jumper Saddle Pads,EC018-B01010-002,Size: Full,Color: Navy,,,,Wellington Warehouse,72.50,72.50,72.50,145.00,0,0,,,
7,LVL 1,1769968298841,8033141237723,Blankets 4,1,Equiline Ozzy Stable Head Protector,Stable > Stable Supplies > Stall Supplies,F03018-002,Color: Navy,,,,,Wellington Warehouse,45.00,45.00,45.00,89.00,0,0,0.019607844,,
1,BIN-03,1768403067587,8033141044147,Shelf 12,3,Equiline Knit Stable Bandages (Set of 2),Tack & Equipment > Boots & Wraps > Leg Wraps,EC018-D060/4-002,Color: Navy,,,,,Wellington Warehouse,37.50,37.50,37.50,75.00,0,0,,,
0,BIN-03,1768403067587,8033141044185,Shelf 12,3,Equiline Knit Stable Bandages (Set of 2),Tack & Equipment > Boots & Wraps > Leg Wraps,EC018-D060/4-006,Color: Black,,,,,Wellington Warehouse,37.50,37.50,37.50,75.00,0,0,,,
12,LVL 4,1770145216507,8033141099048,Saddle Pads 2,4,Equiline Cotton Quilted Leg Wraps (Set of 4),Tack & Equipment > Boots & Wraps > Leg Wraps,EC018-D00071-006,Color: Black,,,,,Wellington Warehouse,129.00,129.00,129.00,259.00,0,0,,,
15,LVL 2,1770396427444,8033141248880,Saddle Pads 3,2,Equiline Octagon Saddle Pad,Tack & Equipment > English Saddle Pads > All Purpose & Hunter/Jumper Saddle Pads,EC018-B01010-006,Size: Full,Color: Black,,,,Wellington Warehouse,72.50,72.50,72.50,145.00,0,0,,,
4,LVL 1,1770747610172,8033141141426,Saddle Pads 4,1,Equiline Argo Sheepskin Half Pad,Tack & Equipment > English Saddle Pads > Half Pads,B01014-001,Color: Black/Natural,,,,,Wellington Warehouse,110.00,110.00,110.00,215.00,0,0,0.031746034,,
4,BIN-03,1768403067587,8033141421085,Shelf 12,3,Equiline Fleece Polo Wraps (Set of 4),Tack & Equipment > Boots & Wraps > Leg Wraps,EC018-D04000-006,Color: Black,,,,,Wellington Warehouse,37.50,37.50,37.50,75.00,0,0,0.027777778,,
1,BIN-04,1777314709514,8033141236627,Shelf 21,4,Equiline Dave Soundproof Ear Net With Square Edge,Tack & Equipment > Ear Plugs & Bonnets > Bonnets,E01043-006F,Color: Black,Size: Full,,,,Wellington Warehouse,55.00,55.00,55.00,109.00,0,0,,,
17,LVL 2,1770396427444,8033141278511,Saddle Pads 3,2,Equiline Octagon Saddle Pad,Tack & Equipment > English Saddle Pads > All Purpose & Hunter/Jumper Saddle Pads,EC018-B01010-001,Size: Full,Color: White,,,,Wellington Warehouse,72.50,72.50,72.50,145.00,0,0,,,
0,BIN-04,1777314709514,8033141863625,Shelf 21,4,Equiline Loop Tie Down Ear Bonnet,Tack & Equipment > Ear Plugs & Bonnets > Bonnets,E00057-006,Color: Black,,,,,Wellington Warehouse,42.50,42.50,42.50,85.00,0,0,,,
7,BIN-05,1767452692386,"011444520030, 011444520030",Shelf 2,5,Ultrashield Fly Mask With Ears,Horse Wear > Fly & Insect Control > Fly Masks,430160,Size: Warmblood,,,,,Wellington Warehouse,21.74,21.74,21.74,29.19,0,0,,,
7,BIN-05,1767452692386,"011444520023, 011444520023",Shelf 2,5,Ultrashield Fly Mask With Ears,Horse Wear > Fly & Insect Control > Fly Masks,430150,Size: Horse,,,,,Wellington Warehouse,21.74,21.74,21.74,29.19,0,0,,,
0,ROW 4 : LVL 2,1774281545042,858580002057,Grooming,2,Equifuse CitraCreme Smoothing + Deep Conditioner,"Horse Care > Grooming & Bathing > Shampoos, Conditioners, & Sprays > Conditioners",EFC108,Size: 16 Ounces,,,,,Wellington Warehouse,10.79,10.79,10.79,18.99,0,0,,,
2,ROW 1 : LVL 1,1774281650387,,Hoof/Treats,1,Tenda First In Show Coat and Hoof Conditioner,Horse Care > Grooming & Bathing > Hoof Oils & Conditioner,1205,Size: 11.5 oz,,,,,Wellington Warehouse,7.52,7.52,7.52,9.99,0,0,0.04477612,,
2,ROW 4 : LVL 3,1774281545043,858580002064,Grooming,3,Equifuse CitraCreme Smoothing + Deep Conditioner,"Horse Care > Grooming & Bathing > Shampoos, Conditioners, & Sprays > Conditioners",EFC109,Size: 64 Ounces,,,,,Wellington Warehouse,31.79,31.79,31.79,54.99,0,0,0.018867925,,
6,ROW 1 : LVL 1,1774281650387,,Hoof/Treats,1,Tenda Holistic Hoof Oil,Horse Care > Grooming & Bathing > Hoof Oils & Conditioner,2001-32,Size: 32 oz,,,,,Wellington Warehouse,12.14,12.14,12.14,16.99,0,0,,,
0,ROW 3 : LVL 4,1774281545039,860004400097,Grooming,4,ShowBarn Secret Braiding Spray,Horse Care > Grooming & Bathing > Brushes & Tools > Braiding,SBSBS32,Size: 32 Ounces,,,,,Wellington Warehouse,10.50,10.50,10.50,20.99,0,0,,,
5,ROW 1 : LVL 3,1768938712711,85004081004,First Aid,3,Rejuv Gel,Horse Care > First Aid & Wellness > Liniments,DIOR16,Size: 16 Ounces,,,,,Wellington Warehouse,20.02,20.02,20.02,39.99,0,0,,,
6,ROW 1 : LVL 3,1768938712711,85004088101,First Aid,3,Rejuv Gel,Horse Care > First Aid & Wellness > Liniments,DIOR8,Size: 8 Ounces,,,,,Wellington Warehouse,15.50,15.50,15.50,25.99,0,0,,,
10,LVL 1,1770656703176,5407008890032,Sheets 2,1,Kentucky Horsewear Mesh Fly Rug,Horse Wear > Fly & Insect Control > Fly Sheets,52163-32-160,Size: 84-Inch,Color: Beige,,,,Wellington Warehouse,110.72,110.72,110.72,359.99,0,0,,,
4,ROW 4 : LVL 4,1774281147464,745801112025,Supplements 2,4,Mineral Oil,Horse Care > Supplements > Vitamins & Minerals,001-1111202,Size: 1 Gallon,,,,,Wellington Warehouse,20.77,20.77,20.77,29.99,0,0,,,
10,BIN-04,1767452692385,5407008898915,Shelf 2,4,Kentucky Horsewear Fly Mask Classic With Ears,Horse Wear > Fly & Insect Control > Fly Masks,42646-01-COB,Size: Cob,Color: Black,,,,Wellington Warehouse,26.08,26.08,26.08,79.99,0,0,,,
6,LVL 3,1770840424778,5407008898915,Blankets 5,3,Kentucky Horsewear Fly Mask Classic With Ears,Horse Wear > Fly & Insect Control > Fly Masks,42646-01-COB,Size: Cob,Color: Black,,,,Wellington Warehouse,26.08,26.08,26.08,79.99,0,0,,,
6,BIN-04,1767452692385,5407008898939,Shelf 2,4,Kentucky Horsewear Fly Mask Classic With Ears,Horse Wear > Fly & Insect Control > Fly Masks,42646-42-COB,Size: Cob,Color: Silver,,,,Wellington Warehouse,26.08,26.08,26.08,79.99,0,0,,,
5,LVL 3,1770840424778,5407008898939,Blankets 5,3,Kentucky Horsewear Fly Mask Classic With Ears,Horse Wear > Fly & Insect Control > Fly Masks,42646-42-COB,Size: Cob,Color: Silver,,,,Wellington Warehouse,26.08,26.08,26.08,79.99,0,0,,,
16,LVL 1,1770656703176,5407008890049,Sheets 2,1,Kentucky Horsewear Mesh Fly Rug,Horse Wear > Fly & Insect Control > Fly Sheets,52163-32-155,Size: 81-Inch,Color: Beige,,,,Wellington Warehouse,110.72,110.72,110.72,359.99,0,0,,,
14,LVL 1,1770656703176,5407008890056,Sheets 2,1,Kentucky Horsewear Mesh Fly Rug,Horse Wear > Fly & Insect Control > Fly Sheets,52163-32-145,Size: 78-Inch,Color: Beige,,,,Wellington Warehouse,110.72,110.72,110.72,359.99,0,0,,,
6,LVL 1,1770656703176,5407008890025,Sheets 2,1,Kentucky Horsewear Mesh Fly Rug,Horse Wear > Fly & Insect Control > Fly Sheets,52163-32-140,Size: 75-inch,Color: Beige,,,,Wellington Warehouse,110.72,110.72,110.72,359.99,0,0,,,
20,BIN-01,1767553027607,5407007530908,Shelf 4,1,Kentucky Horsewear Washing Bags,"Tack & Equipment > Bags, Cases & Covers",42508-02-SET3,Size: Set of 3,Color: White,,,,Wellington Warehouse,26.08,26.08,26.08,69.99,0,0,,,
0,Grid wall,1770916055031,5425030831632,Girths,1,Kentucky Horsewear Sheepskin Stud Girth,Tack & Equipment > Girths & Cinches > English Girths > Hunter/Jumper Girths,42402-05-130,Size: 52-Inch,Color: Brown,,,,Wellington Warehouse,169.54,169.54,169.54,569.99,0,0,,,
7,LVL 2,1770656703177,5407010744774,Sheets 2,2,Kentucky Horsewear Horse Raincoat Hurricane with stirrup holes,"Horse Wear > Blankets & Sheets > Coolers, Fleece & Covers",52190-03-L,Size: Large,Color: Navy,,,,Wellington Warehouse,93.42,93.42,93.42,314.99,0,0,,,
3,Grid wall,1770916055031,5407010741223,Girths,1,Kentucky Horsewear Sheepskin Girth,Tack & Equipment > Girths & Cinches > English Girths > Hunter/Jumper Girths,42401-55-120,Color: Brown/Brown,Size: 48-Inch,,,,Wellington Warehouse,78.24,78.24,78.24,214.99,0,0,,,
1,Grid wall,1770916055031,5425030830888,Girths,1,Kentucky Horsewear Sheepskin Girth,Tack & Equipment > Girths & Cinches > English Girths > Hunter/Jumper Girths,42401-05-135,Color: Brown,Size: 54-Inch,,,,Wellington Warehouse,78.24,78.24,78.24,214.99,0,0,,,
1,Grid wall,1770916055031,5425030831861,Girths,1,Kentucky Horsewear Stud Girth,Tack & Equipment > Girths & Cinches > English Girths > Hunter/Jumper Girths,42404-05-130,Size: 52-Inch,Color: Brown,,,,Wellington Warehouse,134.94,134.94,134.94,449.99,0,0,,,
0,Grid wall,1770916055031,5425030830918,Girths,1,Kentucky Horsewear Sheepskin Girth,Tack & Equipment > Girths & Cinches > English Girths > Hunter/Jumper Girths,42401-01-125,Color: Black,Size: 50-Inch,,,,Wellington Warehouse,78.24,78.24,78.24,214.99,0,0,0.11111111,,
2,Grid wall,1770916055031,5407010741155,Girths,1,Kentucky Horsewear Sheepskin Girth,Tack & Equipment > Girths & Cinches > English Girths > Hunter/Jumper Girths,42401-11-120,Color: Black/Black,Size: 48-Inch,,,,Wellington Warehouse,78.24,78.24,78.24,214.99,0,0,,,
2,Grid wall,1770916055031,5425030831830,Girths,1,Kentucky Horsewear Stud Girth,Tack & Equipment > Girths & Cinches > English Girths > Hunter/Jumper Girths,42404-05-115,Size: 46-Inch,Color: Brown,,,,Wellington Warehouse,134.94,134.94,134.94,449.99,0,0,,,
1,Grid wall,1770916055031,5425030830901,Girths,1,Kentucky Horsewear Sheepskin Girth,Tack & Equipment > Girths & Cinches > English Girths > Hunter/Jumper Girths,42401-01-120,Color: Black,Size: 48-Inch,,,,Wellington Warehouse,78.24,78.24,78.24,214.99,0,0,,,
2,Grid wall,1770916055031,5425030831649,Girths,1,Kentucky Horsewear Sheepskin Stud Girth,Tack & Equipment > Girths & Cinches > English Girths > Hunter/Jumper Girths,42402-05-125,Size: 50-Inch,Color: Brown,,,,Wellington Warehouse,169.54,169.54,169.54,569.99,0,0,,,
10,LVL 2,1770656703177,5407010744767,Sheets 2,2,Kentucky Horsewear Horse Raincoat Hurricane with stirrup holes,"Horse Wear > Blankets & Sheets > Coolers, Fleece & Covers",52190-03-M,Size: Medium,Color: Navy,,,,Wellington Warehouse,93.42,93.42,93.42,314.99,0,0,,,
1,Grid wall,1770916055031,5425030830925,Girths,1,Kentucky Horsewear Sheepskin Girth,Tack & Equipment > Girths & Cinches > English Girths > Hunter/Jumper Girths,42401-01-130,Color: Black,Size: 52-Inch,,,,Wellington Warehouse,78.24,78.24,78.24,214.99,0,0,,,
0,Grid wall,1770916055031,5407010741179,Girths,1,Kentucky Horsewear Sheepskin Girth,Tack & Equipment > Girths & Cinches > English Girths > Hunter/Jumper Girths,42401-11-130,Color: Black/Black,Size: 52-Inch,,,,Wellington Warehouse,78.24,78.24,78.24,214.99,0,0,0.11111111,,
1,Grid wall,1770916055031,5425030831854,Girths,1,Kentucky Horsewear Stud Girth,Tack & Equipment > Girths & Cinches > English Girths > Hunter/Jumper Girths,42404-05-125,Size: 50-Inch,Color: Brown,,,,Wellington Warehouse,134.94,134.94,134.94,449.99,0,0,,,
0,Grid wall,1770916055031,5425030830864,Girths,1,Kentucky Horsewear Sheepskin Girth,Tack & Equipment > Girths & Cinches > English Girths > Hunter/Jumper Girths,42401-05-125,Color: Brown,Size: 50-Inch,,,,Wellington Warehouse,78.24,78.24,78.24,214.99,0,0,1,,
2,Grid wall,1770916055031,5425030831625,Girths,1,Kentucky Horsewear Sheepskin Stud Girth,Tack & Equipment > Girths & Cinches > English Girths > Hunter/Jumper Girths,42402-05-135,Size: 54-Inch,Color: Brown,,,,Wellington Warehouse,169.54,169.54,169.54,569.99,0,0,,,
1,Grid wall,1770916055031,5425030830932,Girths,1,Kentucky Horsewear Sheepskin Girth,Tack & Equipment > Girths & Cinches > English Girths > Hunter/Jumper Girths,42401-01-135,Color: Black,Size: 54-Inch,,,,Wellington Warehouse,78.24,78.24,78.24,214.99,0,0,,,
1,Grid wall,1770916055031,5407010741230,Girths,1,Kentucky Horsewear Sheepskin Girth,Tack & Equipment > Girths & Cinches > English Girths > Hunter/Jumper Girths,42401-55-125,Color: Brown/Brown,Size: 50-Inch,,,,Wellington Warehouse,78.24,78.24,78.24,214.99,0,0,0.011363637,,
9,BIN-01,1774375575870,7340041134498,Cavali 3,1,Cool on Track Cooling Towel,Rider > Accessories & Apparel > Accessories,42010303,"Size: 30"" x 21""",Color: Blue,,,,Wellington Warehouse,17.50,17.50,17.50,35.00,0,0,0.63414633,,
2,Grid wall,1770916055031,5425030831663,Girths,1,Kentucky Horsewear Sheepskin Stud Girth,Tack & Equipment > Girths & Cinches > English Girths > Hunter/Jumper Girths,42402-05-115,Size: 46-Inch,Color: Brown,,,,Wellington Warehouse,169.54,169.54,169.54,569.99,0,0,,,
1,Grid wall,1770916055031,5407010741186,Girths,1,Kentucky Horsewear Sheepskin Girth,Tack & Equipment > Girths & Cinches > English Girths > Hunter/Jumper Girths,42401-11-135,Color: Black/Black,Size: 54-Inch,,,,Wellington Warehouse,78.24,78.24,78.24,214.99,0,0,,,
2,Grid wall,1770916055031,5425030830871,Girths,1,Kentucky Horsewear Sheepskin Girth,Tack & Equipment > Girths & Cinches > English Girths > Hunter/Jumper Girths,42401-05-130,Color: Brown,Size: 52-Inch,,,,Wellington Warehouse,78.24,78.24,78.24,214.99,0,0,,,
1,Grid wall,1770916055031,5407010741254,Girths,1,Kentucky Horsewear Sheepskin Girth,Tack & Equipment > Girths & Cinches > English Girths > Hunter/Jumper Girths,42401-55-135,Color: Brown/Brown,Size: 54-Inch,,,,Wellington Warehouse,78.24,78.24,78.24,214.99,0,0,,,
2,Grid wall,1770916055031,5425030831656,Girths,1,Kentucky Horsewear Sheepskin Stud Girth,Tack & Equipment > Girths & Cinches > English Girths > Hunter/Jumper Girths,42402-05-120,Size: 48-Inch,Color: Brown,,,,Wellington Warehouse,169.54,169.54,169.54,569.99,0,0,,,
1,BIN-04,1767722133135,5407008899462,Shelf 6,4,Kentucky Horsewear Fetlock Boots Elastic,Tack & Equipment > Boots & Wraps > Protective Boots > Hind Boots,88207-01-M,Size: Medium,Color: Black,,,,Wellington Warehouse,89.96,89.96,89.96,304.99,0,0,0.013157895,,
2,Grid wall,1770916055031,5407010741247,Girths,1,Kentucky Horsewear Sheepskin Girth,Tack & Equipment > Girths & Cinches > English Girths > Hunter/Jumper Girths,42401-55-130,Color: Brown/Brown,Size: 52-Inch,,,,Wellington Warehouse,78.24,78.24,78.24,214.99,0,0,,,
2,Grid wall,1770916055031,5425030831847,Girths,1,Kentucky Horsewear Stud Girth,Tack & Equipment > Girths & Cinches > English Girths > Hunter/Jumper Girths,42404-05-120,Size: 48-Inch,Color: Brown,,,,Wellington Warehouse,134.94,134.94,134.94,449.99,0,0,,,
2,Grid wall,1770916055031,5425030831878,Girths,1,Kentucky Horsewear Stud Girth,Tack & Equipment > Girths & Cinches > English Girths > Hunter/Jumper Girths,42404-05-135,Size: 54-Inch,Color: Brown,,,,Wellington Warehouse,134.94,134.94,134.94,449.99,0,0,,,
1,BIN-05,1767722133136,5407008899486,Shelf 6,5,Kentucky Horseware Vegan Sheepskin Fetlock Boots Elastic,Tack & Equipment > Boots & Wraps > Protective Boots > Hind Boots,88208-01-M,Size: Medium,Color: Black,,,,Wellington Warehouse,96.88,96.88,96.88,324.99,0,0,,,
14,LVL 1,1770051152410,5407008893521,Saddle Pads 1,1,Kentucky Horsewear Saddle Pad Classic Jumping,Tack & Equipment > English Saddle Pads > All Purpose & Hunter/Jumper Saddle Pads,42803-01-SJ,Color: Black,,,,,Wellington Warehouse,69.54,69.54,69.54,189.99,0,0,,,
20,LVL 1,1770051152410,5407008893637,Saddle Pads 1,1,Kentucky Horsewear Saddle Pad Classic Jumping,Tack & Equipment > English Saddle Pads > All Purpose & Hunter/Jumper Saddle Pads,42803-02-SJ,Color: White,,,,,Wellington Warehouse,69.54,69.54,69.54,189.99,0,0,,,
5,LVL 1,1770051152410,5407008893552,Saddle Pads 1,1,Kentucky Horsewear Saddle Pad Classic Jumping,Tack & Equipment > English Saddle Pads > All Purpose & Hunter/Jumper Saddle Pads,42803-08-SJ,Color: Grey,,,,,Wellington Warehouse,69.54,69.54,69.54,189.99,0,0,,,
0,Grid wall,1770916055031,00892277188518,Girths,1,Equifit Belly Band+ With Fleece,Tack & Equipment > Girths & Cinches > English Girths > Hunter/Jumper Girths,52615H,Size: Horse,,,,,Wellington Warehouse,104.25,104.25,104.25,208.00,0,0,,,
5,BIN-04,1777314699041,635913068504,Shelf 20,4,Mustang Leather Browband Headstall,"Tack & Equipment > Bridles, Headstalls, & Reins > Western Headstalls & Reins > Headstalls",55HDST-13,Title: Default Title,,,,,Wellington Warehouse,28.50,28.50,28.50,45.99,0,0,,,
0,Grid wall,1770916055031,00892277188525,Girths,1,Equifit Belly Band+ With Fleece,Tack & Equipment > Girths & Cinches > English Girths > Hunter/Jumper Girths,52615O,Size: Oversize,,,,,Wellington Warehouse,104.25,104.25,104.25,208.00,0,0,,,
1,BIN-02,1768845014310,5404022057984,Shelf 13,2,Dy'on Flash Noseband Bridle - Working By Dy'on,"Tack & Equipment > Bridles, Headstalls & Reins > English Bridles & Reins > Bridles",WOAAHL-BR-F,Size: Full,Color: Brown,,,,Wellington Warehouse,110.72,110.72,110.72,359.99,0,0,,,
5,BIN-02,1768845014310,5404022057977,Shelf 13,2,Dy'on Flash Noseband Bridle - Working By Dy'on,"Tack & Equipment > Bridles, Headstalls & Reins > English Bridles & Reins > Bridles",WOAAHL-BR-C,Size: Cob,Color: Brown,,,,Wellington Warehouse,110.72,110.72,110.72,359.99,0,0,,,
11,LVL 1,1770051152410,5407008893538,Saddle Pads 1,1,Kentucky Horsewear Saddle Pad Classic Jumping,Tack & Equipment > English Saddle Pads > All Purpose & Hunter/Jumper Saddle Pads,42803-03-SJ,Color: Navy,,,,,Wellington Warehouse,69.54,69.54,69.54,189.99,0,0,,,
5,LVL 1,1770051152410,5407008893569,Saddle Pads 1,1,Kentucky Horsewear Saddle Pad Classic Jumping,Tack & Equipment > English Saddle Pads > All Purpose & Hunter/Jumper Saddle Pads,42803-17-SJ,Color: Bordeaux,,,,,Wellington Warehouse,69.54,69.54,69.54,189.99,0,0,,,
3,BIN-05,1777314699042,635913068429,Shelf 20,5,Mustang Leather Cinch Strap,Tack & Equipment > Girths & Cinches > Western Cinches,55CS-1,Title: Default Title,,,,,Wellington Warehouse,31.50,31.50,31.50,50.00,0,0,,,
5,LVL 1,1770051152410,5407008893545,Saddle Pads 1,1,Kentucky Horsewear Saddle Pad Classic Jumping,Tack & Equipment > English Saddle Pads > All Purpose & Hunter/Jumper Saddle Pads,42803-32-SJ,Color: Beige,,,,,Wellington Warehouse,69.54,69.54,69.54,189.99,0,0,,,
0,BIN 1,1776787343289,5404022030123,Spurs,1,Dy'on Blinkers,"Tack & Equipment > Bridles, Headstalls & Reins > English Bridles & Reins > Bridle Accessories",AB99KBRC,Size: Cob,Color: Brown,,,,Wellington Warehouse,17.29,17.29,17.29,59.99,0,0,,,
2,BIN-02,1768845014310,"5404022060687, 5404022060687",Shelf 13,2,Dy'on Flash Noseband Double Bridle - US Collection,"Tack & Equipment > Bridles, Headstalls & Reins > English Bridles & Reins > Bridles",USLAAA-BR-F,Size: Full,Color: Brown,,,,Wellington Warehouse,235.29,235.29,235.29,759.99,0,0,,,
4,BIN-05,1768845014313,5404022035807,Shelf 13,5,Dy'on 5/8 Leather/Nylon Draw Reins - D Collection,"Tack & Equipment > Bridles, Headstalls & Reins > English Bridles & Reins > Reins",DY08B-BR-C,Size: Cob,Color: Brown,,,,Wellington Warehouse,76.12,76.12,76.12,249.99,0,0,,,
2,BIN-05,1768845014313,5404022033803,Shelf 13,5,Dy'on Rope Noseband - D Collection,"Tack & Equipment > Bridles, Headstalls & Reins > English Bridles & Reins > Bridles",DY04F-BR-C,Size: Cob,Color: Brown,,,,Wellington Warehouse,51.90,51.90,51.90,169.99,0,0,,,
4,ROW 4 : LVL 1,1774281614631,58903550480,Grooming/Tack Cleaner,1,Ultra Conditioning Hair Polish Spray,"Horse Care > Grooming & Bathing > Shampoos, Conditioners & Sprays > Detanglers, Shines & Sprays",02186,Size: 32 Ounce,,,,,Wellington Warehouse,9.37,9.37,9.37,13.99,0,0,,,
2,BIN-05,1768845014313,5404022033810,Shelf 13,5,Dy'on Rope Noseband - D Collection,"Tack & Equipment > Bridles, Headstalls & Reins > English Bridles & Reins > Bridles",DY04F-BR-F,Size: Full,Color: Brown,,,,Wellington Warehouse,51.90,51.90,51.90,169.99,0,0,0.03125,,
0,BIN 1,1776787343289,5404022035968,Spurs,1,Dy'on 3/8 Flash Nose Strap - D Collection,"Tack & Equipment > Bridles, Headstalls & Reins > English Bridles & Reins > Bridle Accessories",DY99A-BR-C,Size: Cob,Color: Brown,,,,Wellington Warehouse,13.83,13.83,13.83,44.99,0,0,0.041666668,,
3,BIN-05,1768845014313,5404022035968,Shelf 13,5,Dy'on 3/8 Flash Nose Strap - D Collection,"Tack & Equipment > Bridles, Headstalls & Reins > English Bridles & Reins > Bridle Accessories",DY99A-BR-C,Size: Cob,Color: Brown,,,,Wellington Warehouse,13.83,13.83,13.83,44.99,0,0,0.041666668,,
5,BIN-05,1768845014313,5404022033568,Shelf 13,5,Dy'on Fig 8 Noseband- D Collection,"Tack & Equipment > Bridles, Headstalls & Reins > English Bridles & Reins > Bridles",DY04C-BR-C,Size: Cob,Color: Brown,,,,Wellington Warehouse,76.12,76.12,76.12,249.99,0,0,,,
5,ROW 5 : LVL 4,1769190184154,043725831801,Fly sprays,4,Country Vet Farm & Dairy CV-80D Insect Control Spray,Horse Care > Fly & Insect Control > Fly Sprays & Traps,009-348318CV,Size: 18.5 Ounces,,,,,Wellington Warehouse,15.40,15.40,15.40,19.99,0,0,,,
16,BIN-03,1773766480616,7340041111390,Shelf 17,3,Back On Track Poll Cover with Straps,"Tack & Equipment > Bridles, Headstalls & Reins > English Bridles & Reins > Bridle Accessories",20620002,Color: Black,,,,,Wellington Warehouse,13.50,13.50,13.50,27.00,0,0,0.06349207,,
1,BIN-01,1773766441663,7340041151990,Shelf 16,1,Back On Track Audrey Fleece Halter,Tack & Equipment > Halters & Leads > Halters > Nylon & Rope Halters,20699003,Color: Black,Size: Full,,,,Wellington Warehouse,29.00,29.00,29.00,58.00,0,0,0.04347826,,
1,BIN-04,1774887638160,7340041117316,Cavali 2,4,Back on Track Physio 4-Way Stretch Knee Brace,Rider > Accessories & Apparel > Accessories,11070003,Color: Black,Size: Large,,,,Wellington Warehouse,22.50,22.50,22.50,45.00,0,0,,,
0,LVL 1,1770396427443,7340041122754,Saddle Pads 3,1,Back On Track Saddle Pad No1 All-Purpose,Tack & Equipment > English Saddle Pads > All Purpose & Hunter/Jumper Saddle Pads,21380203,Color: White,Size: Full,,,,Wellington Warehouse,41.00,41.00,41.00,82.00,0,0,0.01754386,,
2,BIN-04,1774887638160,7340041117330,Cavali 2,4,Back on Track Physio 4-Way Stretch Knee Brace,Rider > Accessories & Apparel > Accessories,11070005,Color: Black,Size: XX Large,,,,Wellington Warehouse,22.50,22.50,22.50,45.00,0,0,,,
2,LVL 2,1770840424777,7340041164099,Blankets 5,2,Back On Track Rhyolite Insulated Liner 100g,Horse Wear > Blankets & Sheets > Liners,26069045,Size: 78,Color: Black,,,,Wellington Warehouse,49.50,49.50,49.50,99.00,0,0,,,
2,LVL 2,1770840424777,"7340041145050, 7340041145050",Blankets 5,2,Back On Track Haze Collection Show Quilt,Horse Wear > Blankets & Sheets > Coolers & Fleece,21128040,Color: Gray,Size: 75,,,,Wellington Warehouse,99.50,99.50,99.50,199.00,0,0,,,
1,BIN-04,1774887638160,7340041117293,Cavali 2,4,Back on Track Physio 4-Way Stretch Knee Brace,Rider > Accessories & Apparel > Accessories,11070001,Color: Black,Size: Small,,,,Wellington Warehouse,22.50,22.50,22.50,45.00,0,0,,,
2,BIN-04,1774887638160,7340041117460,Cavali 2,4,Back On Track Human Physio Wrist Brace,Rider > Accessories & Apparel > Accessories,13070003,Size: Large,Color: Black,,,,Wellington Warehouse,12.50,12.50,12.50,25.00,0,0,,,
2,BIN-03,1767812231220,7340041136997,Shelf 8,3,Back On Track Sienna Mesh Cooler,"Horse Wear > Blankets & Sheets > Coolers, Fleece & Covers",21880040,Color: Black,Size: 75,,,,Wellington Warehouse,86.00,86.00,86.00,172.00,0,0,,,
0,BIN-03,1767812231220,7340041173633,Shelf 8,3,Back On Track Sienna Mesh Cooler,"Horse Wear > Blankets & Sheets > Coolers, Fleece & Covers",21880060,Color: Black,Size: 84,,,,Wellington Warehouse,86.00,86.00,86.00,172.00,0,0,0.018518519,,
1,BIN-04,1774887638160,7340041117323,Cavali 2,4,Back on Track Physio 4-Way Stretch Knee Brace,Rider > Accessories & Apparel > Accessories,11070004,Color: Black,Size: Extra Large,,,,Wellington Warehouse,22.50,22.50,22.50,45.00,0,0,,,
2,BIN-04,1774887638160,7340041117446,Cavali 2,4,Back On Track Human Physio Wrist Brace,Rider > Accessories & Apparel > Accessories,13070001,Size: Small,Color: Black,,,,Wellington Warehouse,12.50,12.50,12.50,25.00,0,0,,,
4,BIN-03,1767812231220,7340041137000,Shelf 8,3,Back On Track Sienna Mesh Cooler,"Horse Wear > Blankets & Sheets > Coolers, Fleece & Covers",21880055,Color: Black,Size: 81,,,,Wellington Warehouse,86.00,86.00,86.00,172.00,0,0,,,
1,BIN-04,1774887638160,7340041117453,Cavali 2,4,Back On Track Human Physio Wrist Brace,Rider > Accessories & Apparel > Accessories,13070002,Size: Medium,Color: Black,,,,Wellington Warehouse,12.50,12.50,12.50,25.00,0,0,,,
3,BIN-03,1767812231220,7340041136980,Shelf 8,3,Back On Track Sienna Mesh Cooler,"Horse Wear > Blankets & Sheets > Coolers, Fleece & Covers",21880045,Color: Black,Size: 78,,,,Wellington Warehouse,86.00,86.00,86.00,172.00,0,0,,,
1,LVL 2,1770840424777,7340041164105,Blankets 5,2,Back On Track Rhyolite Insulated Liner 100g,Horse Wear > Blankets & Sheets > Liners,26069055,Size: 81,Color: Black,,,,Wellington Warehouse,49.50,49.50,49.50,99.00,0,0,,,
1,BIN-01,1768403023955,7340041118672,Shelf 10,1,Back On Track Performance Bell Boots,Tack & Equipment > Boots & Wraps > Bell Boots,20710002,Color: Black,Size: Medium,,,,Wellington Warehouse,24.00,24.00,24.00,48.00,0,0,,,
1,BIN-03,1767626770402,7340041148631,Shelf 5,3,Back On Track Airflow Exercise Boots,Tack & Equipment > Boots & Wraps > Protective Boots > Front Boots,20989004,Color: Black,Size: Extra Large,,,,Wellington Warehouse,52.50,52.50,52.50,105.00,0,0,,,
0,BIN-02,1773766480615,7340041107119,Shelf 17,2,Back On Track Equine Head Cap,"Tack & Equipment > Bridles, Headstalls & Reins > English Bridles & Reins > Bridle Accessories",20430003,Color: Black,Size: Full,,,,Wellington Warehouse,19.50,19.50,19.50,39.00,0,0,,,
3,ROW 3 : LVL 1,1774281147457,255159,Supplements 2,1,Omega Alpha RegenerEQ,Horse Care > Supplements > Digestive & Gut Health,255159,Size: 500 ml,,,Lot #LRGQ24100,2028-04-01,Wellington Warehouse,142.00,142.00,142.00,200.00,0,0,0.018867925,,
1,Jackets,1777650559286,7340041133088,C,1,Back On Track Madison Therapeutic Women’s Jacket,Rider > Accessories & Apparel > Jackets,16410005,Color: Black,Size: XX-Large,,,,Wellington Warehouse,59.50,59.50,59.50,119.00,0,0,,,
4,ROW 3 : LVL 1,1774281147457,253957,Supplements 2,1,Omega Alpha Equisel-Lyte,Horse Care > Supplements > Weight Gain & Muscle,253957,Size: Powder - 2.2 lb,,,Lot #LESL24085,2029-03-01,Wellington Warehouse,39.50,39.50,39.50,64.20,0,0,,,
3,ROW 3 : LVL 1,1774281147457,253902,Supplements 2,1,Omega Alpha Vantiox,Horse Care > Supplements > Vitamins & Minerals,253902,Size: Powder - 2.2 lb,,,Lot #LV0X24088,2029-03-01,Wellington Warehouse,85.00,85.00,85.00,137.55,0,0,,,
0,LVL 1,1770396427443,7340041164914,Saddle Pads 3,1,Back On Track Airflow All Purpose Saddle Pad,Tack & Equipment > English Saddle Pads > All Purpose & Hunter/Jumper Saddle Pads,24139003,Color: Black,Size: Full,,,,Wellington Warehouse,49.50,49.50,49.50,99.00,0,0,0.013888889,,
0,LVL 1,1770396427443,7340041165119,Saddle Pads 3,1,Back On Track Airflow Dressage Saddle Pad,Tack & Equipment > English Saddle Pads > Dressage Saddle Pads,24125003,Color: Navy,Size: Full,,,,Wellington Warehouse,49.50,49.50,49.50,99.00,0,0,,,
1,LVL 1,1770396427443,7340041164990,Saddle Pads 3,1,Back On Track Airflow All Purpose Saddle Pad,Tack & Equipment > English Saddle Pads > All Purpose & Hunter/Jumper Saddle Pads,24134803,Color: Burgandy,Size: Full,,,,Wellington Warehouse,49.50,49.50,49.50,99.00,0,0,,,
0,LVL 1,1770396427443,7340041164952,Saddle Pads 3,1,Back On Track Airflow All Purpose Saddle Pad,Tack & Equipment > English Saddle Pads > All Purpose & Hunter/Jumper Saddle Pads,24135003,Color: Navy,Size: Full,,,,Wellington Warehouse,49.50,49.50,49.50,99.00,0,0,0.013888889,,
7,BIN-01,1774887638157,30064442,Cavali 2,1,Cavali Club Sun Visor,Rider > Accessories & Apparel > Hats,SPR603,Color: Black / Adult,,,,,Wellington Warehouse,5.40,5.40,5.40,29.99,0,0,0.016393442,,
0,ROW 4 : LVL 3,1774281147463,818490016568,Supplements 2,3,Gallagher's Water,Horse Care > Supplements > Electrolytes & Salt,GALLAGHER-12,Size: 12 Pack,,,,,Wellington Warehouse,18.00,18.00,18.00,34.95,0,0,,,
10,ROW 5 : LVL 2,1769190184152,77104442,Fly sprays,2,The Infused Equestrian Wham Bam Fly Spray,Horse Care > Fly & Insect Control > Fly Sprays & Traps,WHAMBAM16,Size: 16 Ounces,,,,,Wellington Warehouse,9.96,9.96,9.96,22.00,0,0,,,
10,ROW 1 : LVL 1,1774281650387,757475557729,Hoof/Treats,1,Epona Mighty Muck Hoof Pick,Horse Care > Grooming & Bathing > Brushes & Tools > Hoof Picks & Hoof Brushes,7717,Title: Default Title,,,,,Wellington Warehouse,4.16,4.16,4.16,9.99,0,0,,,
3,BIN-01,1774887638157,30097210,Cavali 2,1,Cavali Club Sun Visor,Rider > Accessories & Apparel > Hats,SPR604,Color: Pink / Youth,,,,,Wellington Warehouse,5.40,5.40,5.40,29.99,0,0,,,
176,LVL 1,1769968298841,,Blankets 4,1,Equi-Care Clean & Care Saddle Soap,Tack & Equipment > Leather Care,CCSS19,Size: 19.5 Ounces,,,,,Wellington Warehouse,9.50,9.50,9.50,15.00,0,0,0.020408163,,
21,ROW 3 : LVL 1,1774281614626,,Grooming/Tack Cleaner,1,Equi-Care Clean & Care Saddle Soap,Tack & Equipment > Leather Care,CCSS19,Size: 19.5 Ounces,,,,,Wellington Warehouse,9.50,9.50,9.50,15.00,0,0,0.020408163,,
5,ROW 1 : LVL 1,1774281650387,,Hoof/Treats,1,Equi-Care Hoof Conditioner,Horse Care > Grooming & Bathing > Hoof Oils & Conditioner,ECHC33,Size: 33 Ounces,,,,,Wellington Warehouse,11.97,11.97,11.97,22.99,0,0,,,
3,ROW 3 : LVL 2,1774281614627,,Grooming/Tack Cleaner,2,Equi-Care Clean & Care Leather Cleaner,Tack & Equipment > Leather Care,CCLC33,Size: 33.8 Ounces,,,,,Wellington Warehouse,9.00,9.00,9.00,14.00,0,0,0.04347826,,
19,ROW 4 : LVL 1,1774281614631,,Grooming/Tack Cleaner,1,Equi-Care Shine & Bright,"Horse Care > Grooming & Bathing > Shampoos, Conditioners & Sprays > Detanglers, Shines & Sprays",ECSB33,Size: 33 Ounces,,,,,Wellington Warehouse,9.00,9.00,9.00,13.00,0,0,,,
5,ROW 3 : LVL 2,1774281614627,,Grooming/Tack Cleaner,2,Equi-Care Clean & Care Ointment,Tack & Equipment > Leather Care,CCO15,Size: 15 Ounces,,,,,Wellington Warehouse,10.13,10.13,10.13,17.00,0,0,,,
24,ROW 3 : LVL 2,1774281614627,,Grooming/Tack Cleaner,2,Equi-Care Clean & Care EquiSoft,Tack & Equipment > Leather Care,CCES15,Size: 15 Ounces,,,,,Wellington Warehouse,8.19,8.19,8.19,13.90,0,0,,,
1,ROW 3 : LVL 1,1774281614626,,Grooming/Tack Cleaner,1,Equi-Care Clean & Care Ointment,Tack & Equipment > Leather Care,CCO32,Size: 32 Ounces,,,,,Wellington Warehouse,14.46,14.46,14.46,25.99,0,0,,,
0,LVL 3,1771436264207,649982222927,Blankets 8,3,Amigo Net Cooler,"Horse Wear > Blankets & Sheets > Coolers, Fleece & Covers",ACRN24-BJI0-81,Color: Navy/Titanium Grey & Silver,Size: 81-Inch,,,,Wellington Warehouse,31.52,31.52,31.52,71.95,0,0,,,
0,LVL 3,1771436264207,649982222897,Blankets 8,3,Amigo Net Cooler,"Horse Wear > Blankets & Sheets > Coolers, Fleece & Covers",ACRN24-BJI0-72,Color: Navy/Titanium Grey & Silver,Size: 72-Inch,,,,Wellington Warehouse,31.52,31.52,31.52,71.95,0,0,0.020408163,,
0,LVL 3,1771436264207,649982222910,Blankets 8,3,Amigo Net Cooler,"Horse Wear > Blankets & Sheets > Coolers, Fleece & Covers",ACRN24-BJI0-78,Color: Navy/Titanium Grey & Silver,Size: 78-Inch,,,,Wellington Warehouse,31.52,31.52,31.52,71.95,0,0,,,
0,LVL 3,1771436264207,"0649982222903, 649982222903",Blankets 8,3,Amigo Net Cooler,"Horse Wear > Blankets & Sheets > Coolers, Fleece & Covers",ACRN24-BJI0-75,Color: Navy/Titanium Grey & Silver,Size: 75-Inch,,,,Wellington Warehouse,31.52,31.52,31.52,71.95,0,0,,,
0,LVL 3,1771436264207,649982222934,Blankets 8,3,Amigo Net Cooler,"Horse Wear > Blankets & Sheets > Coolers, Fleece & Covers",ACRN24-BJI0-84,Color: Navy/Titanium Grey & Silver,Size: 84-Inch,,,,Wellington Warehouse,31.52,31.52,31.52,71.95,0,0,0.01754386,,
2,BIN-05,1767812231222,,Shelf 8,5,Tough-1 Mane Stay Lycra Hood with Full Zipper,Horse Wear > Blankets & Sheets > Neck Covers & Hoods,65-9571-2-102,Color: Black,Size: Medium,,,,Wellington Warehouse,27.98,27.98,27.98,45.95,0,0,,,
3,BIN-05,1767812231222,688499441421,Shelf 8,5,Tough-1 Mane Stay Lycra Hood with Full Zipper,Horse Wear > Blankets & Sheets > Neck Covers & Hoods,65-9570-2-101,Color: Black,Size: Small,,,,Wellington Warehouse,27.98,27.98,27.98,45.95,0,0,,,
0,ROW 1 : LVL 1,1774281650387,7392557900104,Hoof/Treats,1,ComfortMix Thrush Treatment,Horse Care > First Aid & Wellness > Hoof Care > Thrush,90.195.900100000,Size: Gel - 2 oz,,,,,Wellington Warehouse,11.20,11.20,11.20,14.95,0,24,0.06944445,,
2,ROW 3 : LVL 4,1774281545039,840539019964,Grooming,4,Braiding Bands,Horse Care > Grooming & Bathing > Brushes & Tools > Braiding,368-CS,Color: Chestnut,,,,,Wellington Warehouse,2.98,2.98,2.98,4.98,0,0,0.013333334,,
16,BIN-04,1773766480617,635913008418,Shelf 17,4,Mustang Regular Antique Dot Halter,Tack & Equipment > Halters & Leads > Halters > Nylon & Rope Halters,85272 D,Color: Black,,,,,Wellington Warehouse,18.50,18.50,18.50,37.99,0,0,,,
7,LVL 1,1770136781407,5425030837481,Sheets 1,1,Kentucky Horsewear Cooler Fleece Rug,Horse Wear > Blankets & Sheets > Stable Blankets & Sheets > Lightweight,52145-03-145,Size: 78-Inch,Color: Navy,,,,Wellington Warehouse,72.66,72.66,72.66,249.99,0,0,,,
4,LVL 2,1770136848443,5407008894818,Sheets 1,2,Kentucky Horsewear Cooler Fleece Rug,Horse Wear > Blankets & Sheets > Stable Blankets & Sheets > Lightweight,52145-01-130,Size: 72-Inch,Color: Black,,,,Wellington Warehouse,72.66,72.66,72.66,249.99,0,0,,,
0,LVL 1 ,1771259569146,0649982191674,Blankets 7,1,Rhino Plus Vari-Layer Turnout (250g Medium),Horse Wear > Blankets & Sheets > Turnout Blankets & Sheets > Medium Weight,AABPV3-BJD0-81,Color: Navy/Titanium Grey & Classic Blue,Size: 81,,,,Wellington Warehouse,130.95,130.95,130.95,296.95,0,0,,,
1,LVL 1 ,1771259569146,649982191667,Blankets 7,1,Rhino Plus Vari-Layer Turnout (250g Medium),Horse Wear > Blankets & Sheets > Turnout Blankets & Sheets > Medium Weight,AABPV3-BJD0-78,Color: Navy/Titanium Grey & Classic Blue,Size: 78,,,,Wellington Warehouse,130.95,130.95,130.95,296.95,0,0,,,
3,LVL 2,1770136848443,5407008894849,Sheets 1,2,Kentucky Horsewear Cooler Fleece Rug,Horse Wear > Blankets & Sheets > Stable Blankets & Sheets > Lightweight,52145-01-160,Size: 84-Inch,Color: Black,,,,Wellington Warehouse,72.66,72.66,72.66,249.99,0,0,,,
2,LVL 1 ,1771259569146,649982191650,Blankets 7,1,Rhino Plus Vari-Layer Turnout (250g Medium),Horse Wear > Blankets & Sheets > Turnout Blankets & Sheets > Medium Weight,AABPV3-BJD0-75,Color: Navy/Titanium Grey & Classic Blue,Size: 75,,,,Wellington Warehouse,130.95,130.95,130.95,296.95,0,0,0.030303031,,
7,ROW 3 : LVL 2,1774281614627,025784300559,Grooming/Tack Cleaner,2,Fiebing's 100% Pure Neatsfoot Oil,Tack & Equipment > Leather Care,088-30055,Size: 16 Ounces,,,,,Wellington Warehouse,7.13,7.13,7.13,13.99,0,0,0.027027028,,
4,LVL 2,1770136848443,5407008894856,Sheets 1,2,Kentucky Horsewear Cooler Fleece Rug,Horse Wear > Blankets & Sheets > Stable Blankets & Sheets > Lightweight,52145-01-155,Size: 81-Inch,Color: Black,,,,Wellington Warehouse,72.66,72.66,72.66,249.99,0,0,,,
5,LVL 2,1770136848443,5407008894825,Sheets 1,2,Kentucky Horsewear Cooler Fleece Rug,Horse Wear > Blankets & Sheets > Stable Blankets & Sheets > Lightweight,52145-01-140,Size: 75-inch,Color: Black,,,,Wellington Warehouse,72.66,72.66,72.66,249.99,0,0,,,
5,LVL 1,1770136781407,5425030837474,Sheets 1,1,Kentucky Horsewear Cooler Fleece Rug,Horse Wear > Blankets & Sheets > Stable Blankets & Sheets > Lightweight,52145-03-140,Size: 75-inch,Color: Navy,,,,Wellington Warehouse,72.66,72.66,72.66,249.99,0,0,,,
3,LVL 1,1770136781407,5425030837498,Sheets 1,1,Kentucky Horsewear Cooler Fleece Rug,Horse Wear > Blankets & Sheets > Stable Blankets & Sheets > Lightweight,52145-03-155,Size: 81-Inch,Color: Navy,,,,Wellington Warehouse,72.66,72.66,72.66,249.99,0,0,,,
4,LVL 1,1770136781407,5425030837467,Sheets 1,1,Kentucky Horsewear Cooler Fleece Rug,Horse Wear > Blankets & Sheets > Stable Blankets & Sheets > Lightweight,52145-03-130,Size: 72-Inch,Color: Navy,,,,Wellington Warehouse,72.66,72.66,72.66,249.99,0,0,,,
5,LVL 1 ,1771259569146,649982191643,Blankets 7,1,Rhino Plus Vari-Layer Turnout (250g Medium),Horse Wear > Blankets & Sheets > Turnout Blankets & Sheets > Medium Weight,AABPV3-BJD0-72,Color: Navy/Titanium Grey & Classic Blue,Size: 72,,,,Wellington Warehouse,130.95,130.95,130.95,296.95,0,0,,,
7,LVL 2,1770136848443,5407008894832,Sheets 1,2,Kentucky Horsewear Cooler Fleece Rug,Horse Wear > Blankets & Sheets > Stable Blankets & Sheets > Lightweight,52145-01-145,Size: 78-Inch,Color: Black,,,,Wellington Warehouse,72.66,72.66,72.66,249.99,0,0,,,
0,ROW 3 : LVL 2,1774281614627,"4005611035508, 4005611035508",Grooming/Tack Cleaner,2,Pharmaka Sporty Stick Spray,Rider > Accessories & Apparel > Accessories,803550,Size: 200ml,,,,,Wellington Warehouse,12.30,12.30,12.30,22.50,1,0,0.046511628,,
6,LVL 1 ,1771259569146,"0649982191513, 649982191513",Blankets 7,1,Rhino Plus Turnout (0g Light),Horse Wear > Blankets & Sheets > Turnout Blankets & Sheets > Sheets,AABP81-BJD0-81,Color: Navy/Titanium Grey & Classic Blue,Size: 81,,,,Wellington Warehouse,121.25,121.25,121.25,274.95,0,0,,,
7,LVL 1 ,1771259569146,649982191506,Blankets 7,1,Rhino Plus Turnout (0g Light),Horse Wear > Blankets & Sheets > Turnout Blankets & Sheets > Sheets,AABP81-BJD0-78,Color: Navy/Titanium Grey & Classic Blue,Size: 78,,,,Wellington Warehouse,121.25,121.25,121.25,274.95,0,0,,,
7,LVL 1 ,1771259569146,649982191490,Blankets 7,1,Rhino Plus Turnout (0g Light),Horse Wear > Blankets & Sheets > Turnout Blankets & Sheets > Sheets,AABP81-BJD0-75,Color: Navy/Titanium Grey & Classic Blue,Size: 75,,,,Wellington Warehouse,121.25,121.25,121.25,274.95,0,0,,,
3,ROW 2 : LVL 1,1774282126773,,First Aid,1,Sharps Container,Horse Care > First Aid & Wellness > First Aid Supplies > Needles and Syringes,S-22218,Size: 2 Gallon,,,,,Wellington Warehouse,14.70,14.70,14.70,18.95,0,0,,,
7,LVL 1 ,1771259569146,649982191483,Blankets 7,1,Rhino Plus Turnout (0g Light),Horse Wear > Blankets & Sheets > Turnout Blankets & Sheets > Sheets,AABP81-BJD0-72,Color: Navy/Titanium Grey & Classic Blue,Size: 72,,,,Wellington Warehouse,121.25,121.25,121.25,274.95,0,0,,,
1,BIN 1,1776787343289,00892277181946,Spurs,1,EquiFit ImpacTeq CrownPad,"Tack & Equipment > Bridles, Headstalls & Reins > English Bridles & Reins > Bridle Accessories",02019,Title: Default Title,,,,,Wellington Warehouse,22.28,22.28,22.28,44.00,0,0,,,
4,ROW 1 : LVL 1,1774281650387,198715208719,Hoof/Treats,1,Groom's Hand Deep Thrush Gel,Horse Care > First Aid & Wellness > Hoof Care > Thrush,GHDT3AR,Size: 3 Ounces,,,,,Wellington Warehouse,14.30,14.30,14.30,19.50,0,0,,,
0,ROW 1 : LVL 1,1774281650387,,Hoof/Treats,1,Hoof Pick with Brush,Horse Care > Grooming & Bathing > Brushes & Tools > Hoof Picks & Hoof Brushes,68-039312-2-0,Color: Black,,,,,Wellington Warehouse,1.19,1.19,1.19,2.99,0,0,0.10843374,,
0,LVL 4,1769968298844,,Blankets 4,4,Bamboo Broom,Stable > Stable Supplies,82178,Title: Default Title,,,,,Wellington Warehouse,13.04,13.04,13.04,29.99,0,0,,,
0,LVL 1,1771873985967,688499556743,Sheets 4,1,Tough-1 Box Fan Holder,Stable > Stable Supplies > Stall Supplies,88-497-0-0,Title: Default Title,,,,,Wellington Warehouse,10.98,10.98,10.98,17.99,0,0,0.15277778,,
17,BIN 1,1776787262019,840539065756,Bits 1,1,Sealtex Latex Bandage,Tack & Equipment > Bits > Bit Accessories,391,Size: 3” x 36”,,,,,Wellington Warehouse,7.95,7.95,7.95,15.95,0,0,,,
7,BIN 1,1776787262019,840539503777,Bits 1,1,Rubber Bit Guards,Tack & Equipment > Bits > Bit Accessories,244190-BK,Title: Default Title,,,,,Wellington Warehouse,2.02,2.02,2.02,3.38,0,0,,,
0,BIN-02,1773766441664,5425030832370,Shelf 16,2,Kentucky Horsewear Sheepskin Shipping Halter,Tack & Equipment > Halters & Leads > Halters > Nylon & Rope Halters,42502-01-COB,Size: Cob,Color: Black,,,,Wellington Warehouse,82.58,82.58,82.58,224.99,0,0,0.06557377,,
3,BIN-02,1773766441664,5425030832387,Shelf 16,2,Kentucky Horsewear Sheepskin Shipping Halter,Tack & Equipment > Halters & Leads > Halters > Nylon & Rope Halters,42502-05-COB,Size: Cob,Color: Brown,,,,Wellington Warehouse,82.58,82.58,82.58,224.99,0,0,,,
1,LVL 1,1770059667422,688499055314,Buckets,1,Lunge Whip,Tack & Equipment > Training & Lunging > Accessories,29-206-2-0,Size: 6ft,Color: Black,,,,Wellington Warehouse,6.49,6.49,6.49,14.99,0,0,,,
1,BIN-02,1773766441664,5425030832363,Shelf 16,2,Kentucky Horsewear Sheepskin Shipping Halter,Tack & Equipment > Halters & Leads > Halters > Nylon & Rope Halters,42502-05-F,Size: Full,Color: Brown,,,,Wellington Warehouse,82.58,82.58,82.58,224.99,0,0,,,
13,LVL 1,1770059667422,084369000093,Buckets,1,Little Giant DuraFork,Stable > Stable Supplies > Manure Forks,PDF1BLACK,Color: Black,,,,,Wellington Warehouse,11.62,11.62,11.62,22.99,0,-2,,Fri May 08 2026 18:15:13 GMT+0000 (Coordinated Universal Time),RJ April Trade Show Order #26055020300
3,BIN-02,1773766441664,5425030830253,Shelf 16,2,Kentucky Horsewear Sheepskin Shipping Halter,Tack & Equipment > Halters & Leads > Halters > Nylon & Rope Halters,42502-02-COB,Size: Cob,Color: Natural,,,,Wellington Warehouse,82.58,82.58,82.58,224.99,0,0,,,
1,LVL 1,1770059667422,084369161640,Buckets,1,Little Giant Muck Tub,Stable > Stable Supplies > Manure Forks,PSB40BLACK,Size: 40 qt,Color: Black,,,,Wellington Warehouse,13.39,13.39,13.39,19.99,0,0,,,
0,Jackets,1777650559286,732388959808,C,1,Waterproof Rain Gear,Rider > Accessories & Apparel > Jackets,R0026-BLACK-XS,Size: XS,,,,,Wellington Warehouse,124.00,124.00,124.00,198.40,0,0,,,
0,Jackets,1777650559286,"691835888293, 691835888293",C,1,Always Riding Jacket - Olive,Rider > Accessories & Apparel > Jackets,R0020-OLIVE-XS,Size: XS,,,,,Wellington Warehouse,47.00,47.00,47.00,94.00,0,0,,,
0,Jackets,1777650559286,"691835888491, 691835888491",C,1,Always Riding Jacket - Olive,Rider > Accessories & Apparel > Jackets,R0020-OLIVE-M,Size: M,,,,,Wellington Warehouse,47.00,47.00,47.00,94.00,0,0,,,
0,Jackets,1777650559286,732388960002,C,1,Waterproof Rain Gear,Rider > Accessories & Apparel > Jackets,R0026-BLACK-M,Size: M,,,,,Wellington Warehouse,124.00,124.00,124.00,198.40,0,0,,,
9,Grid wall,1770916055031,,Girths,1,Mare Modern Goods You're Sweet Card,Rider > Home Decor & Gifts,CARD-YOURESWEET,Title: Default Title,,,,,Wellington Warehouse,3.00,3.00,3.00,6.00,0,0,,,
0,Jackets,1777650559286,732388960101,C,1,Waterproof Rain Gear,Rider > Accessories & Apparel > Jackets,R0026-BLACK-L,Size: L,,,,,Wellington Warehouse,124.00,124.00,124.00,198.40,0,0,,,
0,Jackets,1777650559286,"691835888699, 691835888699",C,1,Always Riding Jacket - Olive,Rider > Accessories & Apparel > Jackets,R0020-OLIVE-XL,Size: XL,,,,,Wellington Warehouse,47.00,47.00,47.00,94.00,0,0,,,
0,Jackets,1777650559286,732388225644,C,1,Waterproof Rain Gear,Rider > Accessories & Apparel > Jackets,R0027-BLACK-M,Size: M-Short,,,,,Wellington Warehouse,124.00,124.00,124.00,198.40,0,0,,,
0,Jackets,1777650559286,732388225149,C,1,Waterproof Rain Gear,Rider > Accessories & Apparel > Jackets,R0026-BLACK-XL,Size: XL,,,,,Wellington Warehouse,124.00,124.00,124.00,198.40,0,0,,,
0,Jackets,1777650559286,"691835888392, 691835888392",C,1,Always Riding Jacket - Olive,Rider > Accessories & Apparel > Jackets,R0020-OLIVE-S,Size: S,,,,,Wellington Warehouse,47.00,47.00,47.00,94.00,0,0,,,
8,Grid wall,1770916055031,,Girths,1,Mare Modern Goods I Heart You Card,Rider > Home Decor & Gifts,CARD-IHEARTYOU,Title: Default Title,,,,,Wellington Warehouse,3.00,3.00,3.00,6.00,0,0,,,
0,Jackets,1777650559286,732388959907,C,1,Waterproof Rain Gear,Rider > Accessories & Apparel > Jackets,R0026-BLACK-S,Size: S,,,,,Wellington Warehouse,124.00,124.00,124.00,198.40,0,0,,,
2,BIN-01,1768845014309,"1784834544246, 1784834544246",Shelf 13,1,Bhoof Safety Vest 1,Rider > Accessories & Apparel > Safety Vest,BH20050000,Color: Black,Size: XX-Small,,,,Wellington Warehouse,439.00,439.00,439.00,799.00,0,0,,,
1,BIN-01,1768845014309,7340220701183,Shelf 13,1,Bhoof Helmet 2 - Original,Rider > Accessories & Apparel > Helmet,BH20020039,Color: Black,Size: 57,,,,Wellington Warehouse,439.00,439.00,439.00,799.00,0,0,,,
1,BIN-01,1768845014309,"7340220701022, 7340220701022",Shelf 13,1,Bhoof Safety Vest 1,Rider > Accessories & Apparel > Safety Vest,BH20050003,Color: Black,Size: Medium,,,,Wellington Warehouse,439.00,439.00,439.00,799.00,0,0,,,
4,BIN-01,1768845014309,"7340220701008, 7340220701008",Shelf 13,1,Bhoof Safety Vest 1,Rider > Accessories & Apparel > Safety Vest,BH20050001,Color: Black,Size: X-Small,,,,Wellington Warehouse,439.00,439.00,439.00,799.00,0,0,,,
1,BIN-01,1768845014309,7340220700957,Shelf 13,1,Bhoof Helmet 1 - Original,Rider > Accessories & Apparel > Helmet,BH20020019,Color: Black/Anthracite,Size: 59,,,,Wellington Warehouse,439.00,439.00,439.00,799.00,0,0,,,
3,BIN-01,1768845014309,"7340220701015, 7340220701015",Shelf 13,1,Bhoof Safety Vest 1,Rider > Accessories & Apparel > Safety Vest,BH20050002,Color: Black,Size: Small,,,,Wellington Warehouse,439.00,439.00,439.00,799.00,0,0,,,
1,BIN-01,1768845014309,7340220701084,Shelf 13,1,Bhoof Helmet 2 - Wide Peak,Rider > Accessories & Apparel > Helmet,BH20020029,Color: Black,Size: 58,,,,Wellington Warehouse,439.00,439.00,439.00,799.00,0,0,,,
1,ROW 2 : LVL 4,1768938712708,,First Aid,4,Monoject 60cc Catheter Tip Syringe,Horse Care > First Aid & Wellness > First Aid Supplies > Needles and Syringes,8881560141,Size: 20 Pack,,,,,Wellington Warehouse,24.74,24.74,24.74,29.95,0,0,0.06,,
1,BIN-01,1768845014309,7340220701114,Shelf 13,1,Bhoof Helmet 2 - Wide Peak,Rider > Accessories & Apparel > Helmet,BH20020032,Color: Black,Size: 61,,,,Wellington Warehouse,439.00,439.00,439.00,799.00,0,0,,,
3,BIN-01,1768845014309,7340220701275,Shelf 13,1,Bhoof CO2 Cartridge 1,Rider > Accessories & Apparel > Safety Vest,BH20050006,Size: 24 Grams,,,,,Wellington Warehouse,21.00,21.00,21.00,39.00,0,0,0.048780486,,
2,ROW 2 : LVL 4,1768938712708,,First Aid,4,Monoject 60cc Catheter Tip Syringe,Horse Care > First Aid & Wellness > First Aid Supplies > Needles and Syringes,8881560141SINGLE-1,Size: 1 Unit,,,,,Wellington Warehouse,1.69,1.69,1.69,2.49,0,0,0.030303031,,
3,BIN-01,1768845014309,7340220701350,Shelf 13,1,Bhoof Safety Connector 1,Rider > Accessories & Apparel > Safety Vest,BH20050010,Size: One Size,Color: Black,,,,Wellington Warehouse,12.00,12.00,12.00,21.00,0,0,0.07317073,,
1,BIN-01,1768845014309,7340220700100,Shelf 13,1,Bhoof Bridle 2 - Y-fit,"Tack & Equipment > Bridles, Headstalls & Reins > English Bridles & Reins > Bridles",BH10010010,Size: Pony,,,,,Wellington Warehouse,307.00,307.00,307.00,559.00,0,0,,,
1,BIN-01,1768845014309,7340220700117,Shelf 13,1,Bhoof Bridle 2 - Y-fit,"Tack & Equipment > Bridles, Headstalls & Reins > English Bridles & Reins > Bridles",BH10010011,Size: Cob,,,,,Wellington Warehouse,307.00,307.00,307.00,559.00,0,0,,,
1,BIN-01,1768845014309,7316632015194,Shelf 13,1,Bhoof Bit 3 Leather,Tack & Equipment > Bits > English Bits,BH10120012,Style: Titanium / Leather,Size: 115 mm,,,,Wellington Warehouse,149.00,149.00,149.00,229.00,0,0,,,
4,BIN-01,1768403067580,7340041173978,Shelf 11,1,Back on Track Royal Quick Wraps Deluxe Replacement Padding,Tack & Equipment > Boots & Wraps > Leg Wraps,20389000,"Size: 10"" (XS)",,,,,Wellington Warehouse,15.00,15.00,15.00,30.00,0,0,,,
0,BIN-01,1768403067580,7340041174012,Shelf 11,1,Back on Track Royal Quick Wraps Deluxe Replacement Padding,Tack & Equipment > Boots & Wraps > Leg Wraps,20389004,"Size: 18"" (XL)",,,,,Wellington Warehouse,15.00,15.00,15.00,30.00,0,0,,,
0,BIN-01,1768845014309,7340220700032,Shelf 13,1,Bhoof Bridle 1 - Flash,"Tack & Equipment > Bridles, Headstalls & Reins > English Bridles & Reins > Bridles",BH10010003,Size: Full,,,,,Wellington Warehouse,269.00,269.00,269.00,489.00,0,0,,,
1,BIN-01,1768845014309,7340220700094,Shelf 13,1,Bhoof Bridle 1 - Braided,"Tack & Equipment > Bridles, Headstalls & Reins > English Bridles & Reins > Bridles",BH10010009,Size: Full,,,,,Wellington Warehouse,274.00,274.00,274.00,499.00,0,0,,,
1,BIN-01,1768845014309,7340220700544,Shelf 13,1,Bhoof Halter 1 - Leather,Tack & Equipment > Halters & Leads > Halters > Leather Halters,BH10080001,Size: Pony,,,,,Wellington Warehouse,148.00,148.00,148.00,269.00,0,0,,,
4,BIN-01,1768403067580,7340041173985,Shelf 11,1,Back on Track Royal Quick Wraps Deluxe Replacement Padding,Tack & Equipment > Boots & Wraps > Leg Wraps,20389001,"Size: 12"" (S)",,,,,Wellington Warehouse,15.00,15.00,15.00,30.00,0,0,,,
1,BIN-01,1768845014309,7340220700186,Shelf 13,1,Bhoof Martingale 1 - Classic,Tack & Equipment > Martingales & Breastplates,BH10030001,Size: Pony,,,,,Wellington Warehouse,142.00,142.00,142.00,259.00,0,0,,,
0,BIN-01,1768403067580,7340041174005,Shelf 11,1,Back on Track Royal Quick Wraps Deluxe Replacement Padding,Tack & Equipment > Boots & Wraps > Leg Wraps,20389003,"Size: 16"" (L)",,,,,Wellington Warehouse,15.00,15.00,15.00,30.00,0,0,,,
0,BIN-01,1768845014309,7340220700162,Shelf 13,1,Bhoof Rein 2 - Soft Grip,"Tack & Equipment > Bridles, Headstalls & Reins > English Bridles & Reins > Reins",BH10020004,Size: Pony,,,,,Wellington Warehouse,109.00,109.00,109.00,199.00,0,0,0.01923077,,
0,BIN 1,1776787211212,7340220701251,Gloves,1,Ryde Adjustable Safety Stirrup,Tack & Equipment > Stirrups & Leathers > English Stirrups,001,Color: Black,,,,,Wellington Warehouse,0.00,0.00,0.00,650.00,0,0,0.0125,,
0,BIN-01,1768845014309,7340220700674,Shelf 13,1,Bhoof Martingale Attachment 1 - Classic,Tack & Equipment > Martingales & Breastplates,BH10070003,Size: Pony,,,,,Wellington Warehouse,65.00,65.00,65.00,119.00,0,0,,,
4,ROW 2 : LVL 2,1768938712706,726087082073,First Aid,2,Digital Thermometer,Horse Care > First Aid & Wellness > First Aid Supplies,8207,Title: Default Title,,,,,Wellington Warehouse,7.33,7.33,7.33,13.99,0,0,,,
3,ROW 1 : LVL 1,1774281650387,726287107538,Hoof/Treats,1,Kopertox,Horse Care > First Aid & Wellness > Hoof Care > Thrush,10004229,Size: 16 Ounces,,,,,Wellington Warehouse,28.45,28.45,28.45,33.09,0,0,,,
3,ROW 2 : LVL 1,1774282126773,099355026735,First Aid,1,Cotton Roll Non-Sterile,Horse Care > First Aid & Wellness > First Aid Supplies,21300729,Title: Default Title,,,,,Wellington Warehouse,3.54,3.54,3.54,8.99,0,0,,,
2,BIN-01,1768845014309,7340220700131,Shelf 13,1,Bhoof Rein 1 - Safety,"Tack & Equipment > Bridles, Headstalls & Reins > English Bridles & Reins > Reins",BH10020001,Size: Pony 16mm,,,,,Wellington Warehouse,98.00,98.00,98.00,179.00,0,0,,,
2,BIN 1,1776787211212,7340220701268,Gloves,1,Ryde Adjustable Safety Stirrup,Tack & Equipment > Stirrups & Leathers > English Stirrups,002,Color: Silver,,,,,Wellington Warehouse,0.00,0.00,0.00,650.00,0,0,,,
1,BIN-01,1774375575870,7350144778253,Cavali 3,1,Yagya Embroidered Bag,Rider > Bags > Totes & Pouches,1000000000820,Color: Green,,,,,Wellington Warehouse,22.00,22.00,22.00,60.00,0,0,,,
0,Right,1774885231987,7350144777225,Clothes,1,Yagya Leather Buckle Belt,Rider > Accessories & Apparel > Belts,1000000000717,Color: Brown,Size: XS/S,,,,Wellington Warehouse,90.00,90.00,90.00,190.00,0,0,,,
0,Breeches,1777650559285,7350144773739,C,1,Yagya Compression Performance Breeches,Rider > Accessories & Apparel > Breeches,1000000000375,Size: Medium,Color: Black,,,,Wellington Warehouse,167.00,167.00,167.00,350.00,0,0,,,
0,Breeches,1777650559285,7350144774774,C,1,Yagya Compression Performance Breeches,Rider > Accessories & Apparel > Breeches,1000000000475,Size: Large,Color: Tan,,,,Wellington Warehouse,167.00,167.00,167.00,350.00,0,0,,,
0,Breeches,1777650559285,7350144773722,C,1,Yagya Compression Performance Breeches,Rider > Accessories & Apparel > Breeches,1000000000374,Size: Small,Color: Black,,,,Wellington Warehouse,167.00,167.00,167.00,350.00,0,0,0.025641026,,
0,Breeches,1777650559285,7350144775221,C,1,Yagya High-Rise Compression Breeches,Rider > Accessories & Apparel > Breeches,1000000000515,Size: Small,Color: Navy,,,,Wellington Warehouse,167.00,167.00,167.00,350.00,0,0,,,
0,Breeches,1777650559285,,C,1,Yagya Compression Performance Breeches,Rider > Accessories & Apparel > Breeches,1000000000294,Size: Extra Small,Color: White,,,,Wellington Warehouse,167.00,167.00,167.00,350.00,0,0,0.035714287,,
0,Breeches,1777650559285,7350144773715,C,1,Yagya Compression Performance Breeches,Rider > Accessories & Apparel > Breeches,1000000000373,Size: Extra Small,Color: Black,,,,Wellington Warehouse,167.00,167.00,167.00,350.00,0,0,,,
0,Breeches,1777650559285,7350144775238,C,1,Yagya High-Rise Compression Breeches,Rider > Accessories & Apparel > Breeches,1000000000516,Size: Medium,Color: Navy,,,,Wellington Warehouse,167.00,167.00,167.00,350.00,0,0,,,
0,Breeches,1777650559285,7350144772947,C,1,Yagya Compression Performance Breeches,Rider > Accessories & Apparel > Breeches,1000000000296,Size: Medium,Color: White,,,,Wellington Warehouse,167.00,167.00,167.00,350.00,0,0,,,
0,Breeches,1777650559285,,C,1,Yagya High-Rise Compression Breeches,Rider > Accessories & Apparel > Breeches,1000000000509,Size: Medium,Color: Tan,,,,Wellington Warehouse,167.00,167.00,167.00,350.00,0,0,,,
0,Breeches,1777650559285,7350144772954,C,1,Yagya Compression Performance Breeches,Rider > Accessories & Apparel > Breeches,1000000000297,Size: Large,Color: White,,,,Wellington Warehouse,167.00,167.00,167.00,350.00,0,0,,,
0,Breeches,1777650559285,,C,1,Yagya High-Rise Compression Breeches,Rider > Accessories & Apparel > Breeches,1000000000510,Size: Large,Color: Tan,,,,Wellington Warehouse,167.00,167.00,167.00,350.00,0,0,,,
0,Right,1774885231987,"7350171874645, 7350171874645",Clothes,1,Yagya Leather Buckle Belt,Rider > Accessories & Apparel > Belts,1000000001461,Color: Black,Size: XS/S,,,,Wellington Warehouse,90.00,90.00,90.00,190.00,0,0,0.023809524,,
0,Jackets,1777650559286,7350144770189,C,1,Yagya Signature Riding Jacket,Rider > Accessories & Apparel > Jackets,1000000000018,Size: XS,Color: Black,,,,Wellington Warehouse,144.00,144.00,144.00,260.00,0,0,,,
0,Jackets,1777650559286,7350144777584,C,1,Yagya Performance Show Jacket,Rider > Accessories & Apparel > Jackets,1000000000753,Color: Black,Size: Medium,,,,Wellington Warehouse,250.00,250.00,250.00,580.00,0,0,,,
20,BIN-02,1776354991787,59642938,Grooming Small,2,Cavali Club Body Brush,Horse Care > Grooming & Bathing > Brushes & Tools > Brushes & Combs,WINTER601,Title: Default Title,,,,,Wellington Warehouse,7.35,7.35,7.35,30.00,0,0,0.045454547,,
0,Jackets,1777650559286,7350144779311,C,1,Yagya Short Padded Jacket,Rider > Accessories & Apparel > Jackets,1000000000995,Color: Green,Size: Medium,,,,Wellington Warehouse,150.00,150.00,150.00,340.00,0,0,,,
0,Jackets,1777650559286,,C,1,Yagya Performance Show Jacket,Rider > Accessories & Apparel > Jackets,1000000000751,Color: Black,Size: XS,,,,Wellington Warehouse,250.00,250.00,250.00,580.00,0,0,,,
0,Jackets,1777650559286,7350144777577,C,1,Yagya Performance Show Jacket,Rider > Accessories & Apparel > Jackets,1000000000752,Color: Black,Size: Small,,,,Wellington Warehouse,250.00,250.00,250.00,580.00,0,0,,,
0,Jackets,1777650559286,7350144779328,C,1,Yagya Short Padded Jacket,Rider > Accessories & Apparel > Jackets,1000000000996,Color: Green,Size: Large,,,,Wellington Warehouse,150.00,150.00,150.00,340.00,0,0,,,
15,BIN-04,1776354991789,26480698,Grooming Small,4,Grooming Mitt,"Horse Care > Grooming & Bathing > Brushes & Tools > Grooming Gloves, Curry Combs & Deshedding Tools",FALL602,Title: Default Title,,,,,Wellington Warehouse,7.20,7.20,7.20,34.99,0,0,0.011764706,,
0,Jackets,1777650559286,,C,1,Yagya Performance Show Jacket,Rider > Accessories & Apparel > Jackets,1000000000754,Color: Black,Size: Large,,,,Wellington Warehouse,250.00,250.00,250.00,580.00,0,0,,,
0,Jackets,1777650559286,,C,1,Yagya Short Padded Jacket,Rider > Accessories & Apparel > Jackets,1000000000989,Color: Black,Size: Large,,,,Wellington Warehouse,150.00,150.00,150.00,340.00,0,0,,,
6,ROW 1 : LVL 3,1768938712711,21083-1,First Aid,3,EquiShield CK HC Salve,Horse Care > First Aid & Wellness > Wound Care & Topicals,9007-06-00,Size: 4 Ounces,,,,,Wellington Warehouse,19.44,19.44,19.44,37.79,0,0,0.036144577,,
1,LVL 2,1770840424777,7340041175576,Blankets 5,2,Back on Track Deep Nights Fleece Cooler,Horse Wear > Blankets & Sheets > Coolers & Fleece,26114940,Color: Plum,"Size: 75""",,,,Wellington Warehouse,99.50,99.50,99.50,199.00,0,0,,,
1,BIN-03,1773766480616,7340041166789,Shelf 17,3,Back on Track Haze Collection Halter,Tack & Equipment > Halters & Leads > Halters > Nylon & Rope Halters,24169002,Size: Cob,Color: Black Rose,,,,Wellington Warehouse,29.00,29.00,29.00,58.00,0,0,,,
1,BIN-05,1767812231222,7340041175958,Shelf 8,5,Back on Track Deep Nights Dog Coat,Dog > Dog Coats,32025382,Color: Blueberry,"Size: 32""",,,,Wellington Warehouse,66.00,66.00,66.00,132.00,0,0,,,
1,LVL 2,1770840424777,7340041175668,Blankets 5,2,Back on Track Deep Nights Fleece Cooler,Horse Wear > Blankets & Sheets > Coolers & Fleece,26115355,Color: Blueberry,"Size: 81""",,,,Wellington Warehouse,99.50,99.50,99.50,199.00,0,0,,,
2,LVL 2,1770840424777,7340041175514,Blankets 5,2,Back on Track Deep Nights Fleece Cooler,Horse Wear > Blankets & Sheets > Coolers & Fleece,26119045,Color: Black,"Size: 78""",,,,Wellington Warehouse,99.50,99.50,99.50,199.00,0,0,,,
2,BIN-05,1767812231222,7340041175903,Shelf 8,5,Back on Track Deep Nights Dog Coat,Dog > Dog Coats,32025342,Color: Blueberry,"Size: 16""",,,,Wellington Warehouse,56.00,56.00,56.00,112.00,0,0,,,
1,BIN-06,1768847887448,7340041175934,Shelf 15,6,Back on Track Deep Nights Dog Coat,Dog > Dog Coats,32025366,Color: Blueberry,"Size: 26""",,,,Wellington Warehouse,66.00,66.00,66.00,132.00,0,0,,,
1,BIN-02,1767722133133,7340041165867,Shelf 6,2,Back on Track Airflow Collection Brush Boot,Tack & Equipment > Boots & Wraps > Protective Boots > Front Boots,20195001,Color: Navy,"Size: Small (12"")",,,,Wellington Warehouse,42.00,42.00,42.00,84.00,0,0,,,
0,BIN-02,1767722133133,7340041165881,Shelf 6,2,Back on Track Airflow Collection Brush Boot,Tack & Equipment > Boots & Wraps > Protective Boots > Front Boots,20195003,Color: Navy,"Size: Large (16"")",,,,Wellington Warehouse,42.00,42.00,42.00,84.00,0,0,,,
1,LVL 2,1770840424777,7340041175644,Blankets 5,2,Back on Track Deep Nights Fleece Cooler,Horse Wear > Blankets & Sheets > Coolers & Fleece,26115340,Color: Blueberry,"Size: 75""",,,,Wellington Warehouse,99.50,99.50,99.50,199.00,0,0,,,
0,BIN-02,1767722133133,7340041164785,Shelf 6,2,Back on Track Airflow Collection Brush Boot,Tack & Equipment > Boots & Wraps > Protective Boots > Front Boots,20199002,Color: Black,"Size: Medium (14"")",,,,Wellington Warehouse,42.00,42.00,42.00,84.00,0,0,0.017857144,,
0,BIN-02,1767722133133,7340041164792,Shelf 6,2,Back on Track Airflow Collection Brush Boot,Tack & Equipment > Boots & Wraps > Protective Boots > Front Boots,20199003,Color: Black,"Size: Large (16"")",,,,Wellington Warehouse,42.00,42.00,42.00,84.00,0,0,0.022727273,,
1,LVL 1,1770396427443,7340041166734,Saddle Pads 3,1,Back on Track Haze Collection: Black Rose Dressage Saddle Pad,Tack & Equipment > English Saddle Pads > Dressage Saddle Pads,23529003,Color: Black Rose,Size: Full,,,,Wellington Warehouse,41.00,41.00,41.00,82.00,0,0,,,
0,BIN-02,1767722133133,7340041165836,Shelf 6,2,Back on Track Airflow Collection Brush Boot,Tack & Equipment > Boots & Wraps > Protective Boots > Front Boots,20194802,Color: Burgandy,"Size: Medium (14"")",,,,Wellington Warehouse,42.00,42.00,42.00,84.00,0,0,,,
1,LVL 2,1770840424777,7340041175583,Blankets 5,2,Back on Track Deep Nights Fleece Cooler,Horse Wear > Blankets & Sheets > Coolers & Fleece,26114945,Color: Plum,"Size: 78""",,,,Wellington Warehouse,99.50,99.50,99.50,199.00,0,0,,,
2,BIN-03,1773766480616,7340041166796,Shelf 17,3,Back on Track Haze Collection Halter,Tack & Equipment > Halters & Leads > Halters > Nylon & Rope Halters,24169003,Size: Full,Color: Black Rose,,,,Wellington Warehouse,29.00,29.00,29.00,58.00,0,0,,,
0,BIN-02,1767722133133,7340041164822,Shelf 6,2,Back on Track Airflow Collection Brush Boot,Tack & Equipment > Boots & Wraps > Protective Boots > Front Boots,20191702,Color: Brown,"Size: Medium (14"")",,,,Wellington Warehouse,42.00,42.00,42.00,84.00,0,0,,,
2,BIN-04,1777314709514,7340041166819,Shelf 21,4,Back on Track Haze Collection Black Rose Horse Bonnet,Tack & Equipment > Ear Plugs & Bonnets > Bonnets,24159002,Size: Cob,,,,,Wellington Warehouse,13.00,13.00,13.00,26.00,0,0,,,
1,BIN-02,1767722133133,7340041165874,Shelf 6,2,Back on Track Airflow Collection Brush Boot,Tack & Equipment > Boots & Wraps > Protective Boots > Front Boots,20195002,Color: Navy,"Size: Medium (14"")",,,,Wellington Warehouse,42.00,42.00,42.00,84.00,0,0,,,
2,LVL 2,1770840424777,7340041175507,Blankets 5,2,Back on Track Deep Nights Fleece Cooler,Horse Wear > Blankets & Sheets > Coolers & Fleece,26119040,Color: Black,"Size: 75""",,,,Wellington Warehouse,99.50,99.50,99.50,199.00,0,0,,,
0,LVL 2,1770840424777,7340041175590,Blankets 5,2,Back on Track Deep Nights Fleece Cooler,Horse Wear > Blankets & Sheets > Coolers & Fleece,26114955,Color: Plum,"Size: 81""",,,,Wellington Warehouse,99.50,99.50,99.50,199.00,0,0,,,
1,LVL 2,1770840424777,7340041175491,Blankets 5,2,Back on Track Deep Nights Fleece Cooler,Horse Wear > Blankets & Sheets > Coolers & Fleece,26119035,Color: Black,"Size: 72""",,,,Wellington Warehouse,99.50,99.50,99.50,199.00,0,0,,,
1,LVL 2,1770840424777,7340041175521,Blankets 5,2,Back on Track Deep Nights Fleece Cooler,Horse Wear > Blankets & Sheets > Coolers & Fleece,26119055,Color: Black,"Size: 81""",,,,Wellington Warehouse,99.50,99.50,99.50,199.00,0,0,,,
2,LVL 2,1770840424777,7340041175569,Blankets 5,2,Back on Track Deep Nights Fleece Cooler,Horse Wear > Blankets & Sheets > Coolers & Fleece,26114935,Color: Plum,"Size: 72""",,,,Wellington Warehouse,99.50,99.50,99.50,199.00,0,0,,,
16,ROW 5 : LVL 3,1769190184153,011444650027,Fly sprays,3,Absorbine UltraShield Gold Insecticide & Repellent,Horse Care > Fly & Insect Control > Fly Sprays & Traps,431110,Size: Gallon,,,,,Wellington Warehouse,56.72,56.72,56.72,86.69,0,0,,Fri May 29 2026 17:51:23 GMT+0000 (Coordinated Universal Time),RJ TRADE SHOW MAY #26055027400
13,ROW 5 : LVL 3,1769190184153,011444650010,Fly sprays,3,Absorbine UltraShield Gold Insecticide & Repellent,Horse Care > Fly & Insect Control > Fly Sprays & Traps,431100,Size: 32 Ounces,,,,,Wellington Warehouse,19.95,19.95,19.95,29.59,0,0,0.013333334,,
1,BIN 1,1776787343289,4044791625178,Spurs,1,Roeckl Roeck-Grip Riding Gloves - Unisex,Rider > Accessories & Apparel > Gloves,15-3301208BK-95,Color: Black,Size: 9.5,,,,Wellington Warehouse,30.00,30.00,30.00,59.95,0,0,0.025,,
1,BIN 1,1776787343289,4044791625123,Spurs,1,Roeckl Roeck-Grip Riding Gloves - Unisex,Rider > Accessories & Apparel > Gloves,15-3301208BK-7,Color: Black,Size: 7,,,,Wellington Warehouse,30.00,30.00,30.00,59.95,0,0,0.029411765,,
1,BIN 1,1776787343289,4044791625109,Spurs,1,Roeckl Roeck-Grip Riding Gloves - Unisex,Rider > Accessories & Apparel > Gloves,15-3301208BK-6,Color: Black,Size: 6,,,,Wellington Warehouse,30.00,30.00,30.00,59.95,0,0,0.071428575,,
9,Grid wall,1770916055031,,Girths,1,Dubois Cheval Unicorn Crop Charm,Rider > Accessories & Apparel > Accessories,850063320672,Title: Default Title,,,,,Wellington Warehouse,6.00,6.00,6.00,20.00,0,0,,,
0,BIN 1,1776787343289,4044791625147,Spurs,1,Roeckl Roeck-Grip Riding Gloves - Unisex,Rider > Accessories & Apparel > Gloves,15-3301208BK-8,Color: Black,Size: 8,,,,Wellington Warehouse,30.00,30.00,30.00,59.95,0,0,0.026666667,,
0,BIN 1,1776787343289,4044791625116,Spurs,1,Roeckl Roeck-Grip Riding Gloves - Unisex,Rider > Accessories & Apparel > Gloves,15-3301208BK-65,Color: Black,Size: 6.5,,,,Wellington Warehouse,30.00,30.00,30.00,59.95,0,0,0.024390243,,
0,BIN 1,1776787343289,4044791625154,Spurs,1,Roeckl Roeck-Grip Riding Gloves - Unisex,Rider > Accessories & Apparel > Gloves,15-3301208BK-85,Color: Black,Size: 8.5,,,,Wellington Warehouse,30.00,30.00,30.00,59.95,0,0,0.028571429,,
6,ROW 3 : LVL 2,1774281614627,025784200156,Grooming/Tack Cleaner,2,Fiebing's Saddle Soap,Tack & Equipment > Leather Care,088-20015,Size: 12 Ounces,,,,,Wellington Warehouse,4.63,4.63,4.63,9.99,0,0,,,
10,BIN-02,1774375575871,,Cavali 3,2,Cut the Crap - Cutting Board,Rider > Home Decor & Gifts,WINTER602,Title: Default Title,,,,,Wellington Warehouse,3.70,3.70,3.70,30.00,0,0,0.02,,
5,BIN-04,1775240098869,,Cavali 4,4,Stable Style Coffee Table Book,Rider > Home Decor & Gifts,WINTER603,Title: Default Title,,,,,Wellington Warehouse,15.00,15.00,15.00,59.00,0,0,,,
9,ROW 3 : LVL 2,1774281614627,025784200804,Grooming/Tack Cleaner,2,Fiebing's Liquid Glycerine Saddle Soap,Tack & Equipment > Leather Care,088-20080,Size: 16 Ounces,,,,,Wellington Warehouse,4.68,4.68,4.68,6.95,0,0,,,
1,,,40861506,,,Divine Equestrian Comfort Grip Leggings - Beige,Rider > Accessories & Apparel > Breeches,CGBEM,Size: Medium,,,,,Wellington Warehouse,59.50,59.50,59.50,85.00,0,0,,,
0,BIN-02,1767466772768,9355776084268,Shelf 3,2,WeatherBeeta Comfitec Deluxe Fine Mesh Fly Mask With Ears,Horse Wear > Fly & Insect Control > Fly Masks,1006939016,Size: Cob,Color: Navy/Turquoise,,,,Wellington Warehouse,11.55,11.55,11.55,26.95,0,0,,,
0,BIN-02,1767466772768,9355776084169,Shelf 3,2,WeatherBeeta Comfitec Deluxe Fine Mesh Fly Mask With Ears,Horse Wear > Fly & Insect Control > Fly Masks,1006939006,Size: Warmblood,Color: Black/Turquoise,,,,Wellington Warehouse,11.55,11.55,11.55,26.95,0,0,,,
11,ROW 3 : LVL 2,1774281614627,858580002101,Grooming/Tack Cleaner,2,Xterior Leather Wear Care,Tack & Equipment > Leather Care,XT104,Size: 16 Ounces,,,,,Wellington Warehouse,11.99,11.99,11.99,23.99,0,0,,,
0,BIN-04,1767466772770,"9355776273204, 9355776273204",Shelf 3,4,Weatherbeeta ComfiTec Hexi Shield Fly Wraps,Horse Wear > Fly & Insect Control > Fly Boots,1027309002,Color: Grey/Silver,Size: Large,,,,Wellington Warehouse,26.25,26.25,26.25,47.99,0,20,0.054545455,Wed Apr 15 2026 19:47:48 GMT+0000 (Coordinated Universal Time),Booking 1
45,BIN-02,1768845069690,"9355776273204, 9355776273204",Shelf 15,2,Weatherbeeta ComfiTec Hexi Shield Fly Wraps,Horse Wear > Fly & Insect Control > Fly Boots,1027309002,Color: Grey/Silver,Size: Large,,,,Wellington Warehouse,26.25,26.25,26.25,47.99,0,20,0.054545455,Wed Apr 15 2026 19:47:48 GMT+0000 (Coordinated Universal Time),Booking 1
1,BIN-01,1768845014309,7340220700216,Shelf 13,1,Bhoof Breastplate 1 - Mid position,Tack & Equipment > Martingales & Breastplates,BH10040001,Size: Pony,,,,,Wellington Warehouse,241.00,241.00,241.00,439.00,0,0,,,
0,BIN-02,1768845069690,"9355776273198, 9355776273198",Shelf 15,2,Weatherbeeta ComfiTec Hexi Shield Fly Wraps,Horse Wear > Fly & Insect Control > Fly Boots,1027309001,Color: Grey/Silver,Size: Medium,,,,Wellington Warehouse,26.25,26.25,26.25,47.99,0,5,0.053333335,Wed Apr 15 2026 19:47:48 GMT+0000 (Coordinated Universal Time),Booking 1
1,BIN-01,1768845014309,7340220700230,Shelf 13,1,Bhoof Breastplate 1 - Mid position,Tack & Equipment > Martingales & Breastplates,BH10040003,Size: Full,,,,,Wellington Warehouse,241.00,241.00,241.00,439.00,0,0,,,
2,LVL 2,1771953347959,649982221982,Fly Sheets 1,2,Horseware Newmarket Plus Fly Sheet,Horse Wear > Fly & Insect Control > Fly Sheets,AFHNGN-VRKB-75,Color: Witney Navy,Size: 75-Inch,,,,Wellington Warehouse,97.00,97.00,97.00,219.95,0,0,,,
2,LVL 2,1771953347959,649982222095,Fly Sheets 1,2,Horseware Newmarket Plus Fly Sheet,Horse Wear > Fly & Insect Control > Fly Sheets,AFHNGN-VRKB-78,Color: Witney Navy,Size: 78-Inch,,,,Wellington Warehouse,97.00,97.00,97.00,219.95,0,0,,,
1,BIN-01,1768845014309,7340220700315,Shelf 13,1,Bhoof Breastplate 2 - High position,Tack & Equipment > Martingales & Breastplates,BH10040006,Size: Full,,,,,Wellington Warehouse,241.00,241.00,241.00,439.00,0,0,,,
1,LVL 2,1771953347959,649982221975,Fly Sheets 1,2,Horseware Newmarket Plus Fly Sheet,Horse Wear > Fly & Insect Control > Fly Sheets,AFHNGN-VRKB-72,Color: Witney Navy,Size: 72-Inch,,,,Wellington Warehouse,97.00,97.00,97.00,219.95,0,0,,,
1,BIN-01,1768845014309,7340220700261,Shelf 13,1,Bhoof Martingale 2 - Elastic,Tack & Equipment > Martingales & Breastplates,BH10030004,Size: Pony,,,,,Wellington Warehouse,142.00,142.00,142.00,259.00,0,0,,,
1,BIN-01,1768845014309,7316632015149,Shelf 13,1,Bhoof Bit 2 Double-jointed,Tack & Equipment > Bits > English Bits,BH10120007,Size: 115 mm,,,,,Wellington Warehouse,129.00,129.00,129.00,199.00,0,0,,,
9,ROW 1 : LVL 3,1768938712711,715401610160,First Aid,3,Fura-Free Liquid for Horses,Horse Care > First Aid & Wellness > Wound Care & Topicals,61016,Size: 16 Ounces,,,,,Wellington Warehouse,8.75,8.75,8.75,12.95,0,0,,,
1,ROW 4 : LVL 4,1774281147464,252905,Supplements 2,4,Omega Alpha Chill,Horse Care > Supplements > Calming & Focus,252905,Size: Gallon,,,,,Wellington Warehouse,80.00,80.00,80.00,161.70,0,0,,,
1,BIN-01,1768845014309,7340220700278,Shelf 13,1,Bhoof Martingale 2 - Elastic,Tack & Equipment > Martingales & Breastplates,BH10030005,Size: Cob,,,,,Wellington Warehouse,142.00,142.00,142.00,259.00,0,0,,,
4,BIN 1,1776787262019,635901212513,Bits 1,1,Toklat Stainless Steel Full Cheek Corkscrew Snaffle,Tack & Equipment > Bits > English Bits,88-15327,"Size: 5 1/2""",,,,,Wellington Warehouse,25.16,25.16,25.16,44.95,0,0,,,
1,LVL 5,1771953347962,649982084594,Fly Sheets 1,5,Amigo Aussie All-Rounder,Horse Wear > Fly & Insect Control > Fly Sheets,AFRP9T-B5AE-72,Color: Navy Check/Electric Blue & Navy,Size: 72-Inch,,,,Wellington Warehouse,0.00,0.00,0.00,107.96,0,0,,,
3,BIN 1,1776787262019,635901211899,Bits 1,1,"Toklat Waterford- 3"" Rings",Tack & Equipment > Bits > English Bits,88-15125,"Size: 5""",,,,,Wellington Warehouse,20.66,20.66,20.66,35.95,0,0,,,
3,ROW 4 : LVL 3,1774281147463,00860003940877,Supplements 2,3,BC2A Paste,Horse Care > Supplements > Weight Gain & Muscle,BC2A88,Size: 88gm,,,Lot# 015023,2027-01-01,Wellington Warehouse,13.41,13.41,13.41,22.95,0,30,0.025,,
0,ROW 4 : LVL 3,1774281147463,00860003940822,Supplements 2,3,BC2A Paste,Horse Care > Supplements > Weight Gain & Muscle,BC2A55,Size: 55gm,,,,,Wellington Warehouse,10.30,10.30,10.30,19.95,0,30,,,
0,ROW 2 : LVL 1,1767888349951,726665743419,Supplements 1,1,Black As Knight Show Formula,Horse Care > Supplements > Skin & Coat,BKSHOW23LB,Size: 23 Pound,,,,,Wellington Warehouse,210.00,210.00,210.00,289.95,0,6,0.01754386,,
1,BIN 1,1776787262019,635901212490,Bits 1,1,Toklat Stainless Steel Full Cheek Corkscrew Snaffle,Tack & Equipment > Bits > English Bits,88-15325,"Size: 5""",,,,,Wellington Warehouse,25.16,25.16,25.16,44.95,0,0,0.011904762,,
13,BIN-04,1768403067588,5425030830727,Shelf 12,4,Kentucky Horsewear Wool Bandages,Tack & Equipment > Boots & Wraps > Leg Wraps,42103-01-F,Size: Full,Color: Black,,,,Wellington Warehouse,47.81,47.81,47.81,129.99,0,0,0.011235955,,
0,BIN-05,1768403067589,5407010748642,Shelf 12,5,Kentucky Horsewear Stable Bandage Wrap,Tack & Equipment > Boots & Wraps > Leg Wraps,42119-01-50X50,Size: 50 x 50cm,Color: Black,,,,Wellington Warehouse,52.15,52.15,52.15,139.99,0,0,,,
6,BIN-04,1768403067588,5425030830598,Shelf 12,4,Kentucky Horsewear Tendon Grip Sock,Tack & Equipment > Boots & Wraps > Leg Wraps,42101-01,Size: Full,Color: Black,,,,Wellington Warehouse,34.77,34.77,34.77,94.99,0,0,,,
0,BIN-02,1776354991787,851249000029,Grooming Small,2,Legends Beauty Brush,Horse Care > Grooming & Bathing > Brushes & Tools > Brushes & Combs,2202,Title: Default Title,,,,,Wellington Warehouse,0.00,9.03,18.06,27.95,0,12,,,
12,BIN-04,1768403067588,5425030830130,Shelf 12,4,Kentucky Horsewear Tendon Grip Sock,Tack & Equipment > Boots & Wraps > Leg Wraps,42101-02,Size: Full,Color: Beige,,,,Wellington Warehouse,34.77,34.77,34.77,94.99,0,0,,,
10,ROW 3 : LVL 3,1774281614628,4102460905119,Grooming/Tack Cleaner,3,Effol Lip-Balm,Rider > Accessories & Apparel > Accessories,39051100,Title: Default Title,,,,,Wellington Warehouse,2.74,2.74,2.74,5.99,0,24,,,
4,BIN-04,1768403067588,5425030830772,Shelf 12,4,Kentucky Horsewear Tendon Grip Gel Sock,Tack & Equipment > Boots & Wraps > Leg Wraps,42101-01-GEL,Size: Full,Color: Black,,,,Wellington Warehouse,34.77,34.77,34.77,94.99,0,0,0.03448276,,
2,ROW 5 : LVL 2,1769190184152,086621062900,Fly sprays,2,Flysect Super-C Repellent Concentrate,Horse Care > Fly & Insect Control > Fly Sprays & Traps,3006290,Size: 32 Ounces,,,,,Wellington Warehouse,41.32,41.32,41.32,49.95,0,0,0.026666667,,
13,ROW 1 : LVL 1,1774281650387,715401050232,Hoof/Treats,1,Finish Line Kool-Out Poultice,Horse Care > First Aid & Wellness > Poultices & Hoof Packing,05023,Size: 23lb,,,,,Wellington Warehouse,20.52,20.78,20.91,34.95,0,0,,Fri May 08 2026 20:09:06 GMT+0000 (Coordinated Universal Time),Trade Show Order #3
4,ROW 2 : LVL 3,1768938712707,694393009193,First Aid,3,Telfa Non-Adherent Dressing,Horse Care > First Aid & Wellness > First Aid Supplies,2132,Size: 3x4 Inch 100 Count,,,,,Wellington Warehouse,20.70,20.70,20.70,26.99,0,0,,,
0,BIN 1,1776787343289,7640139721426,Spurs,1,HIRZL Grippp Elite Gloves,Rider > Accessories & Apparel > Gloves,HR-72176-9,Color: Black,Size: 9,,,,Wellington Warehouse,31.45,31.45,31.45,79.99,0,0,0.05263158,,
1,BIN 1,1776787343289,7640139721457,Spurs,1,HIRZL Grippp Elite Gloves,Rider > Accessories & Apparel > Gloves,HR-72176-10.5,Color: Black,Size: 10.5,,,,Wellington Warehouse,31.45,31.45,31.45,79.99,0,0,,,
0,BIN 1,1776787343289,7640139721396,Spurs,1,HIRZL Grippp Elite Gloves,Rider > Accessories & Apparel > Gloves,HR-72176-7.5,Color: Black,Size: 7.5,,,,Wellington Warehouse,31.45,31.45,31.45,79.99,0,0,0.014084507,,
1,BIN 1,1776787343289,7640139721464,Spurs,1,HIRZL Grippp Elite Gloves,Rider > Accessories & Apparel > Gloves,HR-72176-11,Color: Black,Size: 11,,,,Wellington Warehouse,31.45,31.45,31.45,79.99,0,0,,,
0,ROW 1 : LVL 1,1774281650387,890347002238,Hoof/Treats,1,Ramard Relief Poultice,Horse Care > First Aid & Wellness > Poultices & Hoof Packing,RAM-RP5,Size: 5lb,,,,,Wellington Warehouse,22.47,22.47,22.47,36.33,0,0,,,
0,BIN 1,1776787343289,7640139721419,Spurs,1,HIRZL Grippp Elite Gloves,Rider > Accessories & Apparel > Gloves,HR-72176-8.5,Color: Black,Size: 8.5,,,,Wellington Warehouse,31.45,31.45,31.45,79.99,0,0,0.027777778,,
2,BIN 1,1776787343289,7640139728753,Spurs,1,HIRZL Grippp Elite Driver Gloves,Rider > Accessories & Apparel > Gloves,HR-72237-7.5,Color: Brown,Size: 7.5,,,,Wellington Warehouse,31.45,31.45,31.45,79.99,0,0,0.03125,,
1,BIN 1,1776787343289,7640139728838,Spurs,1,HIRZL Grippp Elite Driver Gloves,Rider > Accessories & Apparel > Gloves,HR-72237-12,Color: Brown,Size: 12,,,,Wellington Warehouse,31.45,31.45,31.45,79.99,0,0,,,
0,BIN 1,1776787343289,7640139728746,Spurs,1,HIRZL Grippp Elite Driver Gloves,Rider > Accessories & Apparel > Gloves,HR-72237-7,Color: Brown,Size: 7,,,,Wellington Warehouse,31.45,31.45,31.45,79.99,0,0,0.012987013,,
2,BIN 1,1776787343289,7640139728814,Spurs,1,HIRZL Grippp Elite Driver Gloves,Rider > Accessories & Apparel > Gloves,HR-72237-10.5,Color: Brown,Size: 10.5,,,,Wellington Warehouse,31.45,31.45,31.45,79.99,0,0,,,
0,BIN 1,1776787343289,7640139721389,Spurs,1,HIRZL Grippp Elite Gloves,Rider > Accessories & Apparel > Gloves,HR-72176-7,Color: Black,Size: 7,,,,Wellington Warehouse,31.45,31.45,31.45,79.99,0,0,,,
9,ROW 3 : LVL 3,1774281147459,860011832997,Supplements 2,3,SynNutra TryChill,Horse Care > Supplements > Calming & Focus,TC-1-1,Quantity: Single,,,Lot #625150401,2027-04-15,Wellington Warehouse,13.92,13.92,13.92,19.89,0,0,,,
1,BIN 1,1776787343289,7640139728739,Spurs,1,HIRZL Grippp Elite Driver Gloves,Rider > Accessories & Apparel > Gloves,HR-72237-6.5,Color: Brown,Size: 6.5,,,,Wellington Warehouse,31.45,31.45,31.45,79.99,0,0,,,
1,BIN 1,1776787343289,7640139721440,Spurs,1,HIRZL Grippp Elite Gloves,Rider > Accessories & Apparel > Gloves,HR-72176-10,Color: Black,Size: 10,,,,Wellington Warehouse,31.45,31.45,31.45,79.99,0,0,,,
1,BIN 1,1776787343289,7640139728760,Spurs,1,HIRZL Grippp Elite Driver Gloves,Rider > Accessories & Apparel > Gloves,HR-72237-8,Color: Brown,Size: 8,,,,Wellington Warehouse,31.45,31.45,31.45,79.99,0,0,0.03125,,
1,BIN 1,1776787343289,7640139728784,Spurs,1,HIRZL Grippp Elite Driver Gloves,Rider > Accessories & Apparel > Gloves,HR-72237-9,Color: Brown,Size: 9,,,,Wellington Warehouse,31.45,31.45,31.45,79.99,0,0,,,
1,BIN 1,1776787343289,7640139728791,Spurs,1,HIRZL Grippp Elite Driver Gloves,Rider > Accessories & Apparel > Gloves,HR-72237-9.5,Color: Brown,Size: 9.5,,,,Wellington Warehouse,31.45,31.45,31.45,79.99,0,0,,,
1,ROW 3 : LVL 3,1774281147459,,Supplements 2,3,SynNutra TryChill,Horse Care > Supplements > Calming & Focus,TC-12-1,Quantity: 12-Pack,,,Lot# 625150401,2027-04-15,Wellington Warehouse,167.08,167.08,167.08,238.68,0,0,,,
1,BIN 1,1776787343289,7640139728777,Spurs,1,HIRZL Grippp Elite Driver Gloves,Rider > Accessories & Apparel > Gloves,HR-72237-8.5,Color: Brown,Size: 8.5,,,,Wellington Warehouse,31.45,31.45,31.45,79.99,0,0,,,
0,BIN 1,1776787343289,7640139721402,Spurs,1,HIRZL Grippp Elite Gloves,Rider > Accessories & Apparel > Gloves,HR-72176-8,Color: Black,Size: 8,,,,Wellington Warehouse,31.45,31.45,31.45,79.99,0,0,,,
1,BIN 1,1776787343289,7640139721433,Spurs,1,HIRZL Grippp Elite Gloves,Rider > Accessories & Apparel > Gloves,HR-72176-9.5,Color: Black,Size: 9.5,,,,Wellington Warehouse,31.45,31.45,31.45,79.99,0,0,0.025,,
1,BIN 1,1776787343289,7640139721471,Spurs,1,HIRZL Grippp Elite Gloves,Rider > Accessories & Apparel > Gloves,HR-72176-12,Color: Black,Size: 12,,,,Wellington Warehouse,31.45,31.45,31.45,79.99,0,0,,,
0,BIN 1,1776787343289,7640139728821,Spurs,1,HIRZL Grippp Elite Driver Gloves,Rider > Accessories & Apparel > Gloves,HR-72237-11,Color: Brown,Size: 11,,,,Wellington Warehouse,31.45,31.45,31.45,79.99,0,0,,,
2,BIN-05,1773766441667,,Shelf 16,5,Equinavia Jarl Premium Breakaway Halter,Tack & Equipment > Halters & Leads > Halters > Nylon & Rope Halters,E22018-BL-XF,Color: Black,Size: Oversize,,,,Wellington Warehouse,34.20,34.20,34.20,59.99,0,0,0.01724138,,
2,BIN-04,1777314699041,"1778262437079, 1778262437079",Shelf 20,4,Mustang Browband Headstall with Tie Ends,"Tack & Equipment > Bridles, Headstalls, & Reins > Western Headstalls & Reins > Headstalls",55HDST-18,Size: Horse,,,,,Wellington Warehouse,31.50,31.50,31.50,42.00,0,0,,,
0,BIN-05,1773766441667,,Shelf 16,5,Equinavia Jarl Premium Breakaway Halter,Tack & Equipment > Halters & Leads > Halters > Nylon & Rope Halters,E22018-BL-F,Color: Black,Size: Horse,,,,Wellington Warehouse,34.20,34.20,34.20,59.99,0,0,,,
76,LVL 1,1770059667422,012891180013,Buckets,1,Fortiflex Salt Block Pan,Stable > Stable Supplies > Feed & Water Buckets,SBP-10,Title: Default Title,,,,,Wellington Warehouse,0.00,0.00,0.00,10.99,0,0,0.028571429,,
4,LVL 2,1770059717290,084369153287,Buckets,2,Plastic Hook Over Feeder,Stable > Stable Supplies > Feed & Water Buckets,HF15BLACK,Size: 15 qt,Color: Black,,,,Wellington Warehouse,0.00,0.00,0.00,19.99,0,0,,,
0,BIN 1,1776787343289,5404022032400,Spurs,1,Dy'on Straight Browband D Collection,"Tack & Equipment > Bridles, Headstalls & Reins > English Bridles & Reins > Bridle Accessories",DY02ABRC,Size: Cob,,,,,Wellington Warehouse,28.08,28.08,28.08,104.99,0,0,,,
1,BIN-05,1768845014313,5404022032400,Shelf 13,5,Dy'on Straight Browband D Collection,"Tack & Equipment > Bridles, Headstalls & Reins > English Bridles & Reins > Bridle Accessories",DY02ABRC,Size: Cob,,,,,Wellington Warehouse,28.08,28.08,28.08,104.99,0,0,,,
0,BIN 1,1776787343289,5404022032578,Spurs,1,Dy'on Flat Leather V-Shaped Browband D Collection,"Tack & Equipment > Bridles, Headstalls & Reins > English Bridles & Reins > Bridle Accessories",DY02CBRF,Size: Full,,,,,Wellington Warehouse,40.77,40.77,40.77,149.99,0,0,,,
1,BIN-05,1768845014313,5404022032578,Shelf 13,5,Dy'on Flat Leather V-Shaped Browband D Collection,"Tack & Equipment > Bridles, Headstalls & Reins > English Bridles & Reins > Bridle Accessories",DY02CBRF,Size: Full,,,,,Wellington Warehouse,40.77,40.77,40.77,149.99,0,0,,,
1,BIN 1,1776787343289,5404022032417,Spurs,1,Dy'on Straight Browband D Collection,"Tack & Equipment > Bridles, Headstalls & Reins > English Bridles & Reins > Bridle Accessories",DY02ABRF,Size: Full,,,,,Wellington Warehouse,28.08,28.08,28.08,104.99,0,0,0.030303031,,
0,BIN 1,1776787343289,5404022033896,Spurs,1,Dy'on Rope Crank Drop Noseband D Collection,"Tack & Equipment > Bridles, Headstalls & Reins > English Bridles & Reins > Bridle Accessories",DY04GBRF,Size: Full,,,,,Wellington Warehouse,41.87,41.87,41.87,159.99,0,0,,,
1,BIN-05,1768845014313,5404022090936,Shelf 13,5,Dy'on Flash Noseband with Chain,"Tack & Equipment > Bridles, Headstalls & Reins > English Bridles & Reins > Bridle Accessories",DY042BRF,Size: Full,,,,,Wellington Warehouse,66.85,66.85,66.85,249.99,0,0,,,
6,ROW 1 : LVL 1,1774281650387,5407007532445,Hoof/Treats,1,Grooming Deluxe Hoof Brush,Horse Care > Grooming & Bathing > Brushes & Tools > Hoof Picks & Hoof Brushes,82121-05,Title: Default Title,,,,,Wellington Warehouse,16.47,16.47,16.47,44.99,0,0,,,
0,ROW 1 : LVL 1,1774281650387,5407007534890,Hoof/Treats,1,Grooming Deluxe Hoof Pencil,Horse Care > Grooming & Bathing > Brushes & Tools > Hoof Picks & Hoof Brushes,82126-05,Title: Default Title,,,,,Wellington Warehouse,8.23,8.23,8.23,24.99,0,0,,,
1,BIN-05,1768845014313,5404022035715,Shelf 13,5,"Dy'on Full Leather 1/2"" Draw Reins D Collection","Tack & Equipment > Bridles, Headstalls & Reins > English Bridles & Reins > Bridle Accessories",DY08ABRP,Size: Pony,Color: Brown,,,,Wellington Warehouse,75.54,75.54,75.54,279.99,0,0,,,
4,BIN-04,1776354991789,5407007539260,Grooming Small,4,Grooming Deluxe Sheepskin Grooming Glove,Horse Care > Grooming & Bathing > Brushes & Tools > Brushes & Combs,82136-02-F,Color: Neutral,,,,,Wellington Warehouse,13.04,13.04,13.04,34.99,0,0,,,
8,ROW 3 : LVL 1,1774281147457,819743000150,Supplements 2,1,Peak Performance B.C.A.A. Complex Paste,Horse Care > Supplements > Weight Gain & Muscle,1015-PPN,Size: 80cc / 2 doses,,,Lot #2418,2027-03-01,Wellington Warehouse,13.10,13.10,13.10,18.99,0,0,0.06779661,,
5,ROW 1 : LVL 1,1774281650387,5407007534883,Hoof/Treats,1,Grooming Deluxe Hoof Pick,Horse Care > Grooming & Bathing > Brushes & Tools > Hoof Picks & Hoof Brushes,82125-05,Title: Default Title,,,,,Wellington Warehouse,16.47,16.47,16.47,44.99,0,0,0.014285714,,
0,ROW 3 : LVL 2,1774281614627,5407010749090,Grooming/Tack Cleaner,2,Grooming Deluxe Glycerine Almond Soap,Tack & Equipment > Leather Care,42421,Size: 450 ml,,,,,Wellington Warehouse,13.36,13.36,13.36,44.99,0,0,0.07692308,,
0,ROW 4 : LVL 1,1774281614631,5407010749069,Grooming/Tack Cleaner,1,Grooming Deluxe Almond Gloss Shampoo,"Horse Care > Grooming & Bathing > Shampoos, Conditioners, & Sprays > Shampoos",42417,Size: 1 Liter,,,,,Wellington Warehouse,13.36,13.36,13.36,44.99,0,0,0.04,,
2,BIN-02,1776354991787,5407008891848,Grooming Small,2,Grooming Deluxe Middle Brush Long,Horse Care > Grooming & Bathing > Brushes & Tools > Brushes & Combs,82138-05,Color: Natural,,,,,Wellington Warehouse,20.58,20.58,20.58,39.99,0,0,0.074074075,,
6,ROW 1 : LVL 3,1774281650389,5407010749120,Hoof/Treats,3,Grooming Deluxe Metal Polish & Cleaner,Tack & Equipment > Leather Care,42424,Size: 75 g,,,,,Wellington Warehouse,10.02,10.02,10.02,34.99,0,0,,,
3,ROW 3 : LVL 2,1774281614627,5407010749113,Grooming/Tack Cleaner,2,Grooming Deluxe The Original Oxfoot Oil,Tack & Equipment > Leather Care,42423,Size: 250 ml,,,,,Wellington Warehouse,12.02,12.02,12.02,44.99,0,0,,,
2,BIN-02,1776354991787,5407008891886,Grooming Small,2,Grooming Deluxe Middle Brush Long,Horse Care > Grooming & Bathing > Brushes & Tools > Brushes & Combs,82139-05,Color: Brown,,,,,Wellington Warehouse,20.58,20.58,20.58,39.99,0,0,0.055555556,,
5,ROW 1 : LVL 1,1774281650387,5407008893514,Hoof/Treats,1,Grooming Deluxe Small Hoof Pick,Horse Care > Grooming & Bathing > Brushes & Tools > Hoof Picks & Hoof Brushes,82143-05,Title: Default Title,,,,,Wellington Warehouse,12.35,12.35,12.35,34.99,0,0,,,
1,ROW 4 : LVL 1,1774281614631,5407010749144,Grooming/Tack Cleaner,1,Grooming Deluxe Almond Gloss Shampoo,"Horse Care > Grooming & Bathing > Shampoos, Conditioners, & Sprays > Shampoos",42418,Size: 5 Liter,,,,,Wellington Warehouse,40.10,40.10,40.10,134.99,0,0,1,,
6,ROW 1 : LVL 1,1774281650387,5407010746655,Hoof/Treats,1,Grooming Deluxe Hoof Pick with Metal Bristle,Horse Care > Grooming & Bathing > Brushes & Tools > Hoof Picks & Hoof Brushes,82157-05,Title: Default Title,,,,,Wellington Warehouse,16.47,16.47,16.47,44.99,0,0,,,
0,ROW 4 : LVL 1,1774281614631,5407010749083,Grooming/Tack Cleaner,1,Grooming Deluxe Almond Gloss Detangler,"Horse Care > Grooming & Bathing > Shampoos, Conditioners & Sprays > Detanglers, Shines & Sprays",42420,Size: 5L,,,,,Wellington Warehouse,46.79,46.79,46.79,159.99,0,0,0.014285714,,
12,ROW 1 : LVL 5,1768938712713,5404022090264,First Aid,5,Grooming Deluxe Zinc Spray,Horse Care > First Aid & Wellness > Wound Care & Topicals,72103,Title: Default Title,,,,,Wellington Warehouse,10.02,10.02,10.02,34.99,0,0,,,
8,ROW 1 : LVL 3,1774281650389,5425030830239,Hoof/Treats,3,Grooming Deluxe Boots Cleaner,Tack & Equipment > Boots & Wraps > Accessories,42501,Title: Default Title,,,,,Wellington Warehouse,10.02,10.02,10.02,34.99,0,0,,,
0,ROW 3 : LVL 2,1774281614627,5404022090592,Grooming/Tack Cleaner,2,Grooming Deluxe Leather Almond Care Balm,Tack & Equipment > Leather Care,72105,Title: Default Title,,,,,Wellington Warehouse,20.05,20.05,20.05,69.99,0,0,,,
4,ROW 1 : LVL 3,1774281650389,5404022090240,Hoof/Treats,3,Grooming Deluxe Equi Hoof Zinc Paste,Tack & Equipment > Boots & Wraps > Accessories,72101,Title: Default Title,,,,,Wellington Warehouse,10.02,10.02,10.02,34.99,0,0,,,
3,ROW 1 : LVL 1,1774281650387,5404022090639,Hoof/Treats,1,Grooming Deluxe Hoof Oil,Horse Care > Grooming & Bathing > Hoof Oils & Conditioner,72108-01,Color: Black,,,,,Wellington Warehouse,13.36,13.36,13.36,44.99,0,0,,,
1,ROW 1 : LVL 1,1774281650387,5404022090622,Hoof/Treats,1,Grooming Deluxe Hoof Oil,Horse Care > Grooming & Bathing > Hoof Oils & Conditioner,72108-02,Color: Natural,,,,,Wellington Warehouse,13.36,13.36,13.36,44.99,0,0,0.023529412,,
2,ROW 1 : LVL 3,1768938712711,5407010749182,First Aid,3,Grooming Deluxe Therapeutic Wool,Horse Care > First Aid & Wellness > Wound Care & Topicals,42427,Title: Default Title,,,,,Wellington Warehouse,5.34,5.34,5.34,19.99,0,0,,,
0,ROW 3 : LVL 1,1774281614626,5425030833445,Grooming/Tack Cleaner,1,Grooming Deluxe Tack Cleaner,Tack & Equipment > Leather Care,42511,Title: Default Title,,,,,Wellington Warehouse,13.36,13.36,13.36,44.99,0,0,0.02631579,,
1,BIN-03,1774887638159,5407007538577,Cavali 2,3,Kentucky Horsewear Sammy Socks,Rider > Accessories & Apparel > Socks,42206-03-41/46,Color: Navy,Size: 41/46,,,,Wellington Warehouse,13.04,13.04,13.04,39.99,0,0,,,
1,BIN-03,1774887638159,5407007538584,Cavali 2,3,Kentucky Horsewear Sammy Socks,Rider > Accessories & Apparel > Socks,42206-01-41/46,Color: Black,Size: 41/46,,,,Wellington Warehouse,13.04,13.04,13.04,39.99,0,0,,,
11,ROW 1 : LVL 3,1774281650389,5404022090899,Hoof/Treats,3,Grooming Deluxe Anti Bite Spray,Stable > Stable Supplies,72117,Title: Default Title,,,,,Wellington Warehouse,16.70,16.70,16.70,59.99,0,0,,,
2,ROW 4 : LVL 1,1774281614631,5404022090844,Grooming/Tack Cleaner,1,Grooming Deluxe Green Spot & Dust Remover,"Horse Care > Grooming & Bathing > Shampoos, Conditioners, & Sprays > Stain Removers",72112,Title: Default Title,,,,,Wellington Warehouse,13.36,13.36,13.36,44.99,0,0,0.014285714,,
1,BIN-03,1774887638159,5407007535132,Cavali 2,3,Kentucky Horsewear Sammy Socks,Rider > Accessories & Apparel > Socks,42206-03-35/40,Color: Navy,Size: 35/40,,,,Wellington Warehouse,13.04,13.04,13.04,39.99,0,0,,,
1,BIN-03,1774887638159,5407007538331,Cavali 2,3,Kentucky Horsewear Sammy Socks,Rider > Accessories & Apparel > Socks,42206-10-35/40,Color: Pink,Size: 35/40,,,,Wellington Warehouse,13.04,13.04,13.04,39.99,0,0,,,
1,BIN-03,1774887638159,5407007535699,Cavali 2,3,Kentucky Horsewear Sammy Socks,Rider > Accessories & Apparel > Socks,42206-61-35/40,Color: Light Blue,Size: 35/40,,,,Wellington Warehouse,13.04,13.04,13.04,39.99,0,0,,,
3,ROW 1 : LVL 5,1768938712713,5404022090882,First Aid,5,Grooming Deluxe Recovering Ice Gel,Horse Care > First Aid & Wellness > Liniments,72116,Title: Default Title,,,,,Wellington Warehouse,16.70,16.70,16.70,59.99,0,0,0.016949153,,
1,BIN-03,1774887638159,5407007535682,Cavali 2,3,Kentucky Horsewear Sammy Socks,Rider > Accessories & Apparel > Socks,42206-08-35/40,Color: Gray,Size: 35/40,,,,Wellington Warehouse,13.04,13.04,13.04,39.99,0,0,,,
1,BIN-03,1774887638159,5407007538591,Cavali 2,3,Kentucky Horsewear Sammy Socks,Rider > Accessories & Apparel > Socks,42206-08-41/46,Color: Gray,Size: 41/46,,,,Wellington Warehouse,13.04,13.04,13.04,39.99,0,0,,,
2,BIN-05,1767722133136,5407008896867,Shelf 6,5,Kentucky Horsewear Tendon Boots Velcro,Tack & Equipment > Boots & Wraps > Protective Boots > Front Boots,88103-05-M,Color: Brown,Size: Horse,,,,Wellington Warehouse,86.93,86.93,86.93,234.99,0,0,,,
1,BIN-03,1774887638159,5407007538607,Cavali 2,3,Kentucky Horsewear Sammy Socks,Rider > Accessories & Apparel > Socks,42206-61-41/46,Color: Light Blue,Size: 41/46,,,,Wellington Warehouse,13.04,13.04,13.04,39.99,0,0,,,
1,BIN-03,1774887638159,5407007535125,Cavali 2,3,Kentucky Horsewear Sammy Socks,Rider > Accessories & Apparel > Socks,42206-01-35/40,Color: Black,Size: 35/40,,,,Wellington Warehouse,13.04,13.04,13.04,39.99,0,0,,,
1,BIN-03,1774887638159,5407007538614,Cavali 2,3,Kentucky Horsewear Sammy Socks,Rider > Accessories & Apparel > Socks,42206-10-41/46,Color: Pink,Size: 41/46,,,,Wellington Warehouse,13.04,13.04,13.04,39.99,0,0,,,
2,BIN-05,1767722133136,5407008896850,Shelf 6,5,Kentucky Horsewear Tendon Boots Velcro,Tack & Equipment > Boots & Wraps > Protective Boots > Front Boots,88103-01-M,Color: Black,Size: Horse,,,,Wellington Warehouse,86.93,86.93,86.93,234.99,0,0,,,
1,BIN-03,1774887638159,5407008893071,Cavali 2,3,Kentucky Horsewear Glitter Socks,Rider > Accessories & Apparel > Socks,42702-08-35/40,Color: Gray,Size: 35/40,,,,Wellington Warehouse,13.04,13.04,13.04,39.99,0,0,,,
1,BIN-03,1774887638159,5407008893163,Cavali 2,3,Kentucky Horsewear Glitter Socks,Rider > Accessories & Apparel > Socks,42702-74-41/46,Color: Pine Green,Size: 41/46,,,,Wellington Warehouse,13.04,13.04,13.04,39.99,0,0,,,
1,BIN-03,1774887638159,5407007538423,Cavali 2,3,Kentucky Horsewear Socks,Rider > Accessories & Apparel > Socks,42208-61-35/40,Color: Light Blue,Size: 35/40,,,,Wellington Warehouse,13.04,13.04,13.04,39.99,0,0,,,
1,BIN-03,1774887638159,5407008893088,Cavali 2,3,Kentucky Horsewear Glitter Socks,Rider > Accessories & Apparel > Socks,42702-50-35/40,Color: Soft Rose,Size: 35/40,,,,Wellington Warehouse,13.04,13.04,13.04,39.99,0,0,,,
1,BIN-03,1774887638159,5407008893156,Cavali 2,3,Kentucky Horsewear Glitter Socks,Rider > Accessories & Apparel > Socks,42702-50-41/46,Color: Soft Rose,Size: 41/46,,,,Wellington Warehouse,13.04,13.04,13.04,39.99,0,0,,,
0,BIN-03,1774887638159,5407008893040,Cavali 2,3,Kentucky Horsewear Glitter Socks,Rider > Accessories & Apparel > Socks,42702-01-35/40,Color: Black,Size: 35/40,,,,Wellington Warehouse,13.04,13.04,13.04,39.99,0,0,,,
4,Grid wall,1770916055031,5407008899448,Girths,1,Kentucky Horsewear Sunglasses,Rider > Accessories & Apparel > Accessories,42804-01,Type: La Paz,,,,,Wellington Warehouse,104.32,104.32,104.32,269.99,0,0,,,
0,BIN-03,1774887638159,5407008893101,Cavali 2,3,Kentucky Horsewear Glitter Socks,Rider > Accessories & Apparel > Socks,42702-03-41/46,Color: Navy,Size: 41/46,,,,Wellington Warehouse,13.04,13.04,13.04,39.99,0,0,0.012048192,,
1,BIN-03,1774887638159,5407008893125,Cavali 2,3,Kentucky Horsewear Glitter Socks,Rider > Accessories & Apparel > Socks,42702-32-41/46,Color: Beige,Size: 41/46,,,,Wellington Warehouse,13.04,13.04,13.04,39.99,0,0,,,
10,Other,1777650559284,5404022089886,C,1,Grooming Deluxe Baseball Cap,Rider > Accessories & Apparel > Hats,42732-05-F,Color: Brown,,,,,Wellington Warehouse,26.08,26.08,26.08,69.99,0,0,,,
0,BIN-03,1774887638159,5407007538409,Cavali 2,3,Kentucky Horsewear Socks,Rider > Accessories & Apparel > Socks,42208-10-41/46,Color: Pink,Size: 41/46,,,,Wellington Warehouse,13.04,13.04,13.04,39.99,0,0,,,
0,BIN-03,1774887638159,5407007538416,Cavali 2,3,Kentucky Horsewear Socks,Rider > Accessories & Apparel > Socks,42208-61-41/46,Color: Light Blue,Size: 41/46,,,,Wellington Warehouse,13.04,13.04,13.04,39.99,0,0,,,
1,BIN-03,1774887638159,5407008893064,Cavali 2,3,Kentucky Horsewear Glitter Socks,Rider > Accessories & Apparel > Socks,42702-74-35/40,Color: Pine Green,Size: 35/40,,,,Wellington Warehouse,13.04,13.04,13.04,39.99,0,0,,,
7,Other,1777650559284,5404022089893,C,1,Grooming Deluxe Baseball Cap,Rider > Accessories & Apparel > Hats,42732-01-F,Color: Black,,,,,Wellington Warehouse,26.08,26.08,26.08,69.99,0,0,,,
4,Grid wall,1770916055031,5407008899431,Girths,1,Kentucky Horsewear Sunglasses,Rider > Accessories & Apparel > Accessories,42804-05,Type: Adele,,,,,Wellington Warehouse,104.32,104.32,104.32,269.99,0,0,,,
4,LVL 4,1770051152413,5407007535101,Saddle Pads 1,4,Kentucky Horsewear Fishbone Saddle Pad with Numbers,Tack & Equipment > English Saddle Pads > All Purpose & Hunter/Jumper Saddle Pads,42582-03-SJ,Color: Navy,,,,,Wellington Warehouse,91.28,91.28,91.28,249.99,0,0,,,
4,LVL 4,1770051152413,5407007535118,Saddle Pads 1,4,Kentucky Horsewear Fishbone Saddle Pad with Numbers,Tack & Equipment > English Saddle Pads > All Purpose & Hunter/Jumper Saddle Pads,42582-02-SJ,Color: White,,,,,Wellington Warehouse,91.28,91.28,91.28,249.99,0,0,,,
5,BIN-04,1776354991789,"5407010741322, 5407010741322",Grooming Small,4,Kentucky Horsewear Sammy Towel,Rider > Accessories & Apparel > Accessories,42117-01,Color: Black,Size: 35x34 cm,,,,Wellington Warehouse,4.34,4.34,4.34,14.99,0,0,,,
0,BIN-03,1774887638159,5407008894405,Cavali 2,3,Kentucky Horsewear Socks Set of 3,Rider > Accessories & Apparel > Socks,42705-01-41/46,Color: Black,Size: 41/46,,,,Wellington Warehouse,30.42,30.42,30.42,84.99,0,0,0.023809524,,
0,BIN-03,1774887638159,5407008893057,Cavali 2,3,Kentucky Horsewear Glitter Socks,Rider > Accessories & Apparel > Socks,42702-32-35/40,Color: Beige,Size: 35/40,,,,Wellington Warehouse,13.04,13.04,13.04,39.99,0,0,,,
1,BIN-03,1774887638159,5407008893149,Cavali 2,3,Kentucky Horsewear Glitter Socks,Rider > Accessories & Apparel > Socks,42702-08-41/46,Color: Gray,Size: 41/46,,,,Wellington Warehouse,13.04,13.04,13.04,39.99,0,0,,,
0,BIN-03,1774887638159,5407008894375,Cavali 2,3,Kentucky Horsewear Socks Set of 3,Rider > Accessories & Apparel > Socks,42705-03-41/46,Color: Navy,Size: 41/46,,,,Wellington Warehouse,30.42,30.42,30.42,84.99,0,0,0.013157895,,
0,BIN-03,1774887638159,5407008894382,Cavali 2,3,Kentucky Horsewear Socks Set of 3,Rider > Accessories & Apparel > Socks,42705-03-35/40,Color: Navy,Size: 35/40,,,,Wellington Warehouse,30.42,30.42,30.42,84.99,0,0,0.025641026,,
0,BIN-03,1774887638159,5407008893132,Cavali 2,3,Kentucky Horsewear Glitter Socks,Rider > Accessories & Apparel > Socks,42702-03-35/40,Color: Navy,Size: 35/40,,,,Wellington Warehouse,13.04,13.04,13.04,39.99,0,0,,,
1,BIN-03,1774887638159,5407007538430,Cavali 2,3,Kentucky Horsewear Socks,Rider > Accessories & Apparel > Socks,42208-10-35/40,Color: Pink,Size: 35/40,,,,Wellington Warehouse,13.04,13.04,13.04,39.99,0,0,,,
6,Other,1777650559284,5404022089923,C,1,Grooming Deluxe Baseball Cap,Rider > Accessories & Apparel > Hats,42732-32-F,Color: Beige,,,,,Wellington Warehouse,26.08,26.08,26.08,69.99,0,0,,,
0,BIN-03,1774887638159,5407008894399,Cavali 2,3,Kentucky Horsewear Socks Set of 3,Rider > Accessories & Apparel > Socks,42705-01-35/40,Color: Black,Size: 35/40,,,,Wellington Warehouse,30.42,30.42,30.42,84.99,0,0,0.025,,
4,Grid wall,1770916055031,5407008899417,Girths,1,Kentucky Horsewear Sunglasses,Rider > Accessories & Apparel > Accessories,42804-55,Type: Alvin,,,,,Wellington Warehouse,104.32,104.32,104.32,269.99,0,0,,,
4,LVL 4,1770051152413,5407007535095,Saddle Pads 1,4,Kentucky Horsewear Fishbone Saddle Pad with Numbers,Tack & Equipment > English Saddle Pads > All Purpose & Hunter/Jumper Saddle Pads,42582-01-SJ,Color: Black,,,,,Wellington Warehouse,91.28,91.28,91.28,249.99,0,0,,,
1,BIN-03,1777314709513,5407010747430,Shelf 21,3,Kentucky Horsewear Wellington Ear Bonnet,Tack & Equipment > Ear Plugs & Bonnets > Bonnets,42608-01-L,Size: Oversized,Color: Black,,,,Wellington Warehouse,52.16,52.16,52.16,149.99,0,0,,,
4,BIN-04,1767452692385,5404022000973,Shelf 2,4,Kentucky Horsewear Anti Fly Nose Net,Horse Wear > Fly & Insect Control > Fly Masks,42663-01-M,Size: Cob,Color: Black,,,,Wellington Warehouse,13.03,13.03,13.03,39.99,0,0,0.023255814,,
0,ROW 3 : LVL 2,1774281614627,5404022092411,Grooming/Tack Cleaner,2,Grooming Deluxe Leather Almond Care Oil,Tack & Equipment > Leather Care,72119,Title: Default Title,,,,,Wellington Warehouse,10.02,10.02,10.02,34.99,0,0,0.051282052,,
1,BIN-03,1777314709513,5425030837245,Shelf 21,3,Kentucky Horsewear Wellington Stone & Pearl Ear Bonnet,Tack & Equipment > Ear Plugs & Bonnets > Bonnets,42614-33-F,Size: Full,Color: Navy,,,,Wellington Warehouse,69.55,69.55,69.55,189.99,0,0,,,
2,BIN-03,1777314709513,5425030837382,Shelf 21,3,Kentucky Horsewear Wellington Stone & Pearl Long Ear Bonnet,Tack & Equipment > Ear Plugs & Bonnets > Bonnets,42616-33-F,Size: Full,Color: Navy,,,,Wellington Warehouse,69.55,69.55,69.55,189.99,0,0,,,
1,BIN-03,1777314709513,5407010747454,Shelf 21,3,Kentucky Horsewear Wellington Ear Bonnet,Tack & Equipment > Ear Plugs & Bonnets > Bonnets,42608-33-L,Size: Oversized,Color: Navy,,,,Wellington Warehouse,52.16,52.16,52.16,149.99,0,0,,,
5,BIN-04,1767452692385,5404022088803,Shelf 2,4,Kentucky Horsewear Fly Mask Slim Fit With Ears,Horse Wear > Fly & Insect Control > Fly Masks,42604-32-COB,Size: Cob,Color: Beige,,,,Wellington Warehouse,43.47,43.47,43.47,124.99,0,0,0.05263158,,
6,BIN-04,1767452692385,5404022000980,Shelf 2,4,Kentucky Horsewear Anti Fly Nose Net,Horse Wear > Fly & Insect Control > Fly Masks,42663-05-M,Size: Cob,Color: Brown,,,,Wellington Warehouse,13.03,13.03,13.03,39.99,0,0,,,
2,BIN-03,1777314709513,5407007534845,Shelf 21,3,Kentucky Horsewear Wellington Stone & Pearl Ear Bonnet,Tack & Equipment > Ear Plugs & Bonnets > Bonnets,42614-01-C,Size: Cob,Color: Black,,,,Wellington Warehouse,69.55,69.55,69.55,189.99,0,0,,,
6,BIN-04,1767452692385,5407010746686,Shelf 2,4,Kentucky Horsewear Anti Fly Nose Net,Horse Wear > Fly & Insect Control > Fly Masks,42663-08-F,Size: Full,Color: Gray,,,,Wellington Warehouse,13.03,13.03,13.03,39.99,0,0,,,
1,BIN-03,1777314709513,5425030833667,Shelf 21,3,Kentucky Horsewear Wellington Ear Bonnet,Tack & Equipment > Ear Plugs & Bonnets > Bonnets,42608-33-F,Size: Full,Color: Navy,,,,Wellington Warehouse,52.16,52.16,52.16,149.99,0,0,,,
0,BIN-03,1777314709513,5425030837283,Shelf 21,3,Kentucky Horsewear Wellington Stone & Pearl Soundless Ear Bonnet,Tack & Equipment > Ear Plugs & Bonnets > Bonnets,42615-33-F,Size: Full,Color: Navy,,,,Wellington Warehouse,73.89,73.89,73.89,204.99,0,0,0.032258064,,
6,BIN-04,1767452692385,5404022000997,Shelf 2,4,Kentucky Horsewear Anti Fly Nose Net,Horse Wear > Fly & Insect Control > Fly Masks,42663-08-M,Size: Cob,Color: Gray,,,,Wellington Warehouse,13.03,13.03,13.03,39.99,0,0,,,
1,BIN-03,1777314709513,5425030837290,Shelf 21,3,Kentucky Horsewear Wellington Stone & Pearl Soundless Ear Bonnet,Tack & Equipment > Ear Plugs & Bonnets > Bonnets,42615-05-F,Size: Full,Color: Brown,,,,Wellington Warehouse,73.89,73.89,73.89,204.99,0,0,,,
1,BIN-03,1777314709513,5425030837405,Shelf 21,3,Kentucky Horsewear Wellington Stone & Pearl Long Ear Bonnet,Tack & Equipment > Ear Plugs & Bonnets > Bonnets,42616-08-F,Size: Full,Color: Grey,,,,Wellington Warehouse,69.55,69.55,69.55,189.99,0,0,,,
2,BIN-03,1777314709513,5407007534852,Shelf 21,3,Kentucky Horsewear Wellington Stone & Pearl Ear Bonnet,Tack & Equipment > Ear Plugs & Bonnets > Bonnets,42614-33-C,Size: Cob,Color: Navy,,,,Wellington Warehouse,69.55,69.55,69.55,189.99,0,0,,,
4,BIN-04,1767452692385,5407010746662,Shelf 2,4,Kentucky Horsewear Anti Fly Nose Net,Horse Wear > Fly & Insect Control > Fly Masks,42663-01-F,Size: Full,Color: Black,,,,Wellington Warehouse,13.03,13.03,13.03,39.99,0,0,,,
1,BIN-03,1777314709513,5407010747485,Shelf 21,3,Kentucky Horsewear Wellington Soundless Ear Bonnet,Tack & Equipment > Ear Plugs & Bonnets > Bonnets,42609-33-L,Size: Oversized,Color: Navy,,,,Wellington Warehouse,56.51,56.51,56.51,159.99,0,0,,,
0,BIN-03,1777314709513,5425030833674,Shelf 21,3,Kentucky Horsewear Wellington Soundless Ear Bonnet,Tack & Equipment > Ear Plugs & Bonnets > Bonnets,42609-33-F,Size: Full,Color: Navy,,,,Wellington Warehouse,56.51,56.51,56.51,159.99,0,0,0.035714287,,
1,BIN-03,1777314709513,5407007534876,Shelf 21,3,Kentucky Horsewear Wellington Ear Bonnet,Tack & Equipment > Ear Plugs & Bonnets > Bonnets,42608-33-C,Size: Cob,Color: Navy,,,,Wellington Warehouse,52.16,52.16,52.16,149.99,0,0,,,
1,BIN-03,1777314709513,5407007534869,Shelf 21,3,Kentucky Horsewear Wellington Ear Bonnet,Tack & Equipment > Ear Plugs & Bonnets > Bonnets,42608-01-C,Size: Cob,Color: Black,,,,Wellington Warehouse,52.16,52.16,52.16,149.99,0,0,,,
2,ROW 4 : LVL 1,1774281614631,5404022092404,Grooming/Tack Cleaner,1,Grooming Deluxe Allmond Gloss Purple Shampoo,"Horse Care > Grooming & Bathing > Shampoos, Conditioners, & Sprays > Shampoos",72118,Title: Default Title,,,,,Wellington Warehouse,10.02,10.02,10.02,44.99,0,0,0.06896552,,
6,BIN-04,1767452692385,5407010746679,Shelf 2,4,Kentucky Horsewear Anti Fly Nose Net,Horse Wear > Fly & Insect Control > Fly Masks,42663-05-F,Size: Full,Color: Brown,,,,Wellington Warehouse,13.03,13.03,13.03,39.99,0,0,,,
1,BIN-03,1777314709513,5425030837306,Shelf 21,3,Kentucky Horsewear Wellington Stone & Pearl Soundless Ear Bonnet,Tack & Equipment > Ear Plugs & Bonnets > Bonnets,42615-08-F,Size: Full,Color: Grey,,,,Wellington Warehouse,73.89,73.89,73.89,204.99,0,0,,,
1,BIN-03,1777314709513,5425030837269,Shelf 21,3,Kentucky Horsewear Wellington Stone & Pearl Ear Bonnet,Tack & Equipment > Ear Plugs & Bonnets > Bonnets,42614-08-F,Size: Full,Color: Grey,,,,Wellington Warehouse,69.55,69.55,69.55,189.99,0,0,0.030303031,,
2,BIN-03,1777314709513,5425030837399,Shelf 21,3,Kentucky Horsewear Wellington Stone & Pearl Long Ear Bonnet,Tack & Equipment > Ear Plugs & Bonnets > Bonnets,42616-05-F,Size: Full,Color: Brown,,,,Wellington Warehouse,69.55,69.55,69.55,189.99,0,0,,,
2,BIN-03,1777314709513,5425030837238,Shelf 21,3,Kentucky Horsewear Wellington Stone & Pearl Ear Bonnet,Tack & Equipment > Ear Plugs & Bonnets > Bonnets,42614-01-F,Size: Full,Color: Black,,,,Wellington Warehouse,69.55,69.55,69.55,189.99,0,0,,,
2,BIN-03,1777314709513,5425030833407,Shelf 21,3,Kentucky Horsewear Wellington Soundless Ear Bonnet,Tack & Equipment > Ear Plugs & Bonnets > Bonnets,42609-05-F,Size: Full,Color: Brown,,,,Wellington Warehouse,56.51,56.51,56.51,159.99,0,0,,,
1,BIN-03,1777314709513,5407010740905,Shelf 21,3,Kentucky Horsewear Wellington Soundless Ear Bonnet,Tack & Equipment > Ear Plugs & Bonnets > Bonnets,42609-01-C,Size: Cob,Color: Black,,,,Wellington Warehouse,56.51,56.51,56.51,159.99,0,0,,,
2,BIN-03,1777314709513,5407010747478,Shelf 21,3,Kentucky Horsewear Wellington Soundless Ear Bonnet,Tack & Equipment > Ear Plugs & Bonnets > Bonnets,42609-05-L,Size: Oversized,Color: Brown,,,,Wellington Warehouse,56.51,56.51,56.51,159.99,0,0,,,
6,BIN-04,1767452692385,5425030835913,Shelf 2,4,Kentucky Horsewear Fly Mask Slim Fit With Ears,Horse Wear > Fly & Insect Control > Fly Masks,42604-01-COB,Size: Cob,Color: Black,,,,Wellington Warehouse,43.47,43.47,43.47,124.99,0,0,,,
2,BIN-03,1777314709513,5425030833377,Shelf 21,3,Kentucky Horsewear Wellington Ear Bonnet,Tack & Equipment > Ear Plugs & Bonnets > Bonnets,42608-05-F,Size: Full,Color: Brown,,,,Wellington Warehouse,52.16,52.16,52.16,149.99,0,0,,,
2,BIN-03,1777314709513,5425030837375,Shelf 21,3,Kentucky Horsewear Wellington Stone & Pearl Long Ear Bonnet,Tack & Equipment > Ear Plugs & Bonnets > Bonnets,42616-01-F,Size: Full,Color: Black,,,,Wellington Warehouse,69.55,69.55,69.55,189.99,0,0,,,
1,BIN-03,1777314709513,5407010740912,Shelf 21,3,Kentucky Horsewear Wellington Soundless Ear Bonnet,Tack & Equipment > Ear Plugs & Bonnets > Bonnets,42609-33-C,Size: Cob,Color: Navy,,,,Wellington Warehouse,56.51,56.51,56.51,159.99,0,0,0.024390243,,
2,BIN-03,1777314709513,5407010747461,Shelf 21,3,Kentucky Horsewear Wellington Soundless Ear Bonnet,Tack & Equipment > Ear Plugs & Bonnets > Bonnets,42609-01-L,Size: Oversized,Color: Black,,,,Wellington Warehouse,56.51,56.51,56.51,159.99,0,0,,,
1,BIN-03,1777314709513,5407010743852,Shelf 21,3,Kentucky Horsewear Wellington Wave Ear Soundless Bonnet,Tack & Equipment > Ear Plugs & Bonnets > Bonnets,42656-05-F,Size: Full,Color: Brown,,,,Wellington Warehouse,56.50,56.50,56.50,159.99,0,0,,,
1,BIN-03,1777314709513,5407008892241,Shelf 21,3,Kentucky Horsewear Wellington Velvet & Pearl Ear Bonnet,Tack & Equipment > Ear Plugs & Bonnets > Bonnets,42629-32-F,Size: Full,Color: Beige,,,,Wellington Warehouse,69.55,69.55,69.55,149.99,0,0,,,
1,BIN-03,1777314709513,5407010743814,Shelf 21,3,Kentucky Horsewear Wellington Wave Ear Bonnet,Tack & Equipment > Ear Plugs & Bonnets > Bonnets,42655-01-F,Size: Full,Color: Black,,,,Wellington Warehouse,52.16,52.16,52.16,149.99,0,0,,,
1,BIN-03,1777314709513,5407010744354,Shelf 21,3,Kentucky Horsewear Wellington 3D Logo Ear Bonnet,Tack & Equipment > Ear Plugs & Bonnets > Bonnets,42657-32-F,Size: Full,Color: Beige,,,,Wellington Warehouse,52.14,52.14,52.14,149.99,0,0,,,
1,BIN-03,1777314709513,5407010744347,Shelf 21,3,Kentucky Horsewear Wellington 3D Logo Ear Bonnet,Tack & Equipment > Ear Plugs & Bonnets > Bonnets,42657-74-F,Size: Full,Color: Pine Green,,,,Wellington Warehouse,52.14,52.14,52.14,149.99,0,0,,,
1,BIN-03,1777314709513,5407008892289,Shelf 21,3,Kentucky Horsewear Wellington Velvet & Pearl Ear Bonnet,Tack & Equipment > Ear Plugs & Bonnets > Bonnets,42629-50-F,Size: Full,Color: Soft Rose,,,,Wellington Warehouse,69.55,69.55,69.55,149.99,0,0,,,
1,BIN-03,1777314709513,5407008896447,Shelf 21,3,Kentucky Horsewear Wellington Big Stone & Pearl Ear Bonnet,Tack & Equipment > Ear Plugs & Bonnets > Bonnets,42634-33-F,Size: Full,Color: Navy,,,,Wellington Warehouse,33.33,33.33,33.33,189.99,0,0,,,
1,BIN-03,1777314709513,5407008892265,Shelf 21,3,Kentucky Horsewear Wellington Velvet & Pearl Ear Bonnet,Tack & Equipment > Ear Plugs & Bonnets > Bonnets,42629-03-F,Size: Full,Color: Navy,,,,Wellington Warehouse,69.55,69.55,69.55,149.99,0,0,,,
2,BIN-03,1777314709513,5425030837443,Shelf 21,3,Kentucky Horsewear Wellington Stone & Pearl Long Ear Soundless Bonnet,Tack & Equipment > Ear Plugs & Bonnets > Bonnets,42617-08-F,Size: Full,Color: Grey,,,,Wellington Warehouse,73.89,73.89,73.89,204.99,0,0,,,
1,BIN-03,1777314709513,5425030837429,Shelf 21,3,Kentucky Horsewear Wellington Stone & Pearl Long Ear Soundless Bonnet,Tack & Equipment > Ear Plugs & Bonnets > Bonnets,42617-33-F,Size: Full,Color: Navy,,,,Wellington Warehouse,73.89,73.89,73.89,204.99,0,0,,,
1,BIN-03,1777314709513,5407010743821,Shelf 21,3,Kentucky Horsewear Wellington Wave Ear Bonnet,Tack & Equipment > Ear Plugs & Bonnets > Bonnets,42655-33-F,Size: Full,Color: Navy,,,,Wellington Warehouse,52.16,52.16,52.16,149.99,0,0,,,
2,BIN-03,1777314709513,5407008896461,Shelf 21,3,Kentucky Horsewear Wellington Big Stone & Pearl Ear Soundless Bonnet,Tack & Equipment > Ear Plugs & Bonnets > Bonnets,42635-01-F,Size: Full,Color: Black,,,,Wellington Warehouse,73.89,73.89,73.89,204.99,0,0,,,
1,BIN-03,1777314709513,5407010743838,Shelf 21,3,Kentucky Horsewear Wellington Wave Ear Bonnet,Tack & Equipment > Ear Plugs & Bonnets > Bonnets,42655-05-F,Size: Full,Color: Brown,,,,Wellington Warehouse,52.16,52.16,52.16,149.99,0,0,,,
2,BIN-03,1777314709513,5425030837436,Shelf 21,3,Kentucky Horsewear Wellington Stone & Pearl Long Ear Soundless Bonnet,Tack & Equipment > Ear Plugs & Bonnets > Bonnets,42617-05-F,Size: Full,Color: Brown,,,,Wellington Warehouse,73.89,73.89,73.89,204.99,0,0,,,
1,BIN-03,1777314709513,5407010744323,Shelf 21,3,Kentucky Horsewear Wellington 3D Logo Ear Bonnet,Tack & Equipment > Ear Plugs & Bonnets > Bonnets,42657-01-F,Size: Full,Color: Black,,,,Wellington Warehouse,52.14,52.14,52.14,149.99,0,0,,,
1,BIN-03,1777314709513,5407010744392,Shelf 21,3,Kentucky Horsewear Wellington 3D Logo Soundless Ear Bonnet,Tack & Equipment > Ear Plugs & Bonnets > Bonnets,42658-32-F,Size: Full,Color: Beige,,,,Wellington Warehouse,56.50,56.50,56.50,159.99,0,0,,,
1,BIN-03,1777314709513,5407008892258,Shelf 21,3,Kentucky Horsewear Wellington Velvet & Pearl Ear Bonnet,Tack & Equipment > Ear Plugs & Bonnets > Bonnets,42629-01-F,Size: Full,Color: Black,,,,Wellington Warehouse,69.55,69.55,69.55,149.99,0,0,,,
2,BIN-03,1777314709513,5425030837412,Shelf 21,3,Kentucky Horsewear Wellington Stone & Pearl Long Ear Soundless Bonnet,Tack & Equipment > Ear Plugs & Bonnets > Bonnets,42617-01-F,Size: Full,Color: Black,,,,Wellington Warehouse,73.89,73.89,73.89,204.99,0,0,,,
2,BIN-03,1777314709513,5407008896454,Shelf 21,3,Kentucky Horsewear Wellington Big Stone & Pearl Ear Soundless Bonnet,Tack & Equipment > Ear Plugs & Bonnets > Bonnets,42635-33-F,Size: Full,Color: Navy,,,,Wellington Warehouse,73.89,73.89,73.89,204.99,0,0,,,
1,BIN-03,1777314709513,5407010744330,Shelf 21,3,Kentucky Horsewear Wellington 3D Logo Ear Bonnet,Tack & Equipment > Ear Plugs & Bonnets > Bonnets,42657-03-F,Size: Full,Color: Navy,,,,Wellington Warehouse,52.14,52.14,52.14,149.99,0,0,,,
1,BIN-03,1777314709513,5407010744477,Shelf 21,3,Kentucky Horsewear Wellington 3D Logo Soundless Ear Bonnet,Tack & Equipment > Ear Plugs & Bonnets > Bonnets,42658-01-F,Size: Full,Color: Black,,,,Wellington Warehouse,56.50,56.50,56.50,159.99,0,0,,,
2,BIN-03,1777314709513,5407008896430,Shelf 21,3,Kentucky Horsewear Wellington Big Stone & Pearl Ear Bonnet,Tack & Equipment > Ear Plugs & Bonnets > Bonnets,42634-01-F,Size: Full,Color: Black,,,,Wellington Warehouse,33.33,33.33,33.33,189.99,0,0,,,
1,BIN-03,1777314709513,5407010740974,Shelf 21,3,Kentucky Horsewear Wellington Velvet Ear Bonnet,Tack & Equipment > Ear Plugs & Bonnets > Bonnets,42626-71-C,Size: Cob,Color: Emerald,,,,Wellington Warehouse,52.16,52.16,52.16,149.99,0,0,,,
1,BIN-03,1777314709513,5407010743845,Shelf 21,3,Kentucky Horsewear Wellington Wave Ear Soundless Bonnet,Tack & Equipment > Ear Plugs & Bonnets > Bonnets,42656-33-F,Size: Full,Color: Navy,,,,Wellington Warehouse,56.50,56.50,56.50,159.99,0,0,,,
1,BIN-03,1777314709513,5407008892272,Shelf 21,3,Kentucky Horsewear Wellington Velvet & Pearl Ear Bonnet,Tack & Equipment > Ear Plugs & Bonnets > Bonnets,42629-74-F,Size: Full,Color: Pine Green,,,,Wellington Warehouse,69.55,69.55,69.55,149.99,0,0,,,
1,BIN-03,1777314709513,5407010744378,Shelf 21,3,Kentucky Horsewear Wellington 3D Logo Soundless Ear Bonnet,Tack & Equipment > Ear Plugs & Bonnets > Bonnets,42658-03-F,Size: Full,Color: Navy,,,,Wellington Warehouse,56.50,56.50,56.50,159.99,0,0,,,
5,Grid wall,1770916055031,5404022088988,Girths,1,Kentucky Horsewear Anatomic Stud Girth,Tack & Equipment > Girths & Cinches > English Girths > Hunter/Jumper Girths,42432-05-130,Size: 52-Inch,Color: Brown,,,,Wellington Warehouse,173.87,173.87,173.87,449.99,0,0,,,
1,BIN-02,1773766480615,5407008897963,Shelf 17,2,Kentucky Horsewear Plaited Nylon Halter,Tack & Equipment > Halters & Leads > Halters > Nylon & Rope Halters,42516-61-COB,Size: Cob,Color: Light Blue,,,,Wellington Warehouse,65.20,65.20,65.20,179.99,0,0,,,
5,Grid wall,1770916055031,5404022089039,Girths,1,Kentucky Horsewear Anatomic Sheepskin Stud Girth,Tack & Equipment > Girths & Cinches > English Girths > Hunter/Jumper Girths,42433-05-125,Size: 50-Inch,Color: Brown,,,,Wellington Warehouse,213.00,213.00,213.00,559.99,0,0,,,
1,BIN-02,1773766480615,5407007531967,Shelf 17,2,Kentucky Horsewear Plaited Nylon Halter,Tack & Equipment > Halters & Leads > Halters > Nylon & Rope Halters,42516-08-COB,Size: Cob,Color: Grey,,,,Wellington Warehouse,65.20,65.20,65.20,179.99,0,0,,,
2,BIN-02,1773766480615,5425030837894,Shelf 17,2,Kentucky Horsewear Plaited Nylon Halter,Tack & Equipment > Halters & Leads > Halters > Nylon & Rope Halters,42516-74-F,Size: Full,Color: Olive Green,,,,Wellington Warehouse,65.20,65.20,65.20,179.99,0,0,,,
5,BIN-02,1773766480615,5425030835074,Shelf 17,2,Kentucky Horsewear Plaited Nylon Halter,Tack & Equipment > Halters & Leads > Halters > Nylon & Rope Halters,42516-03-F,Size: Full,Color: Navy,,,,Wellington Warehouse,65.20,65.20,65.20,179.99,0,0,,,
2,BIN-02,1773766480615,5407007531950,Shelf 17,2,Kentucky Horsewear Plaited Nylon Halter,Tack & Equipment > Halters & Leads > Halters > Nylon & Rope Halters,42516-08-F,Size: Full,Color: Grey,,,,Wellington Warehouse,65.20,65.20,65.20,179.99,0,0,,,
5,Grid wall,1770916055031,5404022088995,Girths,1,Kentucky Horsewear Anatomic Stud Girth,Tack & Equipment > Girths & Cinches > English Girths > Hunter/Jumper Girths,42432-05-135,Size: 54-Inch,Color: Brown,,,,Wellington Warehouse,173.87,173.87,173.87,449.99,0,0,,,
2,BIN-02,1773766480615,5407008897932,Shelf 17,2,Kentucky Horsewear Plaited Nylon Halter,Tack & Equipment > Halters & Leads > Halters > Nylon & Rope Halters,42516-45-F,Size: Full,Color: Orange,,,,Wellington Warehouse,65.20,65.20,65.20,179.99,0,0,,,
1,Grid wall,1770916055031,5404022089046,Girths,1,Kentucky Horsewear Anatomic Sheepskin Stud Girth,Tack & Equipment > Girths & Cinches > English Girths > Hunter/Jumper Girths,42433-05-130,Size: 52-Inch,Color: Brown,,,,Wellington Warehouse,213.00,213.00,213.00,559.99,0,0,,,
4,BIN-02,1773766441664,5407007532261,Shelf 16,2,Kentucky Horsewear Leather Halter with Sheepskin,Tack & Equipment > Halters & Leads > Halters > Leather Halters,42541-05-P,Size: Pony,,,,,Wellington Warehouse,65.20,65.20,65.20,179.99,0,0,,,
0,BIN-02,1773766480615,5407008897970,Shelf 17,2,Kentucky Horsewear Plaited Nylon Halter,Tack & Equipment > Halters & Leads > Halters > Nylon & Rope Halters,42516-32-F,Size: Full,Color: Beige,,,,Wellington Warehouse,65.20,65.20,65.20,179.99,0,0,0.0625,,
1,BIN-02,1773766480615,5407008897949,Shelf 17,2,Kentucky Horsewear Plaited Nylon Halter,Tack & Equipment > Halters & Leads > Halters > Nylon & Rope Halters,42516-45-COB,Size: Cob,Color: Orange,,,,Wellington Warehouse,65.20,65.20,65.20,179.99,0,0,,,
2,BIN-02,1773766480615,5425030836743,Shelf 17,2,Kentucky Horsewear Plaited Nylon Halter,Tack & Equipment > Halters & Leads > Halters > Nylon & Rope Halters,42516-17-F,Size: Full,Color: Bordeaux,,,,Wellington Warehouse,65.20,65.20,65.20,179.99,0,0,,,
6,BIN-02,1773766480615,"5407007537990, 5407007537990",Shelf 17,2,Kentucky Horsewear Plaited Nylon Halter,Tack & Equipment > Halters & Leads > Halters > Nylon & Rope Halters,42516-01-F,Size: Full,Color: Black,,,,Wellington Warehouse,65.20,65.20,65.20,179.99,0,0,,,
0,BIN-02,1773766480615,5407008897987,Shelf 17,2,Kentucky Horsewear Plaited Nylon Halter,Tack & Equipment > Halters & Leads > Halters > Nylon & Rope Halters,42516-32-COB,Size: Cob,Color: Beige,,,,Wellington Warehouse,65.20,65.20,65.20,179.99,0,0,0.083333336,,
1,BIN-02,1773766480615,5425030835616,Shelf 17,2,Kentucky Horsewear Plaited Nylon Halter,Tack & Equipment > Halters & Leads > Halters > Nylon & Rope Halters,42516-03-COB,Size: Cob,Color: Navy,,,,Wellington Warehouse,65.20,65.20,65.20,179.99,0,0,,,
2,BIN-02,1773766480615,5407008897956,Shelf 17,2,Kentucky Horsewear Plaited Nylon Halter,Tack & Equipment > Halters & Leads > Halters > Nylon & Rope Halters,42516-61-F,Size: Full,Color: Light Blue,,,,Wellington Warehouse,65.20,65.20,65.20,179.99,0,0,,,
5,BIN-02,1773766441664,5407007532254,Shelf 16,2,Kentucky Horsewear Leather Halter with Sheepskin,Tack & Equipment > Halters & Leads > Halters > Leather Halters,42541-05-S,Size: Mini,,,,,Wellington Warehouse,65.20,65.20,65.20,179.99,0,0,,,
3,BIN-01,1773766480619,5425030836613,Shelf 18,1,Kentucky Horsewear Stallion Chain,Tack & Equipment > Halters & Leads > Lead Ropes,42531-41-60,Color: Brown,,,,,Wellington Warehouse,17.38,17.38,17.38,44.99,0,0,,,
0,BIN-01,1773766441663,5425030839720,Shelf 16,1,Kentucky Horsewear Leather Anatomic Halter Piece,Tack & Equipment > Halters & Leads > Halters > Leather Halters,42513-05-NECK,Color: Brown,,,,,Wellington Warehouse,17.38,17.38,17.38,44.99,0,0,,,
5,Grid wall,1770916055031,5404022089053,Girths,1,Kentucky Horsewear Anatomic Sheepskin Stud Girth,Tack & Equipment > Girths & Cinches > English Girths > Hunter/Jumper Girths,42433-05-135,Size: 54-Inch,Color: Brown,,,,Wellington Warehouse,213.00,213.00,213.00,559.99,0,0,,,
5,Grid wall,1770916055031,5404022088971,Girths,1,Kentucky Horsewear Anatomic Stud Girth,Tack & Equipment > Girths & Cinches > English Girths > Hunter/Jumper Girths,42432-05-125,Size: 50-Inch,Color: Brown,,,,Wellington Warehouse,173.87,173.87,173.87,449.99,0,0,,,
1,BIN-02,1773766480615,5425030837900,Shelf 17,2,Kentucky Horsewear Plaited Nylon Halter,Tack & Equipment > Halters & Leads > Halters > Nylon & Rope Halters,42516-74-COB,Size: Cob,Color: Olive Green,,,,Wellington Warehouse,65.20,65.20,65.20,179.99,0,0,,,
5,Grid wall,1770916055031,5404022088964,Girths,1,Kentucky Horsewear Anatomic Stud Girth,Tack & Equipment > Girths & Cinches > English Girths > Hunter/Jumper Girths,42432-05-120,Size: 48-Inch,Color: Brown,,,,Wellington Warehouse,173.87,173.87,173.87,449.99,0,0,,,
1,LVL 2,1770656703177,5407007539987,Sheets 2,2,Kentucky Horsewear Turnout Rug All Weather Waterproof Pro ,Horse Wear > Blankets & Sheets > Turnout Blankets & Sheets > Sheets,52121-03-145,Color: Navy,Size: 145-6'6,,,,Wellington Warehouse,195.61,195.61,195.61,514.99,0,0,,,
5,BIN-03,1773766480621,5407008897581,Shelf 18,3,Kentucky Horsewear Lead Rope with Panic Hook,Tack & Equipment > Training & Lunging > Lunge Lines,42709-05-200,Color: Brown,,,,,Wellington Warehouse,26.07,26.07,26.07,69.99,0,0,,,
1,LVL 2,1770656703177,5407007539994,Sheets 2,2,Kentucky Horsewear Turnout Rug All Weather Waterproof Pro ,Horse Wear > Blankets & Sheets > Turnout Blankets & Sheets > Sheets,52121-03-155,Color: Navy,Size: 155-6'9,,,,Wellington Warehouse,195.61,195.61,195.61,514.99,0,0,,,
0,BIN-04,1767722133135,5425030830529,Shelf 6,4,Kentucky Horsewear Solimbra Front Turnout Boots,Tack & Equipment > Boots & Wraps > Protective Boots > Front Boots,42301-05-F,Color: Brown,,,,,Wellington Warehouse,72.65,72.65,72.65,204.99,0,0,0.15384616,,
2,LVL 2,1770656703177,5407007530441,Sheets 2,2,Kentucky Horsewear Recuptex Magnetic Rug,Horse Wear > Blankets & Sheets > Turnout Blankets & Sheets > Sheets,52150-03-145,Size: 145-6'6,,,,,Wellington Warehouse,178.22,178.22,178.22,469.99,0,0,,,
2,LVL 2,1770656703177,5407007530434,Sheets 2,2,Kentucky Horsewear Recuptex Magnetic Rug,Horse Wear > Blankets & Sheets > Turnout Blankets & Sheets > Sheets,52150-03-155,Size: 155-6'9,,,,,Wellington Warehouse,178.22,178.22,178.22,469.99,0,0,,,
1,BIN-04,1767722133135,5425030833872,Shelf 6,4,Kentucky Horsewear 3D Spacer Brushing Boots,Tack & Equipment > Boots & Wraps > Protective Boots > Front Boots,42306-01-F,Color: Black,Size: Full,,,,Wellington Warehouse,69.54,69.54,69.54,189.99,0,0,0.0125,,
3,LVL 2,1770656703177,5425030837795,Sheets 2,2,Kentucky Horsewear 3D Spacer Cooler Sheet,Horse Wear > Blankets & Sheets > Coolers & Fleece,52146-03-155,Color: Navy,Size: 155-6'9,,,,Wellington Warehouse,121.71,121.71,121.71,324.99,0,0,,,
3,LVL 2,1770656703177,5425030837788,Sheets 2,2,Kentucky Horsewear 3D Spacer Cooler Sheet,Horse Wear > Blankets & Sheets > Coolers & Fleece,52146-03-145,Color: Navy,Size: 145-6'6,,,,Wellington Warehouse,121.71,121.71,121.71,324.99,0,0,,,
2,BIN-04,1767722133135,5425030834312,Shelf 6,4,Kentucky Horsewear 3D Spacer Short Brushing Boots,Tack & Equipment > Boots & Wraps > Protective Boots > Hind Boots,42307-05-F,Color: Brown,Size: Horse,,,,Wellington Warehouse,56.51,56.51,56.51,159.99,0,0,,,
2,BIN-04,1767722133135,5425030834305,Shelf 6,4,Kentucky Horsewear 3D Spacer Brushing Boots,Tack & Equipment > Boots & Wraps > Protective Boots > Front Boots,42306-05-F,Color: Brown,Size: Full,,,,Wellington Warehouse,69.54,69.54,69.54,189.99,0,0,0.011627907,,
2,LVL 2,1770656703177,5407007530427,Sheets 2,2,Kentucky Horsewear Recuptex Magnetic Rug,Horse Wear > Blankets & Sheets > Turnout Blankets & Sheets > Sheets,52150-03-160,Size: 160-7'0,,,,,Wellington Warehouse,178.22,178.22,178.22,469.99,0,0,,,
4,LVL 1,1771953347958,5407007538546,Fly Sheets 1,1,Kentucky Horsewear Mesh Fly Sheet,Horse Wear > Fly & Insect Control > Fly Sheets,52157-03-155,Color: Navy,Size: 81,,,,Wellington Warehouse,95.63,95.63,95.63,259.99,0,0,,,
1,LVL 2,1770656703177,5425030837801,Sheets 2,2,Kentucky Horsewear 3D Spacer Cooler Sheet,Horse Wear > Blankets & Sheets > Coolers & Fleece,52146-03-160,Color: Navy,Size: 160-7'0,,,,Wellington Warehouse,121.71,121.71,121.71,324.99,0,0,,,
4,BIN-04,1767722133135,5425030834152,Shelf 6,4,Kentucky Horsewear 3D Spacer Short Brushing Boots,Tack & Equipment > Boots & Wraps > Protective Boots > Hind Boots,42307-01-F,Color: Black,Size: Horse,,,,Wellington Warehouse,56.51,56.51,56.51,159.99,0,0,,,
2,BIN-04,1767722133135,5425030830543,Shelf 6,4,Kentucky Horsewear Solimbra Turnout Hind Boots,Tack & Equipment > Boots & Wraps > Protective Boots > Hind Boots,42302-05-F,Color: Brown,,,,,Wellington Warehouse,73.89,73.89,73.89,204.99,0,0,,,
1,LVL 1,1771953347958,5407007538539,Fly Sheets 1,1,Kentucky Horsewear Mesh Fly Sheet,Horse Wear > Fly & Insect Control > Fly Sheets,52157-03-145,Color: Navy,Size: 78,,,,Wellington Warehouse,95.63,95.63,95.63,259.99,0,0,,,
4,LVL 1,1771953347958,5407007538553,Fly Sheets 1,1,Kentucky Horsewear Mesh Fly Sheet,Horse Wear > Fly & Insect Control > Fly Sheets,52157-03-160,Color: Navy,Size: 84,,,,Wellington Warehouse,95.63,95.63,95.63,259.99,0,0,,,
2,LVL 2,1770656703177,5407010743760,Sheets 2,2,Kentucky Horsewear Eczema Rug with Hood,Horse Wear > Fly & Insect Control > Fly Sheets,52189-08-145,Color: Grey,Size: 145-6'6,,,,Wellington Warehouse,130.41,130.41,130.41,349.99,0,0,,,
4,BIN 1,1776787343289,5407008893811,Spurs,1,Kentucky Horsewear PVC Head Number with Velcro,"Tack & Equipment > Bridles, Headstalls & Reins > English Bridles & Reins > Bridle Accessories",42683-01-04,Color: Black,,,,,Wellington Warehouse,13.04,13.04,13.04,29.99,0,0,,,
5,LVL 1,1771953347958,5404022089978,Fly Sheets 1,1,Kentucky Horsewear Light Striped Mesh Fly Sheet,Horse Wear > Fly & Insect Control > Fly Sheets,52235-01-160,Color: Black,Size: 84,,,,Wellington Warehouse,69.54,69.54,69.54,189.99,0,0,,,
4,LVL 3,1770051152412,5404022089756,Saddle Pads 1,3,Kentucky Horsewear Glitter Band Saddle Pad,Tack & Equipment > English Saddle Pads > All Purpose & Hunter/Jumper Saddle Pads,42730-02-42-SJ,Color: White/Silver,,,,,Wellington Warehouse,60.86,60.86,60.86,169.99,0,0,,,
4,LVL 3,1770051152412,5407010744415,Saddle Pads 1,3,Kentucky Horsewear Glitter Rope Saddle Pad,Tack & Equipment > English Saddle Pads > All Purpose & Hunter/Jumper Saddle Pads,42584-02-02-SJ,Color: White/White,Type: Regular,,,,Wellington Warehouse,73.89,73.89,73.89,204.99,0,0,,,
0,LVL 2,1770656703177,5407008892609,Sheets 2,2,Kentucky Horsewear All Weather Waterproof 0g Turnout Rug,Horse Wear > Blankets & Sheets > Turnout Blankets & Sheets > Sheets,52175-03-145,Color: Navy,Size: 145-6'6,,,,Wellington Warehouse,186.91,186.91,186.91,494.99,0,0,,,
20,BIN 1,1776787343289,5407008893798,Spurs,1,Kentucky Horsewear Head Number PVC with Safety Pin,"Tack & Equipment > Bridles, Headstalls & Reins > English Bridles & Reins > Bridle Accessories",42682-01-03,Color: Black,,,,,Wellington Warehouse,13.91,13.91,13.91,29.99,0,0,,,
4,LVL 1,1771953347958,5404022089961,Fly Sheets 1,1,Kentucky Horsewear Light Striped Mesh Fly Sheet,Horse Wear > Fly & Insect Control > Fly Sheets,52235-01-155,Color: Black,Size: 81,,,,Wellington Warehouse,69.54,69.54,69.54,189.99,0,0,0.023529412,,
2,LVL 2,1770656703177,5407010743777,Sheets 2,2,Kentucky Horsewear Eczema Rug with Hood,Horse Wear > Fly & Insect Control > Fly Sheets,52189-08-155,Color: Grey,Size: 155-6'9,,,,Wellington Warehouse,130.41,130.41,130.41,349.99,0,0,,,
4,LVL 3,1770051152412,5407007535736,Saddle Pads 1,3,Kentucky Horsewear Glitter Rope Saddle Pad,Tack & Equipment > English Saddle Pads > All Purpose & Hunter/Jumper Saddle Pads,42584-03-SJ,Color: Navy,Type: Regular,,,,Wellington Warehouse,73.89,73.89,73.89,204.99,0,0,,,
1,LVL 1,1771953347958,5404022090011,Fly Sheets 1,1,Kentucky Horsewear Light Striped Mesh Fly Sheet,Horse Wear > Fly & Insect Control > Fly Sheets,52235-03-140,Color: Navy,Size: 75,,,,Wellington Warehouse,69.54,69.54,69.54,189.99,0,0,,,
2,LVL 1,1771953347958,5404022089947,Fly Sheets 1,1,Kentucky Horsewear Light Striped Mesh Fly Sheet,Horse Wear > Fly & Insect Control > Fly Sheets,52235-01-140,Color: Black,Size: 75,,,,Wellington Warehouse,69.54,69.54,69.54,189.99,0,0,,,
4,LVL 3,1770051152412,5404022089749,Saddle Pads 1,3,Kentucky Horsewear Glitter Band Saddle Pad,Tack & Equipment > English Saddle Pads > All Purpose & Hunter/Jumper Saddle Pads,42730-02-02-SJ,Color: White/White,,,,,Wellington Warehouse,60.86,60.86,60.86,169.99,0,0,,,
19,BIN 1,1776787343289,5407007536924,Spurs,1,Kentucky Horsewear Head Number PVC with Safety Pin,"Tack & Equipment > Bridles, Headstalls & Reins > English Bridles & Reins > Bridle Accessories",42682-05-03,Color: Brown,,,,,Wellington Warehouse,13.91,13.91,13.91,29.99,0,0,,,
4,LVL 1,1771953347958,5404022090035,Fly Sheets 1,1,Kentucky Horsewear Light Striped Mesh Fly Sheet,Horse Wear > Fly & Insect Control > Fly Sheets,52235-03-155,Color: Navy,Size: 81,,,,Wellington Warehouse,69.54,69.54,69.54,189.99,0,0,,,
4,LVL 1,1771953347958,5404022090028,Fly Sheets 1,1,Kentucky Horsewear Light Striped Mesh Fly Sheet,Horse Wear > Fly & Insect Control > Fly Sheets,52235-03-145,Color: Navy,Size: 78,,,,Wellington Warehouse,69.54,69.54,69.54,189.99,0,0,0.011764706,,
4,LVL 3,1770051152412,5407007535729,Saddle Pads 1,3,Kentucky Horsewear Glitter Rope Saddle Pad,Tack & Equipment > English Saddle Pads > All Purpose & Hunter/Jumper Saddle Pads,42584-01-SJ,Color: Black,Type: Regular,,,,Wellington Warehouse,73.89,73.89,73.89,204.99,0,0,,,
4,LVL 3,1770051152412,5407010744460,Saddle Pads 1,3,Kentucky Horsewear Glitter Rope Saddle Pad,Tack & Equipment > English Saddle Pads > All Purpose & Hunter/Jumper Saddle Pads,42584-02-03-SJ,Color: White/Navy,Type: Regular,,,,Wellington Warehouse,73.89,73.89,73.89,204.99,0,0,,,
2,LVL 3,1770051152412,5407007535750,Saddle Pads 1,3,Kentucky Horsewear Glitter Rope Saddle Pad,Tack & Equipment > English Saddle Pads > All Purpose & Hunter/Jumper Saddle Pads,42584-03-P,Color: Navy,Type: Pony,,,,Wellington Warehouse,56.51,56.51,56.51,204.99,0,0,,,
2,BIN-05,1767812231222,5407007533862,Shelf 8,5,Kentucky Horsewear All Weather Waterproof Neck,Horse Wear > Blankets & Sheets > Neck Covers & Hoods,52206-03-L,Color: Navy,Size: Large,,,,Wellington Warehouse,47.81,47.81,47.81,134.99,0,0,,,
4,LVL 3,1770051152412,5407010744422,Saddle Pads 1,3,Kentucky Horsewear Glitter Rope Saddle Pad,Tack & Equipment > English Saddle Pads > All Purpose & Hunter/Jumper Saddle Pads,42584-02-01-SJ,Color: White/Black,Type: Regular,,,,Wellington Warehouse,73.89,73.89,73.89,204.99,0,0,,,
4,LVL 1,1771953347958,5404022089954,Fly Sheets 1,1,Kentucky Horsewear Light Striped Mesh Fly Sheet,Horse Wear > Fly & Insect Control > Fly Sheets,52235-01-145,Color: Black,Size: 78,,,,Wellington Warehouse,69.54,69.54,69.54,189.99,0,0,0.011764706,,
2,LVL 2,1770656703177,5407010743784,Sheets 2,2,Kentucky Horsewear Eczema Rug with Hood,Horse Wear > Fly & Insect Control > Fly Sheets,52189-08-160,Color: Grey,Size: 160-7'0,,,,Wellington Warehouse,130.41,130.41,130.41,349.99,0,0,,,
2,LVL 2,1770051152411,5407010749656,Saddle Pads 1,2,Kentucky Horsewear Onion Quilt with 3D Logo Saddle Pad,Tack & Equipment > English Saddle Pads > All Purpose & Hunter/Jumper Saddle Pads,42728-50-SJ,Color: Light rose,,,,,Wellington Warehouse,69.54,69.54,69.54,189.99,0,0,,,
0,LVL 4,1770051152413,5407007535828,Saddle Pads 1,4,Kentucky Horsewear Pied-de-Poule Saddle Pad,Tack & Equipment > English Saddle Pads > All Purpose & Hunter/Jumper Saddle Pads,42585-01-SJ,Color: Black,,,,,Wellington Warehouse,69.55,69.55,69.55,189.99,0,0,0.33333334,,
3,LVL 2,1770051152411,5407010749632,Saddle Pads 1,2,Kentucky Horsewear Onion Quilt with 3D Logo Saddle Pad,Tack & Equipment > English Saddle Pads > All Purpose & Hunter/Jumper Saddle Pads,42728-01-SJ,Color: Black,,,,,Wellington Warehouse,69.54,69.54,69.54,189.99,0,0,,,
2,LVL 2,1770051152411,5407010749670,Saddle Pads 1,2,Kentucky Horsewear Onion Quilt with 3D Logo Saddle Pad,Tack & Equipment > English Saddle Pads > All Purpose & Hunter/Jumper Saddle Pads,42728-16-SJ,Color: Fuchsia,,,,,Wellington Warehouse,69.54,69.54,69.54,189.99,0,0,,,
1,LVL 5,1770320911700,5407007536085,Saddle Pads 1,5,Kentucky Horsewear Velvet Pony Saddle Pad,Tack & Equipment > English Saddle Pads > All Purpose & Hunter/Jumper Saddle Pads,42579-61-P,Color: Light Blue,,,,,Wellington Warehouse,65.20,65.20,65.20,179.99,0,0,,,
3,LVL 2,1770051152411,5407010744095,Saddle Pads 1,2,Kentucky Horsewear Plaited 3D Logo Saddle Pad,Tack & Equipment > English Saddle Pads > All Purpose & Hunter/Jumper Saddle Pads,42719-74-SJ,Color: Pine Green,,,,,Wellington Warehouse,104.31,104.31,104.31,269.99,0,0,,,
3,LVL 2,1770051152411,5407010743692,Saddle Pads 1,2,Kentucky Horsewear Plaited 3D Logo Saddle Pad,Tack & Equipment > English Saddle Pads > All Purpose & Hunter/Jumper Saddle Pads,42719-32-SJ,Color: Beige,,,,,Wellington Warehouse,104.31,104.31,104.31,269.99,0,0,,,
1,LVL 5,1770320911700,5407010744538,Saddle Pads 1,5,Kentucky Horsewear Velvet Saddle Pad,Tack & Equipment > English Saddle Pads > All Purpose & Hunter/Jumper Saddle Pads,42579-10-SJ-COB,Color: Old rose,COB: COB,,,,Wellington Warehouse,69.55,69.55,69.55,189.99,0,0,,,
4,LVL 5,1770320911700,5407010741803,Saddle Pads 1,5,Kentucky Horsewear Hunter Vegan Sheepskin Saddle Pad,Tack & Equipment > English Saddle Pads > All Purpose & Hunter/Jumper Saddle Pads,42714-01-F,Color: Black,,,,,Wellington Warehouse,104.32,104.32,104.32,269.99,0,0,,,
4,LVL 3,1770051152412,5425030836781,Saddle Pads 1,3,Kentucky Horsewear Saddle Pad with Pearls,Tack & Equipment > English Saddle Pads > All Purpose & Hunter/Jumper Saddle Pads,42571-01-SJ,Color: Black,,,,,Wellington Warehouse,113.01,113.01,113.01,304.99,0,0,,,
2,LVL 4,1770051152413,5407007535842,Saddle Pads 1,4,Kentucky Horsewear Pied-de-Poule Saddle Pad,Tack & Equipment > English Saddle Pads > All Purpose & Hunter/Jumper Saddle Pads,42585-05-SJ,Color: Brown,,,,,Wellington Warehouse,69.55,69.55,69.55,189.99,0,0,,,
2,LVL 4,1770051152413,5407008890872,Saddle Pads 1,4,Kentucky Horsewear Velvet Saddle Pad with Pearls,Tack & Equipment > English Saddle Pads > All Purpose & Hunter/Jumper Saddle Pads,42590-03-SJ,Color: Navy,,,,,Wellington Warehouse,95.63,95.63,95.63,259.99,0,0,,,
1,LVL 5,1770320911700,5407007536061,Saddle Pads 1,5,Kentucky Horsewear Velvet Pony Saddle Pad,Tack & Equipment > English Saddle Pads > All Purpose & Hunter/Jumper Saddle Pads,42579-71-P,Color: Emerald,,,,,Wellington Warehouse,65.20,65.20,65.20,179.99,0,0,,,
5,LVL 5,1770320911700,5407010741810,Saddle Pads 1,5,Kentucky Horsewear Hunter Vegan Sheepskin Saddle Pad,Tack & Equipment > English Saddle Pads > All Purpose & Hunter/Jumper Saddle Pads,42714-02-F,Color: Natural,,,,,Wellington Warehouse,104.32,104.32,104.32,269.99,0,0,,,
2,LVL 2,1770051152411,5407010749663,Saddle Pads 1,2,Kentucky Horsewear Onion Quilt with 3D Logo Saddle Pad,Tack & Equipment > English Saddle Pads > All Purpose & Hunter/Jumper Saddle Pads,42728-75-SJ,Color: Purple,,,,,Wellington Warehouse,69.54,69.54,69.54,189.99,0,0,,,
3,LVL 3,1770051152412,5425030836804,Saddle Pads 1,3,Kentucky Horsewear Saddle Pad with Pearls,Tack & Equipment > English Saddle Pads > All Purpose & Hunter/Jumper Saddle Pads,42571-08-SJ,Color: Grey,,,,,Wellington Warehouse,113.01,113.01,113.01,304.99,0,0,0.030303031,,
1,LVL 4,1770051152413,5407008890865,Saddle Pads 1,4,Kentucky Horsewear Velvet Saddle Pad with Pearls,Tack & Equipment > English Saddle Pads > All Purpose & Hunter/Jumper Saddle Pads,42590-32-SJ,Color: Beige,,,,,Wellington Warehouse,95.63,95.63,95.63,259.99,0,0,,,
3,LVL 2,1770051152411,5407010749625,Saddle Pads 1,2,Kentucky Horsewear Onion Quilt with 3D Logo Saddle Pad,Tack & Equipment > English Saddle Pads > All Purpose & Hunter/Jumper Saddle Pads,42728-03-SJ,Color: Navy,,,,,Wellington Warehouse,69.54,69.54,69.54,189.99,0,0,,,
2,LVL 4,1770051152413,5407008890858,Saddle Pads 1,4,Kentucky Horsewear Velvet Saddle Pad with Pearls,Tack & Equipment > English Saddle Pads > All Purpose & Hunter/Jumper Saddle Pads,42590-01-SJ,Color: Black,,,,,Wellington Warehouse,95.63,95.63,95.63,259.99,0,0,,,
2,LVL 2,1770051152411,5407010749793,Saddle Pads 1,2,Kentucky Horsewear Saddle Pad onion quilt rubber logo jumping,Tack & Equipment > English Saddle Pads > All Purpose & Hunter/Jumper Saddle Pads,42727-10-SJ,Color: Old rose,,,,,Wellington Warehouse,31.24,31.24,31.24,179.99,0,0,,,
2,LVL 2,1770051152411,5407010749809,Saddle Pads 1,2,Kentucky Horsewear Saddle Pad onion quilt rubber logo jumping,Tack & Equipment > English Saddle Pads > All Purpose & Hunter/Jumper Saddle Pads,42727-32-SJ,Color: Beige,,,,,Wellington Warehouse,31.24,31.24,31.24,179.99,0,0,,,
1,LVL 2,1770051152411,5407010749649,Saddle Pads 1,2,Kentucky Horsewear Onion Quilt with 3D Logo Saddle Pad,Tack & Equipment > English Saddle Pads > All Purpose & Hunter/Jumper Saddle Pads,42728-10-SJ,Color: Old rose,,,,,Wellington Warehouse,69.54,69.54,69.54,189.99,0,0,,,
1,LVL 5,1770320911700,5407007536092,Saddle Pads 1,5,Kentucky Horsewear Velvet Pony Saddle Pad,Tack & Equipment > English Saddle Pads > All Purpose & Hunter/Jumper Saddle Pads,42579-10-P,Color: Old rose,,,,,Wellington Warehouse,65.20,65.20,65.20,179.99,0,0,,,
1,LVL 4,1770051152413,5407007535835,Saddle Pads 1,4,Kentucky Horsewear Pied-de-Poule Saddle Pad,Tack & Equipment > English Saddle Pads > All Purpose & Hunter/Jumper Saddle Pads,42585-32-SJ,Color: Beige,,,,,Wellington Warehouse,69.55,69.55,69.55,189.99,0,0,,,
3,LVL 2,1770051152411,5407010743685,Saddle Pads 1,2,Kentucky Horsewear Plaited 3D Logo Saddle Pad,Tack & Equipment > English Saddle Pads > All Purpose & Hunter/Jumper Saddle Pads,42719-02-SJ,Color: White,,,,,Wellington Warehouse,104.31,104.31,104.31,269.99,0,0,,,
2,LVL 2,1770051152411,5407010749687,Saddle Pads 1,2,Kentucky Horsewear Onion Quilt with 3D Logo Saddle Pad,Tack & Equipment > English Saddle Pads > All Purpose & Hunter/Jumper Saddle Pads,42728-61-SJ,Color: Light Blue,,,,,Wellington Warehouse,69.54,69.54,69.54,189.99,0,0,,,
3,LVL 2,1770051152411,5407010749823,Saddle Pads 1,2,Kentucky Horsewear Saddle Pad onion quilt rubber logo jumping,Tack & Equipment > English Saddle Pads > All Purpose & Hunter/Jumper Saddle Pads,42727-01-SJ,Color: Black,,,,,Wellington Warehouse,31.24,31.24,31.24,179.99,0,0,,,
4,LVL 3,1770051152412,5425030836798,Saddle Pads 1,3,Kentucky Horsewear Saddle Pad with Pearls,Tack & Equipment > English Saddle Pads > All Purpose & Hunter/Jumper Saddle Pads,42571-05-SJ,Color: Brown,,,,,Wellington Warehouse,113.01,113.01,113.01,304.99,0,0,,,
2,LVL 2,1770051152411,5407010749601,Saddle Pads 1,2,Kentucky Horsewear Onion Quilt with 3D Logo Saddle Pad,Tack & Equipment > English Saddle Pads > All Purpose & Hunter/Jumper Saddle Pads,42728-74-SJ,Color: Pine Green,,,,,Wellington Warehouse,69.54,69.54,69.54,189.99,0,0,,,
3,LVL 2,1770051152411,5407010749816,Saddle Pads 1,2,Kentucky Horsewear Saddle Pad onion quilt rubber logo jumping,Tack & Equipment > English Saddle Pads > All Purpose & Hunter/Jumper Saddle Pads,42727-03-SJ,Color: Navy,,,,,Wellington Warehouse,31.24,31.24,31.24,179.99,0,0,,,
3,LVL 2,1770051152411,5407010743661,Saddle Pads 1,2,Kentucky Horsewear Plaited 3D Logo Saddle Pad,Tack & Equipment > English Saddle Pads > All Purpose & Hunter/Jumper Saddle Pads,42719-01-SJ,Color: Black,,,,,Wellington Warehouse,104.31,104.31,104.31,269.99,0,0,,,
3,LVL 2,1770051152411,5407010743678,Saddle Pads 1,2,Kentucky Horsewear Plaited 3D Logo Saddle Pad,Tack & Equipment > English Saddle Pads > All Purpose & Hunter/Jumper Saddle Pads,42719-03-SJ,Color: Navy,,,,,Wellington Warehouse,104.31,104.31,104.31,269.99,0,0,,,
2,LVL 2,1770051152411,5407010749618,Saddle Pads 1,2,Kentucky Horsewear Onion Quilt with 3D Logo Saddle Pad,Tack & Equipment > English Saddle Pads > All Purpose & Hunter/Jumper Saddle Pads,42728-32-SJ,Color: Beige,,,,,Wellington Warehouse,69.54,69.54,69.54,189.99,0,0,,,
4,LVL 3,1770051152412,5425030836774,Saddle Pads 1,3,Kentucky Horsewear Saddle Pad with Pearls,Tack & Equipment > English Saddle Pads > All Purpose & Hunter/Jumper Saddle Pads,42571-03-SJ,Color: Navy,,,,,Wellington Warehouse,113.01,113.01,113.01,304.99,0,0,,,
1,LVL 5,1770320911700,5407010744569,Saddle Pads 1,5,Kentucky Horsewear Velvet Saddle Pad,Tack & Equipment > English Saddle Pads > All Purpose & Hunter/Jumper Saddle Pads,42579-71-SJ-COB,Color: Emerald,COB: COB,,,,Wellington Warehouse,69.55,69.55,69.55,189.99,0,0,,,
1,LVL 5,1770320911700,5407007531745,Saddle Pads 1,5,Kentucky Horsewear Velvet Saddle Pad,Tack & Equipment > English Saddle Pads > All Purpose & Hunter/Jumper Saddle Pads,42579-61-SJ,Color: Light Blue,COB: Regular,,,,Wellington Warehouse,69.55,69.55,69.55,189.99,0,0,,,
3,LVL 4,1770051152413,5407008890889,Saddle Pads 1,4,Kentucky Horsewear Velvet Saddle Pad with Pearls,Tack & Equipment > English Saddle Pads > All Purpose & Hunter/Jumper Saddle Pads,42590-74-SJ,Color: Pine Green,,,,,Wellington Warehouse,95.63,95.63,95.63,259.99,0,0,,,
2,LVL 2,1770051152411,5407010749786,Saddle Pads 1,2,Kentucky Horsewear Saddle Pad onion quilt rubber logo jumping,Tack & Equipment > English Saddle Pads > All Purpose & Hunter/Jumper Saddle Pads,42727-50-SJ,Color: Light rose,,,,,Wellington Warehouse,31.24,31.24,31.24,179.99,0,0,,,
5,LVL 5,1770320911700,5407007537518,Saddle Pads 1,5,Kentucky Horsewear Skin Friendly Saddle Pad,Tack & Equipment > English Saddle Pads > All Purpose & Hunter/Jumper Saddle Pads,42468-01-SJ,Color: Black,,,,,Wellington Warehouse,130.41,130.41,130.41,349.99,0,0,,,
3,LVL 5,1770320911700,5407008896775,Saddle Pads 1,5,Kentucky Horsewear Skin Friendly Velvet Saddle Pad,Tack & Equipment > English Saddle Pads > All Purpose & Hunter/Jumper Saddle Pads,42706-32-SJ,Color: Beige,,,,,Wellington Warehouse,130.40,130.40,130.40,349.99,0,0,,,
2,LVL 2,1770051152411,5407010743524,Saddle Pads 1,2,Kentucky Horsewear Wave Saddle Pad with 3D Logo,Tack & Equipment > English Saddle Pads > All Purpose & Hunter/Jumper Saddle Pads,42718-32-SJ,Color: Beige,,,,,Wellington Warehouse,104.31,104.31,104.31,269.99,0,0,,,
0,BIN-01,1773766441663,5425030832462,Shelf 16,1,Kentucky Horsewear 4 Piece Sheepskin Halter Set,Tack & Equipment > Halters & Leads > Halters > Leather Halters,42603-05-04,Color: Brown,,,,,Wellington Warehouse,39.11,39.11,39.11,104.99,0,0,0.0952381,,
3,LVL 2,1770051152411,5407010744101,Saddle Pads 1,2,Kentucky Horsewear Wave Saddle Pad with 3D Logo,Tack & Equipment > English Saddle Pads > All Purpose & Hunter/Jumper Saddle Pads,42718-74-SJ,Color: Pine Green,,,,,Wellington Warehouse,104.31,104.31,104.31,269.99,0,0,,,
2,LVL 5,1770320911700,5407008896768,Saddle Pads 1,5,Kentucky Horsewear Skin Friendly Velvet Saddle Pad,Tack & Equipment > English Saddle Pads > All Purpose & Hunter/Jumper Saddle Pads,42706-74-SJ,Color: Pine Green,,,,,Wellington Warehouse,130.40,130.40,130.40,349.99,0,0,,,
3,LVL 4,1770051152413,5407010745993,Saddle Pads 1,4,Kentucky Horsewear Saddle Pad with Metal Chain,Tack & Equipment > English Saddle Pads > All Purpose & Hunter/Jumper Saddle Pads,42721-03-SJ,Color: Navy,,,,,Wellington Warehouse,104.31,104.31,104.31,279.99,0,0,,,
1,LVL 1 ,1771259569146,5407007532544,Blankets 7,1,Kentucky Horsewear Bridle Rack,Stable > Stable Organizers > Racks & Hooks,82123-05,Title: Default Title,,,,,Wellington Warehouse,107.26,107.26,107.26,349.99,0,0,,,
3,LVL 2,1770051152411,5407010743487,Saddle Pads 1,2,Kentucky Horsewear Wave Saddle Pad with 3D Logo,Tack & Equipment > English Saddle Pads > All Purpose & Hunter/Jumper Saddle Pads,42718-01-SJ,Color: Black,,,,,Wellington Warehouse,104.31,104.31,104.31,269.99,0,0,,,
1,LVL 5,1770320911700,5407007538720,Saddle Pads 1,5,Kentucky Horsewear Skin Friendly Saddle Pad,Tack & Equipment > English Saddle Pads > All Purpose & Hunter/Jumper Saddle Pads,42468-02-SJ,Color: White,,,,,Wellington Warehouse,130.41,130.41,130.41,349.99,0,0,0.01923077,,
2,LVL 2,1770051152411,5407010743517,Saddle Pads 1,2,Kentucky Horsewear Wave Saddle Pad with 3D Logo,Tack & Equipment > English Saddle Pads > All Purpose & Hunter/Jumper Saddle Pads,42718-61-SJ,Color: Light Blue,,,,,Wellington Warehouse,104.31,104.31,104.31,269.99,0,0,,,
3,LVL 4,1770051152413,5407010745986,Saddle Pads 1,4,Kentucky Horsewear Saddle Pad with Metal Chain,Tack & Equipment > English Saddle Pads > All Purpose & Hunter/Jumper Saddle Pads,42721-01-SJ,Color: Black,,,,,Wellington Warehouse,104.31,104.31,104.31,279.99,0,0,,,
2,LVL 5,1770320911700,5407008896799,Saddle Pads 1,5,Kentucky Horsewear Skin Friendly Velvet Saddle Pad,Tack & Equipment > English Saddle Pads > All Purpose & Hunter/Jumper Saddle Pads,42706-01-SJ,Color: Black,,,,,Wellington Warehouse,130.40,130.40,130.40,349.99,0,0,,,
0,LVL 1 ,1771259569146,5407007532537,Blankets 7,1,Grooming Deluxe Saddle Rack,Stable > Stable Organizers > Racks & Hooks,82122-05,Title: Default Title,,,,,Wellington Warehouse,139.10,139.10,139.10,369.99,0,0,,,
1,LVL 5,1770320911700,5407008896782,Saddle Pads 1,5,Kentucky Horsewear Skin Friendly Velvet Saddle Pad,Tack & Equipment > English Saddle Pads > All Purpose & Hunter/Jumper Saddle Pads,42706-03-SJ,Color: Navy,,,,,Wellington Warehouse,130.40,130.40,130.40,349.99,0,0,,,
3,LVL 2,1770051152411,5407010743494,Saddle Pads 1,2,Kentucky Horsewear Wave Saddle Pad with 3D Logo,Tack & Equipment > English Saddle Pads > All Purpose & Hunter/Jumper Saddle Pads,42718-03-SJ,Color: Navy,,,,,Wellington Warehouse,104.31,104.31,104.31,269.99,0,0,,,
4,LVL 5,1770320911700,5407007537594,Saddle Pads 1,5,Kentucky Horsewear Skin Friendly Saddle Pad,Tack & Equipment > English Saddle Pads > All Purpose & Hunter/Jumper Saddle Pads,42468-03-SJ,Color: Navy,,,,,Wellington Warehouse,130.41,130.41,130.41,349.99,0,0,,,
2,BIN-01,1773766441663,5425030832479,Shelf 16,1,Kentucky Horsewear 4 Piece Sheepskin Halter Set,Tack & Equipment > Halters & Leads > Halters > Leather Halters,42603-01-04,Color: Black,,,,,Wellington Warehouse,39.11,39.11,39.11,104.99,0,0,,,
7,LVL 2,1770059717290,5404022092558,Buckets,2,Grooming Deluxe 12L Water Bucket,Stable > Stable Supplies > Feed & Water Buckets,82187-32-12L,Color: Beige,,,,,Wellington Warehouse,13.04,13.04,13.04,34.99,0,0,,,
1,BIN 1,1776787211212,5407010749243,Gloves,1,Grooming Deluxe Steel Helmet Holder with Hook,Stable > Stable Organizers > Racks & Hooks,82170-41,Color: Gold,Gear material: Steel,,,,Wellington Warehouse,47.81,47.81,47.81,129.99,0,0,,,
1,BIN 1,1776787211212,5407010749212,Gloves,1,Grooming Deluxe Steel Helmet Holder,Stable > Stable Organizers > Racks & Hooks,82169-01,Color: Black,Gear material: Steel,,,,Wellington Warehouse,39.12,39.12,39.12,109.99,0,0,,,
20,LVL 2,1770059717290,5404022092541,Buckets,2,Grooming Deluxe 12L Water Bucket,Stable > Stable Supplies > Feed & Water Buckets,82187-01-12L,Color: Black,,,,,Wellington Warehouse,13.04,13.04,13.04,34.99,0,0,,,
2,LVL 1 ,1771259569146,5404022000935,Blankets 7,1,Grooming Deluxe Foldable Blanket Holder,Stable > Stable Organizers > Racks & Hooks,82177-01,Color: Black,,,,,Wellington Warehouse,113.02,113.02,113.02,304.99,0,0,,,
15,LVL 2,1770059717290,5404022000874,Buckets,2,Grooming Deluxe Feed Bucket,Stable > Stable Supplies > Feed & Water Buckets,82174-01-25L,Color: Black,,,,,Wellington Warehouse,43.47,43.47,43.47,114.99,0,0,,,
2,BIN 1,1776787211212,5404022088469,Gloves,1,Grooming Deluxe Steel Helmet Holder with Hook,Stable > Stable Organizers > Racks & Hooks,82170-42,Color: Silver,Gear material: Steel,,,,Wellington Warehouse,47.81,47.81,47.81,129.99,0,0,,,
2,LVL 1 ,1771259569146,5404022088476,Blankets 7,1,Grooming Deluxe Foldable Blanket Holder,Stable > Stable Organizers > Racks & Hooks,82177-42,Color: Silver,,,,,Wellington Warehouse,113.02,113.02,113.02,304.99,0,0,,,
1,LVL 1 ,1771259569146,5407010749205,Blankets 7,1,Grooming Deluxe Metal Saddle Rack with Saddle Pad Holder,Stable > Stable Organizers > Racks & Hooks,82168-41,Color: Gold,,,,,Wellington Warehouse,65.20,65.20,65.20,174.99,0,0,,,
1,LVL 1 ,1771259569146,5407010749199,Blankets 7,1,Grooming Deluxe Metal Saddle Rack with Saddle Pad Holder,Stable > Stable Organizers > Racks & Hooks,82168-01,Color: Black,,,,,Wellington Warehouse,65.20,65.20,65.20,174.99,0,0,,,
20,LVL 2,1770059717290,5407010748659,Buckets,2,Grooming Deluxe Water Bucket,Stable > Stable Supplies > Feed & Water Buckets,82163-01-18L,Color: Black,,,,,Wellington Warehouse,26.08,26.08,26.08,69.99,0,0,,,
0,LVL 1 ,1771259569146,5404022088445,Blankets 7,1,Grooming Deluxe Metal Saddle Rack with Saddle Pad Holder,Stable > Stable Organizers > Racks & Hooks,82168-42,Color: Silver,,,,,Wellington Warehouse,65.20,65.20,65.20,174.99,0,0,0.024691358,,
2,LVL 1 ,1771259569146,5404022000942,Blankets 7,1,Grooming Deluxe Foldable Blanket Holder,Stable > Stable Organizers > Racks & Hooks,82177-41,Color: Gold,,,,,Wellington Warehouse,113.02,113.02,113.02,304.99,0,0,,,
2,LVL 1,1770131722584,5404022092718,Blankets 1,1,Grooming Deluxe Aluminium T Cavaletti Set of 2,Stable > Stable Supplies,82189-02,Color: White,,,,,Wellington Warehouse,260.83,260.83,260.83,674.99,0,0,,,
2,BIN 1,1776787211212,5404022088452,Gloves,1,Grooming Deluxe Steel Helmet Holder,Stable > Stable Organizers > Racks & Hooks,82169-42,Color: Silver,Gear material: Steel,,,,Wellington Warehouse,39.12,39.12,39.12,109.99,0,0,,,
0,LVL 2,1770059717290,5404022098024,Buckets,2,Grooming Deluxe 12L Water Bucket,Stable > Stable Supplies > Feed & Water Buckets,82187-05-12L,Color: Brown,,,,,Wellington Warehouse,13.04,13.04,13.04,34.99,0,0,,,
1,BIN 1,1776787211212,5407010749229,Gloves,1,Grooming Deluxe Steel Helmet Holder,Stable > Stable Organizers > Racks & Hooks,82169-41,Color: Gold,Gear material: Steel,,,,Wellington Warehouse,39.12,39.12,39.12,109.99,0,0,,,
20,BIN 1,1776787343289,5407008896829,Spurs,1,Kentucky Horsewear Nylon Holder Hook & Ring,Stable > Stable Supplies > Misc,42564-01-65,Color: Black,Size: 18-30 inch,,,,Wellington Warehouse,8.68,8.68,8.68,19.99,0,0,,,
0,BIN-05,1768403067589,5425030830390,Shelf 12,5,Kentucky Horsewear Recuptex Magnetic Bandages,Tack & Equipment > Boots & Wraps > Leg Wraps,62102-01-F,Title: Default Title,,,,,Wellington Warehouse,108.67,108.67,108.67,294.99,0,0,,,
24,BIN 1,1776787343289,5404022088841,Spurs,1,Kentucky Horsewear Nylon Holder Hook & Hook,Stable > Stable Supplies > Misc,42729-03-25,Color: Navy,,,,,Wellington Warehouse,2.70,2.70,2.70,19.99,0,0,,,
0,LVL 1,1769968298841,5407007532179,Blankets 4,1,Grooming Deluxe Tack Box,Stable > Stable Supplies > Misc,82115-05,Title: Default Title,,,,,Wellington Warehouse,121.71,121.71,121.71,324.99,0,0,0.04761905,,
20,BIN 1,1776787343289,5407008896836,Spurs,1,Kentucky Horsewear Nylon Holder Hook & Ring,Stable > Stable Supplies > Misc,42564-03-65,Color: Navy,Size: 18-30 inch,,,,Wellington Warehouse,8.68,8.68,8.68,19.99,0,0,0.2857143,,
25,BIN 1,1776787343289,5404022088858,Spurs,1,Kentucky Horsewear Nylon Holder Hook & Hook,Stable > Stable Supplies > Misc,42729-01-25,Color: Black,,,,,Wellington Warehouse,2.70,2.70,2.70,19.99,0,0,,,
1,BIN-02,1767553027608,5407007534814,Shelf 4,2,Kentucky Horsewear Cryo Ice Boots with Ice Packs,Tack & Equipment > Boots & Wraps > Therapeutic Boots,62103-01-F,Title: Default Title,,,,,Wellington Warehouse,114.18,114.18,114.18,279.99,0,0,0.016666668,,
-1,,,5425030833797,,,Kentucky Horsewear Kick Pad,Stable > Stable Supplies > Misc,42510-01-100-120,Size: 40 x 47 in,,,,,Wellington Warehouse,114.18,114.18,114.18,369.99,0,0,,,
5,LVL 1,1769968298841,5425030839621,Blankets 4,1,Kentucky Horsewear Rug Bag,"Tack & Equipment > Bags, Cases & Covers",82109-03-F,Color: Navy,,,,,Wellington Warehouse,65.20,65.20,65.20,179.99,0,0,,,
4,BIN-03,1767722157721,5407010741346,Shelf 7,3,Kentucky Horsewear Stable Bag,Stable > Stable Organizers > Organizing Bags,82151-03,Color: Navy,Size: 60x40cm,,,,Wellington Warehouse,56.51,56.51,56.51,159.99,0,0,,,
4,LVL 1,1769968298841,5407008892753,Blankets 4,1,Kentucky Horsewear Saddle Pad Bag,"Tack & Equipment > Bags, Cases & Covers",82111-01-F,Color: Black,,,,,Wellington Warehouse,34.77,34.77,34.77,99.99,0,0,0.037037037,,
1,LVL 1,1769968298841,5424030835039,Blankets 4,1,Kentucky Horsewear Stable Curtain,Stable > Stable Supplies > Misc,82101-03,Color: Navy,,,,,Wellington Warehouse,117.37,117.37,117.37,314.99,0,0,,,
4,LVL 1,1769968298841,5407007530243,Blankets 4,1,Kentucky Horsewear Rug Bag,"Tack & Equipment > Bags, Cases & Covers",82109-01-F,Color: Black,,,,,Wellington Warehouse,65.20,65.20,65.20,179.99,0,0,,,
0,BIN-03,1767722157721,5407008892432,Shelf 7,3,Kentucky Horsewear Helmet Bag,"Tack & Equipment > Bags, Cases & Covers",82140-03-F,Color: Navy,,,,,Wellington Warehouse,52.15,52.15,52.15,149.99,0,0,,,
0,BIN-04,1767722157720,5407008892784,Shelf 7,4,Kentucky Horsewear Grooming Bag,Horse Care > Grooming & Bathing > Brushes & Tools > Grooming Bags,82142-08-F,Color: Grey,,,,,Wellington Warehouse,95.63,95.63,95.63,259.99,0,0,,,
1,LVL 1,1769968298841,5407007530533,Blankets 4,1,Kentucky Horsewear Boot Bag,Rider > Bags > Boot Bags,82110-08-F,Color: Grey,,,,,Wellington Warehouse,82.58,82.58,82.58,224.99,0,0,,,
0,BIN-04,1767722157720,5407008892777,Shelf 7,4,Kentucky Horsewear Grooming Bag,Horse Care > Grooming & Bathing > Brushes & Tools > Grooming Bags,82142-01-F,Color: Black,,,,,Wellington Warehouse,95.63,95.63,95.63,259.99,0,0,,,
2,LVL 1,1769968298841,5425030835937,Blankets 4,1,Kentucky Horsewear Stable Curtain,Stable > Stable Supplies > Misc,82101-17,Color: Bordeaux,,,,,Wellington Warehouse,117.37,117.37,117.37,314.99,0,0,,,
0,BIN-04,1767722157720,5407008892760,Shelf 7,4,Kentucky Horsewear Grooming Bag,Horse Care > Grooming & Bathing > Brushes & Tools > Grooming Bags,82142-03-F,Color: Navy,,,,,Wellington Warehouse,95.63,95.63,95.63,259.99,0,0,,,
3,LVL 1,1769968298841,5407007531837,Blankets 4,1,Kentucky Horsewear Saddle Pad Bag,"Tack & Equipment > Bags, Cases & Covers",82111-03-F,Color: Navy,,,,,Wellington Warehouse,34.77,34.77,34.77,99.99,0,0,,,
0,BIN-03,1767722157721,5407008892456,Shelf 7,3,Kentucky Horsewear Helmet Bag,"Tack & Equipment > Bags, Cases & Covers",82140-08-F,Color: Grey,,,,,Wellington Warehouse,52.15,52.15,52.15,149.99,0,0,,,
0,LVL 1,1769968298841,5404022000775,Blankets 4,1,Kentucky Horsewear Stanley Box Cover,"Tack & Equipment > Bags, Cases & Covers",82171-03,Color: Navy,,,,,Wellington Warehouse,99.97,99.97,99.97,269.99,0,0,0.08695652,,
12,BIN-04,1773766480622,5407010747102,Shelf 18,4,Kentucky Horsewear Silicone Cross Ties,Stable > Stable Supplies > Cross Ties & Trailer Ties,82158-01-140,Color: Black,Size: 55 inches,Material: Silicone,,,Wellington Warehouse,17.37,17.37,17.37,44.99,0,0,,,
15,BIN-04,1773766480622,5407010747089,Shelf 18,4,Kentucky Horsewear Silicone Cross Ties,Stable > Stable Supplies > Cross Ties & Trailer Ties,82158-01-90,Color: Black,Size: 35 inches,Material: Silicone,,,Wellington Warehouse,14.77,14.77,14.77,34.99,0,0,,,
11,BIN-04,1773766480622,5407010747072,Shelf 18,4,Kentucky Horsewear Silicone Cross Ties,Stable > Stable Supplies > Cross Ties & Trailer Ties,82158-01-70,Color: Black,Size: 27 inches,Material: Silicone,,,Wellington Warehouse,13.02,13.02,13.02,34.99,0,0,,,
0,ROW 2 : LVL 1,1774281650391,5407010746907,Hoof/Treats,1,Kentucky Horsewear Relax Horse Play & Hay Ball,Horse Care > Treats & Toys > Toys & Licks,82153-62-L,Color: Royal blue,Size: L / 40cm,,,,Wellington Warehouse,60.84,60.84,60.84,164.99,0,0,0.05263158,,
0,LVL 1,1769968298841,5404022088193,Blankets 4,1,Kentucky Horsewear Tailguard Pro,Horse Care > Grooming & Bathing > Tails & Tail Bags,88111-01,Title: Default Title,,,,,Wellington Warehouse,26.08,26.08,26.08,74.99,0,0,,,
1,ROW 2 : LVL 1,1774281650391,5407010744040,Hoof/Treats,1,Kentucky Horsewear Relax Horse Toy,Horse Care > Treats & Toys > Toys & Licks,82155-25-ALVIN,Type: Alvin,,,,,Wellington Warehouse,34.77,34.77,34.77,89.99,0,0,0.074074075,,
0,ROW 2 : LVL 1,1774281650391,5407010744057,Hoof/Treats,1,Kentucky Horsewear Relax Horse Play & Hay Ball,Horse Care > Treats & Toys > Toys & Licks,82153-08-L,Color: Grey,Size: L / 40cm,,,,Wellington Warehouse,60.84,60.84,60.84,164.99,0,0,0.014492754,,
7,BIN-04,1773766480622,5407010747065,Shelf 18,4,Kentucky Horsewear Silicone Cross Ties,Stable > Stable Supplies > Cross Ties & Trailer Ties,82158-01-55,Color: Black,Size: 21 inches,Material: Silicone,,,Wellington Warehouse,12.15,12.15,12.15,34.99,0,0,0.125,,
14,BIN-04,1773766480622,5407010747096,Shelf 18,4,Kentucky Horsewear Silicone Cross Ties,Stable > Stable Supplies > Cross Ties & Trailer Ties,82158-01-120,Color: Black,Size: 47 inches,Material: Silicone,,,Wellington Warehouse,16.51,16.51,16.51,44.99,0,0,,,
18,LVL 1,1769968298841,5425030830123,Blankets 4,1,Kentucky Horsewear Tail guard & Tail bag combo,Horse Care > Grooming & Bathing > Tails & Tail Bags,88196-01,Title: Default Title,,,,,Wellington Warehouse,30.42,30.42,30.42,84.99,0,0,,,
0,BIN-03,1767722157721,5404022000799,Shelf 7,3,Kentucky Horsewear Waterproof Stanley Box Cover,"Tack & Equipment > Bags, Cases & Covers",82172-03,Color: Navy,,,,,Wellington Warehouse,86.94,86.94,86.94,234.99,0,0,,,
1,BIN-03,1767722157721,5404022000805,Shelf 7,3,Kentucky Horsewear Waterproof Stanley Box Cover,"Tack & Equipment > Bags, Cases & Covers",82172-01,Color: Black,,,,,Wellington Warehouse,86.94,86.94,86.94,234.99,0,0,,,
1,ROW 2 : LVL 1,1774281650391,5407010744026,Hoof/Treats,1,Kentucky Horsewear Relax Horse Toy,Horse Care > Treats & Toys > Toys & Licks,82155-32-SAMMY,Type: Sammy,,,,,Wellington Warehouse,34.77,34.77,34.77,89.99,0,0,0.037037037,,
2,LVL 1,1769968298841,5404022000782,Blankets 4,1,Kentucky Horsewear Stanley Box Cover,"Tack & Equipment > Bags, Cases & Covers",82171-01,Color: Black,,,,,Wellington Warehouse,99.97,99.97,99.97,269.99,0,0,,,
1,Other,1777650559284,5404022090424,C,1,Grooming Deluxe Grooming Backpack,Rider > Bags > Backpacks,82181-01,Color: Black,,,,,Wellington Warehouse,104.32,104.32,104.32,269.99,0,0,,,
0,BIN 1,1776787211212,5404022088728,Gloves,1,Dy'on Premium Soft Leather Stirrup Leathers,Tack & Equipment > Stirrups & Leathers > Stirrup Leathers & Accessories,SA01BR135,Size: 53 inches,,,,,Wellington Warehouse,66.19,66.19,66.19,249.99,0,0,,,
0,BIN 1,1776787211212,5404022088735,Gloves,1,Dy'on Premium Soft Leather Stirrup Leathers,Tack & Equipment > Stirrups & Leathers > Stirrup Leathers & Accessories,SA01BR145,Size: 57 inches,,,,,Wellington Warehouse,66.19,66.19,66.19,249.99,0,0,,,
0,BIN-01,1767722133132,7340041170816,Shelf 6,1,Cool on Track Quick Wraps,Tack & Equipment > Boots & Wraps > Protective Boots > Front Boots,43260502,"Size: Medium 14""",,,,,Wellington Warehouse,41.50,41.50,41.50,83.00,0,0,0.03508772,,
1,BIN-03,1768845014311,846774021595,Shelf 13,3,Nunn Finer Bella Donna Round Raised Soft Grip Reins,"Tack & Equipment > Bridles, Headstalls & Reins > English Bridles & Reins > Reins",287HA,Color: Havana,,,,,Wellington Warehouse,78.00,78.00,78.00,168.00,0,0,0.014285714,,
0,BIN-01,1768403023955,7340041170793,Shelf 10,1,Cool on Track Bell Boots,Tack & Equipment > Boots & Wraps > Bell Boots,43250504,Size: Extra Large,,,,,Wellington Warehouse,18.00,18.00,18.00,36.00,0,0,0.018518519,,
0,BIN-01,1767722133132,7340041170823,Shelf 6,1,Cool on Track Quick Wraps,Tack & Equipment > Boots & Wraps > Protective Boots > Front Boots,43260503,"Size: Large 16""",,,,,Wellington Warehouse,41.50,41.50,41.50,83.00,0,0,0.0862069,,
0,BIN-01,1767722133132,7340041170809,Shelf 6,1,Cool on Track Quick Wraps,Tack & Equipment > Boots & Wraps > Protective Boots > Front Boots,43260501,"Size: Small 12""",,,,,Wellington Warehouse,41.50,41.50,41.50,83.00,0,0,0.03773585,,
3,BIN-01,1767722133132,7340041170830,Shelf 6,1,Cool on Track Quick Wraps,Tack & Equipment > Boots & Wraps > Protective Boots > Front Boots,43260504,"Size: Extra Large 18""",,,,,Wellington Warehouse,41.50,41.50,41.50,83.00,0,0,0.018518519,,
0,BIN-01,1768403023955,7340041170779,Shelf 10,1,Cool on Track Bell Boots,Tack & Equipment > Boots & Wraps > Bell Boots,43250502,Size: Medium,,,,,Wellington Warehouse,18.00,18.00,18.00,36.00,0,0,0.01923077,,
2,LVL 3,1770396427445,"5063240063971, 5063240063971",Saddle Pads 3,3,LeMieux Essence Dressage Square Pad,Tack & Equipment > English Saddle Pads > Dressage Saddle Pads,IT05916066,Color: Navy,Size: Medium,,,,Wellington Warehouse,54.77,54.77,54.77,109.95,0,0,,,
0,LVL 3,1770396427445,"5056252326738, IT01367005",Saddle Pads 3,3,LeMieux Self-Cool Dressage Sqaure Pad,Tack & Equipment > English Saddle Pads > Dressage Saddle Pads,4855,Size: Large,Color: Polar Grey,,,,Wellington Warehouse,54.89,54.89,54.89,109.95,0,0,,,
0,BIN 1,1776787211212,846774013231,Gloves,1,"Nunn Finer Nylon Center Stirrup Leathers 1"" Wide",Tack & Equipment > Stirrups & Leathers > Stirrup Leathers & Accessories,430HA,Color: Havana,"Size: 54""",,,,Wellington Warehouse,67.00,67.00,67.00,130.00,0,0,,,
1,LVL 3,1770396427445,"5056252390708, 5056252390708",Saddle Pads 3,3,LeMieux Puissance Suede Dressage Pad,Tack & Equipment > English Saddle Pads > Dressage Saddle Pads,IT03808066,Size: Medium,Color: Black,,,,Wellington Warehouse,54.78,54.78,54.78,109.95,0,0,,,
1,LVL 3,1770396427445,"5063240094210, 5063240094210",Saddle Pads 3,3,LeMieux Puissance Suede Dressage Pad,Tack & Equipment > English Saddle Pads > Dressage Saddle Pads,IT06900005,Size: Large,Color: White,,,,Wellington Warehouse,54.78,54.78,54.78,109.95,0,0,,,
1,LVL 4,1770396427446,"5063240094203, 5063240094203",Saddle Pads 3,4,LeMieux Puissance Suede Close Contact Pad,Tack & Equipment > English Saddle Pads > All Purpose & Hunter/Jumper Saddle Pads,IT06899006,Size: Medium,Color: White,,,,Wellington Warehouse,54.77,54.77,54.77,109.95,0,0,,,
1,BIN-04,1777314709514,"5063240095705, 5063240095705",Shelf 21,4,LeMieux Puissance Ear Bonnet,Tack & Equipment > Ear Plugs & Bonnets > Bonnets,IT06352004,Size: Medium,Color: Navy,,,,Wellington Warehouse,32.39,32.39,32.39,64.95,0,0,,,
0,BIN-04,1777314709514,IT03804006,Shelf 21,4,LeMieux Puissance Ear Bonnet,Tack & Equipment > Ear Plugs & Bonnets > Bonnets,IT03804-XL,Size: XL,Color: Black,,,,Wellington Warehouse,32.39,32.39,32.39,64.95,0,0,,,
1,LVL 4,1770396427446,"5063240064053, 5063240064053",Saddle Pads 3,4,LeMieux Essence EuroJump Square Pad,Tack & Equipment > English Saddle Pads > All Purpose & Hunter/Jumper Saddle Pads,IT05920066,Size: Medium,Color: Stone,,,,Wellington Warehouse,54.77,54.77,54.77,109.95,0,0,,,
0,ROW 2 : LVL 1,1774281650391,IT03909001,Hoof/Treats,1,LeMieux Stall Toy,Horse Care > Treats & Toys > Toys & Licks,IT03909,Type: Apple,,,,,Wellington Warehouse,27.54,27.54,27.54,54.95,0,0,,,
2,BIN-04,1777314709514,"5056252390623, 5056252390623",Shelf 21,4,LeMieux Puissance Ear Bonnet,Tack & Equipment > Ear Plugs & Bonnets > Bonnets,IT03804005,Size: Large,Color: Black,,,,Wellington Warehouse,32.39,32.39,32.39,64.95,0,0,,,
1,LVL 4,1770396427446,"5063240064046, 5063240064046",Saddle Pads 3,4,LeMieux Essence EuroJump Square Pad,Tack & Equipment > English Saddle Pads > All Purpose & Hunter/Jumper Saddle Pads,IT05919005,Size: Large,Color: Navy,,,,Wellington Warehouse,54.77,54.77,54.77,109.95,0,0,,,
2,LVL 4,1770396427446,"5063240095026, 5063240095026",Saddle Pads 3,4,LeMieux 3D Mesh Self-Cool EuroJump Square Pad,Tack & Equipment > English Saddle Pads > All Purpose & Hunter/Jumper Saddle Pads,IT06930066,Size: Medium,Color: White,,,,Wellington Warehouse,54.77,54.77,54.77,109.95,0,0,,,
2,BIN-04,1777314709514,"5063240036487, 5063240036487",Shelf 21,4,LeMieux Crystal Ear Bonnet,Tack & Equipment > Ear Plugs & Bonnets > Bonnets,IT05060005,Size: Large,Color: White,,,,Wellington Warehouse,24.91,24.91,24.91,49.95,0,0,,,
3,BIN-04,1777314709514,"5063240015857, 5063240015857",Shelf 21,4,LeMieux Crystal Ear Bonnet,Tack & Equipment > Ear Plugs & Bonnets > Bonnets,IT03584005,Size: Large,Color: Navy,,,,Wellington Warehouse,24.91,24.91,24.91,49.95,0,0,,,
0,LVL 4,1770396427446,"5063240095019, 5063240095019",Saddle Pads 3,4,LeMieux 3D Mesh Self-Cool EuroJump Square Pad,Tack & Equipment > English Saddle Pads > All Purpose & Hunter/Jumper Saddle Pads,IT06930005,Size: Large,Color: White,,,,Wellington Warehouse,54.77,54.77,54.77,109.95,0,0,0.036363635,,
1,BIN-04,1777314709514,"5063240079392, 5063240079392",Shelf 21,4,LeMieux Puissance Ear Bonnet,Tack & Equipment > Ear Plugs & Bonnets > Bonnets,IT06352005,Size: Large,Color: Navy,,,,Wellington Warehouse,32.39,32.39,32.39,64.95,0,0,,,
1,BIN-04,1777314709514,"5060204795510, IT00776005",Shelf 21,4,LeMieux Vogue Ear Bonnet,Tack & Equipment > Ear Plugs & Bonnets > Bonnets,IT00776005,Size: Large,Color: Black,,,,Wellington Warehouse,24.91,24.91,24.91,49.95,0,0,0.017857144,,
1,BIN-04,1777314709514,"5063240036470, 5063240036470",Shelf 21,4,LeMieux Crystal Ear Bonnet,Tack & Equipment > Ear Plugs & Bonnets > Bonnets,IT05060004,Size: Medium,Color: White,,,,Wellington Warehouse,24.91,24.91,24.91,49.95,0,0,,,
1,BIN-04,1777314709514,"5056252390630, 5056252390630",Shelf 21,4,LeMieux Puissance Ear Bonnet,Tack & Equipment > Ear Plugs & Bonnets > Bonnets,IT03804004,Size: Medium,Color: Black,,,,Wellington Warehouse,32.39,32.39,32.39,64.95,0,0,,,
2,LVL 4,1770396427446,"5063240094982, IT06928066",Saddle Pads 3,4,LeMieux 3D Mesh Self-Cool EuroJump Square Pad,Tack & Equipment > English Saddle Pads > All Purpose & Hunter/Jumper Saddle Pads,IT06928066,Size: Medium,Color: Black,,,,Wellington Warehouse,54.77,54.77,54.77,109.95,0,0,,,
1,BIN-04,1777314709514,"5060491418550, IT00778006",Shelf 21,4,LeMieux Vogue Ear Bonnet,Tack & Equipment > Ear Plugs & Bonnets > Bonnets,7866,Size: XL,Color: Grey,,,,Wellington Warehouse,24.91,24.91,24.91,49.95,0,0,,,
1,LVL 4,1770396427446,"5063240094999, 5063240094999",Saddle Pads 3,4,LeMieux 3D Mesh Self-Cool EuroJump Square Pad,Tack & Equipment > English Saddle Pads > All Purpose & Hunter/Jumper Saddle Pads,IT06929066,Size: Medium,Color: Navy,,,,Wellington Warehouse,54.77,54.77,54.77,109.95,0,0,0.018867925,,
1,BIN-04,1777314709514,"5060204795503, IT00776006",Shelf 21,4,LeMieux Vogue Ear Bonnet,Tack & Equipment > Ear Plugs & Bonnets > Bonnets,IT00776006,Size: XL,Color: Black,,,,Wellington Warehouse,24.91,24.91,24.91,49.95,0,0,,,
2,LVL 4,1770396427446,"5063240064039, 5063240064039",Saddle Pads 3,4,LeMieux Essence EuroJump Square Pad,Tack & Equipment > English Saddle Pads > All Purpose & Hunter/Jumper Saddle Pads,IT05919066,Size: Medium,Color: Navy,,,,Wellington Warehouse,54.77,54.77,54.77,109.95,0,0,,,
0,LVL 4,1770396427446,"5063240079354, 5063240079354",Saddle Pads 3,4,LeMieux Puissance Suede Close Contact Pad,Tack & Equipment > English Saddle Pads > All Purpose & Hunter/Jumper Saddle Pads,IT06350005,Size: Large,Color: Navy,,,,Wellington Warehouse,54.77,54.77,54.77,109.95,0,0,,,
0,BIN-04,1777314709514,"5063240120919, 5063240120919",Shelf 21,4,LeMieux Puissance Ear Bonnet,Tack & Equipment > Ear Plugs & Bonnets > Bonnets,IT06352006,Size: XL,Color: Navy,,,,Wellington Warehouse,32.39,32.39,32.39,64.95,0,0,0.011363637,,
2,BIN-04,1777314709514,"5060491418543, IT00778005",Shelf 21,4,LeMieux Vogue Ear Bonnet,Tack & Equipment > Ear Plugs & Bonnets > Bonnets,IT00778005,Size: Large,Color: Grey,,,,Wellington Warehouse,24.91,24.91,24.91,49.95,0,0,,,
1,BIN-04,1777314709514,"5060204795527, IT00776004",Shelf 21,4,LeMieux Vogue Ear Bonnet,Tack & Equipment > Ear Plugs & Bonnets > Bonnets,IT00776004,Size: Medium,Color: Black,,,,Wellington Warehouse,24.91,24.91,24.91,49.95,0,0,,,
0,LVL 1,1771873985967,000399507050,Sheets 4,1,Weaver Bridle and Halter Rack,Stable > Stable Organizers > Racks & Hooks,65-4415,Title: Default Title,,,,,Wellington Warehouse,8.70,8.70,8.70,12.69,0,0,,,
1,ROW 3 : LVL 1,1774281614626,5407010749106,Grooming/Tack Cleaner,1,Grooming Deluxe Soft Leather Almond Cream,Tack & Equipment > Leather Care,42422,Title: Default Title,,,,,Wellington Warehouse,13.83,13.83,13.83,44.99,0,0,0.05263158,,
10,ROW 3 : LVL 2,1774281614627,,Grooming/Tack Cleaner,2,Stubben Hamanol Leather Dressing,Tack & Equipment > Leather Care,32001,Size: 8.8oz,,,,,Wellington Warehouse,10.00,10.00,10.00,20.00,0,0,0.020408163,,
5,ROW 1 : LVL 1,1768938420680,853353004115,First Aid,1,Flair Nasal Strip,Tack & Equipment > Training & Lunging > Accessories,SS-BRN6PK-BK,Size: 6-Pack,Color: Brown,,,,Wellington Warehouse,31.58,31.58,31.58,49.95,0,0,,,
2,ROW 1 : LVL 1,1768938420680,853353004016,First Aid,1,Flair Nasal Strip,Tack & Equipment > Training & Lunging > Accessories,SS-BLK6PK-IA,Size: 6-Pack,Color: Black,,,,Wellington Warehouse,31.58,31.58,31.58,49.95,0,0,0.02631579,,
0,ROW 1 : LVL 1,1768938420680,853353004030,First Aid,1,Flair Nasal Strip,Tack & Equipment > Training & Lunging > Accessories,SS-WHT6PK-AF,Size: 6-Pack,Color: White,,,,Wellington Warehouse,31.58,31.58,31.58,49.95,0,0,,,
3,LVL 4,1771436264208,649982558590,Blankets 8,4,Amigo 1200D Turnout (0g Light),Horse Wear > Blankets & Sheets > Turnout Blankets & Sheets > Sheets,AAOAL0-BJI0-75,Color: Navy/Titanium Grey & Silver,Size: 75,,,,Wellington Warehouse,82.45,82.45,82.45,186.95,0,0,,,
5,LVL 2,1771259569147,649982550198,Blankets 7,2,Amigo 1200D Turnout (100g Light),Horse Wear > Blankets & Sheets > Turnout Blankets & Sheets > Lightweight,AAOAL2-KJI0-78,Color: Black,Size: 78,,,,Wellington Warehouse,86.45,86.45,86.45,209.95,0,0,,,
3,LVL 2,1770740443979,649982314783,Blankets 2,2,Rambo 1680D Plus Turnout (100g Light),Horse Wear > Blankets & Sheets > Turnout Blankets & Sheets > Lightweight,AAEPL2-BJJI-72,Color: Navy / Thunderstorm Grey & Silver,Size: 72,,,,Wellington Warehouse,208.55,208.55,208.55,472.95,0,0,,,
3,LVL 2,1770740443979,"0649982290643, 649982290643",Blankets 2,2,Rambo 1680D Plus Turnout (100g Light),Horse Wear > Blankets & Sheets > Turnout Blankets & Sheets > Lightweight,AAEPL2-KJJI-78,Color: Black / Thunderstorm Grey & Silver,Size: 78,,,,Wellington Warehouse,208.55,208.55,208.55,472.95,0,0,,,
3,LVL 2,1771259569147,649982550181,Blankets 7,2,Amigo 1200D Turnout (100g Light),Horse Wear > Blankets & Sheets > Turnout Blankets & Sheets > Lightweight,AAOAL2-KJI0-75,Color: Black,Size: 75,,,,Wellington Warehouse,86.45,86.45,86.45,209.95,0,0,,,
3,LVL 2,1770740443979,649982203094,Blankets 2,2,Rambo 1680D Plus Turnout (0g Light),Horse Wear > Blankets & Sheets > Turnout Blankets & Sheets > Sheets,AAASA0-BJJI-72,Color: Navy / Thunderstorm Grey & Silver,Size: 72,,,,Wellington Warehouse,198.85,198.85,198.85,449.95,0,0,,,
2,LVL 4,1771436264208,649982558606,Blankets 8,4,Amigo 1200D Turnout (0g Light),Horse Wear > Blankets & Sheets > Turnout Blankets & Sheets > Sheets,AAOAL0-BJI0-78,Color: Navy/Titanium Grey & Silver,Size: 78,,,,Wellington Warehouse,82.45,82.45,82.45,186.95,0,0,,,
5,LVL 4,1771436264208,649982558583,Blankets 8,4,Amigo 1200D Turnout (0g Light),Horse Wear > Blankets & Sheets > Turnout Blankets & Sheets > Sheets,AAOAL0-BJI0-72,Color: Navy/Titanium Grey & Silver,Size: 72,,,,Wellington Warehouse,82.45,82.45,82.45,186.95,0,0,,,
3,LVL 2,1771259569147,649982555209,Blankets 7,2,Amigo 1200D Turnout (100g Light),Horse Wear > Blankets & Sheets > Turnout Blankets & Sheets > Lightweight,AAOAL2-BJI0-78,Color: Navy,Size: 78,,,,Wellington Warehouse,86.45,86.45,86.45,209.95,0,0,,,
7,LVL 4,1771436264208,649982555261,Blankets 8,4,Amigo 1200D Turnout (0g Light),Horse Wear > Blankets & Sheets > Turnout Blankets & Sheets > Sheets,AAOAL0-KJI0-72,Color: Black/Titanium Grey & Silver,Size: 72,,,,Wellington Warehouse,82.45,82.45,82.45,186.95,0,0,,,
5,LVL 2,1771259569147,649982550174,Blankets 7,2,Amigo 1200D Turnout (100g Light),Horse Wear > Blankets & Sheets > Turnout Blankets & Sheets > Lightweight,AAOAL2-KJI0-72,Color: Black,Size: 72,,,,Wellington Warehouse,86.45,86.45,86.45,209.95,0,0,,,
3,LVL 2,1770740443979,649982314806,Blankets 2,2,Rambo 1680D Plus Turnout (100g Light),Horse Wear > Blankets & Sheets > Turnout Blankets & Sheets > Lightweight,AAEPL2-BJJI-78,Color: Navy / Thunderstorm Grey & Silver,Size: 78,,,,Wellington Warehouse,208.55,208.55,208.55,472.95,0,0,,,
3,LVL 4,1771436264208,"0649982555292, 649982555292",Blankets 8,4,Amigo 1200D Turnout (0g Light),Horse Wear > Blankets & Sheets > Turnout Blankets & Sheets > Sheets,AAOAL0-KJI0-81,Color: Black/Titanium Grey & Silver,Size: 81,,,,Wellington Warehouse,82.45,82.45,82.45,186.95,0,0,,,
5,LVL 1 ,1771259569146,649982191575,Blankets 7,1,Rhino Plus Turnout (100g Light),Horse Wear > Blankets & Sheets > Turnout Blankets & Sheets > Lightweight,AABPA1-BJD0-75,Color: Navy,Size: 75,,,,Wellington Warehouse,126.10,126.10,126.10,285.95,0,0,,,
2,LVL 2,1770740443979,649982203117,Blankets 2,2,Rambo 1680D Plus Turnout (0g Light),Horse Wear > Blankets & Sheets > Turnout Blankets & Sheets > Sheets,AAASA0-BJJI-78,Color: Navy / Thunderstorm Grey & Silver,Size: 78,,,,Wellington Warehouse,198.85,198.85,198.85,449.95,0,0,,,
3,LVL 2,1770740443979,649982290636,Blankets 2,2,Rambo 1680D Plus Turnout (100g Light),Horse Wear > Blankets & Sheets > Turnout Blankets & Sheets > Lightweight,AAEPL2-KJJI-75,Color: Black / Thunderstorm Grey & Silver,Size: 75,,,,Wellington Warehouse,208.55,208.55,208.55,472.95,0,0,,,
-1,,,5407007537617,,,Kentucky Horsewear Dressage Skin Friendly Saddle Pad,Tack & Equipment > English Saddle Pads > Dressage Saddle Pads,42468-03-DR,Color: Navy,Size: Full,,,,Wellington Warehouse,107.26,107.26,107.26,349.99,0,0,,,
5,LVL 4,1771436264208,649982555278,Blankets 8,4,Amigo 1200D Turnout (0g Light),Horse Wear > Blankets & Sheets > Turnout Blankets & Sheets > Sheets,AAOAL0-KJI0-75,Color: Black/Titanium Grey & Silver,Size: 75,,,,Wellington Warehouse,82.45,82.45,82.45,186.95,0,0,,,
3,LVL 2,1770740443979,649982195917,Blankets 2,2,Rambo 1680D Plus Turnout (0g Light),Horse Wear > Blankets & Sheets > Turnout Blankets & Sheets > Sheets,AAASA0-KJJI-75,Color: Black / Thunderstorm Grey & Silver,Size: 75,,,,Wellington Warehouse,198.85,198.85,198.85,449.95,0,0,,,
4,LVL 2,1771259569147,649982550259,Blankets 7,2,Amigo 1200D Turnout (100g Light),Horse Wear > Blankets & Sheets > Turnout Blankets & Sheets > Lightweight,AAOAL2-BJI0-72,Color: Navy,Size: 72,,,,Wellington Warehouse,86.45,86.45,86.45,209.95,0,0,,,
5,LVL 2,1771259569147,649982553489,Blankets 7,2,Amigo 1200D Turnout (100g Light),Horse Wear > Blankets & Sheets > Turnout Blankets & Sheets > Lightweight,AAOAL2-BJI0-75,Color: Navy,Size: 75,,,,Wellington Warehouse,86.45,86.45,86.45,209.95,0,0,,,
6,LVL 4,1771436264208,649982555285,Blankets 8,4,Amigo 1200D Turnout (0g Light),Horse Wear > Blankets & Sheets > Turnout Blankets & Sheets > Sheets,AAOAL0-KJI0-78,Color: Black/Titanium Grey & Silver,Size: 78,,,,Wellington Warehouse,82.45,82.45,82.45,186.95,0,0,,,
5,LVL 1 ,1771259569146,649982191568,Blankets 7,1,Rhino Plus Turnout (100g Light),Horse Wear > Blankets & Sheets > Turnout Blankets & Sheets > Lightweight,AABPA1-BJD0-72,Color: Navy,Size: 72,,,,Wellington Warehouse,126.10,126.10,126.10,285.95,0,0,,,
1,LVL 2,1770740443979,"0649982195931, 649982195931",Blankets 2,2,Rambo 1680D Plus Turnout (0g Light),Horse Wear > Blankets & Sheets > Turnout Blankets & Sheets > Sheets,AAASA0-KJJI-81,Color: Black / Thunderstorm Grey & Silver,Size: 81,,,,Wellington Warehouse,198.85,198.85,198.85,449.95,0,0,,,
2,LVL 2,1770740443979,649982314813,Blankets 2,2,Rambo 1680D Plus Turnout (100g Light),Horse Wear > Blankets & Sheets > Turnout Blankets & Sheets > Lightweight,AAEPL2-BJJI-81,Color: Navy / Thunderstorm Grey & Silver,Size: 81,,,,Wellington Warehouse,208.55,208.55,208.55,472.95,0,0,,,
4,LVL 2,1771259569147,"0649982555216, 649982555216",Blankets 7,2,Amigo 1200D Turnout (100g Light),Horse Wear > Blankets & Sheets > Turnout Blankets & Sheets > Lightweight,AAOAL2-BJI0-81,Color: Navy,Size: 81,,,,Wellington Warehouse,86.45,86.45,86.45,209.95,0,0,,,
3,LVL 2,1770740443979,649982290629,Blankets 2,2,Rambo 1680D Plus Turnout (100g Light),Horse Wear > Blankets & Sheets > Turnout Blankets & Sheets > Lightweight,AAEPL2-KJJI-72,Color: Black / Thunderstorm Grey & Silver,Size: 72,,,,Wellington Warehouse,208.55,208.55,208.55,472.95,0,0,,,
1,LVL 2,1770740443979,649982195924,Blankets 2,2,Rambo 1680D Plus Turnout (0g Light),Horse Wear > Blankets & Sheets > Turnout Blankets & Sheets > Sheets,AAASA0-KJJI-78,Color: Black / Thunderstorm Grey & Silver,Size: 78,,,,Wellington Warehouse,198.85,198.85,198.85,449.95,0,0,,,
4,LVL 2,1771259569147,649982550204,Blankets 7,2,Amigo 1200D Turnout (100g Light),Horse Wear > Blankets & Sheets > Turnout Blankets & Sheets > Lightweight,AAOAL2-KJI0-81,Color: Black,Size: 81,,,,Wellington Warehouse,86.45,86.45,86.45,209.95,0,0,,,
3,LVL 2,1770740443979,"0649982290650, 649982290650",Blankets 2,2,Rambo 1680D Plus Turnout (100g Light),Horse Wear > Blankets & Sheets > Turnout Blankets & Sheets > Lightweight,AAEPL2-KJJI-81,Color: Black / Thunderstorm Grey & Silver,Size: 81,,,,Wellington Warehouse,208.55,208.55,208.55,472.95,0,0,,,
2,LVL 2,1770740443979,649982314790,Blankets 2,2,Rambo 1680D Plus Turnout (100g Light),Horse Wear > Blankets & Sheets > Turnout Blankets & Sheets > Lightweight,AAEPL2-BJJI-75,Color: Navy / Thunderstorm Grey & Silver,Size: 75,,,,Wellington Warehouse,208.55,208.55,208.55,472.95,0,0,,,
1,LVL 4,1771436264208,649982558613,Blankets 8,4,Amigo 1200D Turnout (0g Light),Horse Wear > Blankets & Sheets > Turnout Blankets & Sheets > Sheets,AAOAL0-BJI0-81,Color: Navy/Titanium Grey & Silver,Size: 81,,,,Wellington Warehouse,82.45,82.45,82.45,186.95,0,0,,,
4,LVL 1 ,1771259569146,649982191599,Blankets 7,1,Rhino Plus Turnout (100g Light),Horse Wear > Blankets & Sheets > Turnout Blankets & Sheets > Lightweight,AABPA1-BJD0-81,Color: Navy,Size: 81,,,,Wellington Warehouse,126.10,126.10,126.10,285.95,0,0,,,
2,LVL 2,1770740443979,649982203100,Blankets 2,2,Rambo 1680D Plus Turnout (0g Light),Horse Wear > Blankets & Sheets > Turnout Blankets & Sheets > Sheets,AAASA0-BJJI-75,Color: Navy / Thunderstorm Grey & Silver,Size: 75,,,,Wellington Warehouse,198.85,198.85,198.85,449.95,0,0,,,
3,LVL 1 ,1771259569146,649982191582,Blankets 7,1,Rhino Plus Turnout (100g Light),Horse Wear > Blankets & Sheets > Turnout Blankets & Sheets > Lightweight,AABPA1-BJD0-78,Color: Navy,Size: 78,,,,Wellington Warehouse,126.10,126.10,126.10,285.95,0,0,,,
1,LVL 2,1770740443979,649982203124,Blankets 2,2,Rambo 1680D Plus Turnout (0g Light),Horse Wear > Blankets & Sheets > Turnout Blankets & Sheets > Sheets,AAASA0-BJJI-81,Color: Navy / Thunderstorm Grey & Silver,Size: 81,,,,Wellington Warehouse,198.85,198.85,198.85,449.95,0,0,,,
2,LVL 2,1770740443979,649982195900,Blankets 2,2,Rambo 1680D Plus Turnout (0g Light),Horse Wear > Blankets & Sheets > Turnout Blankets & Sheets > Sheets,AAASA0-KJJI-72,Color: Black / Thunderstorm Grey & Silver,Size: 72,,,,Wellington Warehouse,198.85,198.85,198.85,449.95,0,0,,,
4,LVL 1 ,1771436264205,649982559344,Blankets 8,1,Amigo 1200D Turnout (250g Medium),Horse Wear > Blankets & Sheets > Turnout Blankets & Sheets > Medium Weight,AAOAL5-BJI0-81,Color: Navy,Size: 81,,,,Wellington Warehouse,97.00,97.00,97.00,219.95,0,0,,,
4,BIN-02,1767553027608,649982306979,Shelf 4,2,Horseware Ireland LED Red Light Therapy Wand,Horse Care > Equine Therapy > Light Therapy,TLHAT1-KK00-EA,Title: Default Title,,,,,Wellington Warehouse,150.15,150.15,150.15,329.95,0,5,0.014285714,,
6,LVL 1 ,1771436264205,649982558668,Blankets 8,1,Amigo 1200D Turnout (250g Medium),Horse Wear > Blankets & Sheets > Turnout Blankets & Sheets > Medium Weight,AAOAL5-KJI0-72,Color: Black,Size: 72,,,,Wellington Warehouse,97.00,97.00,97.00,219.95,0,0,,,
7,LVL 1 ,1771436264205,649982558675,Blankets 8,1,Amigo 1200D Turnout (250g Medium),Horse Wear > Blankets & Sheets > Turnout Blankets & Sheets > Medium Weight,AAOAL5-KJI0-75,Color: Black,Size: 75,,,,Wellington Warehouse,97.00,97.00,97.00,219.95,0,0,,,
7,LVL 1 ,1771436264205,"0649982558743, 649982558743",Blankets 8,1,Amigo 1200D Turnout (250g Medium),Horse Wear > Blankets & Sheets > Turnout Blankets & Sheets > Medium Weight,AAOAL5-BJI0-72,Color: Navy,Size: 72,,,,Wellington Warehouse,97.00,97.00,97.00,219.95,0,0,,,
10,BIN-03,1774887638159,33613370,Cavali 2,3,Dreamers & Schemers Bit Socks,Rider > Accessories & Apparel > Socks,WINTER507,Title: Default Title,,,,,Wellington Warehouse,6.75,6.75,6.75,15.95,0,0,,,
7,LVL 1 ,1771436264205,"0649982558699, 649982558699",Blankets 8,1,Amigo 1200D Turnout (250g Medium),Horse Wear > Blankets & Sheets > Turnout Blankets & Sheets > Medium Weight,AAOAL5-KJI0-81,Color: Black,Size: 81,,,,Wellington Warehouse,97.00,97.00,97.00,219.95,0,0,,,
7,LVL 1 ,1771436264205,649982559320,Blankets 8,1,Amigo 1200D Turnout (250g Medium),Horse Wear > Blankets & Sheets > Turnout Blankets & Sheets > Medium Weight,AAOAL5-BJI0-75,Color: Navy,Size: 75,,,,Wellington Warehouse,97.00,97.00,97.00,219.95,0,0,,,
1,BIN-02,1767553027608,649982308461,Shelf 4,2,Horseware Ireland LED Red Light Poll Cap,Horse Care > Equine Therapy > Light Therapy,TLHNT1-KK00-FU,Title: Default Title,,,,,Wellington Warehouse,330.33,330.33,330.33,725.95,0,4,,,
7,LVL 1 ,1771436264205,649982558682,Blankets 8,1,Amigo 1200D Turnout (250g Medium),Horse Wear > Blankets & Sheets > Turnout Blankets & Sheets > Medium Weight,AAOAL5-KJI0-78,Color: Black,Size: 78,,,,Wellington Warehouse,97.00,97.00,97.00,219.95,0,0,,,
1,BIN 1,1776787343289,,Spurs,1,Nunn Finer Steel Horseshoe Studs,Tack & Equipment > Studs & Accessories,60DWholesale,Option: D,,,,,Wellington Warehouse,12.50,12.50,12.50,30.00,0,0,,,
3,LVL 1 ,1771436264205,649982559337,Blankets 8,1,Amigo 1200D Turnout (250g Medium),Horse Wear > Blankets & Sheets > Turnout Blankets & Sheets > Medium Weight,AAOAL5-BJI0-78,Color: Navy,Size: 78,,,,Wellington Warehouse,97.00,97.00,97.00,219.95,0,0,,,
2,Shirts,1777650559287,5063240102861,C,1,LeMieux Classique Base Layer,Rider > Accessories & Apparel > Shirts,IT07157013,Size: 6,Color: Juniper,,,,Wellington Warehouse,37.35,37.35,37.35,52.45,0,0,,,
3,Shirts,1777650559287,,C,1,LeMieux Young Rider Mia Mesh Base Layer,Rider > Accessories & Apparel > Shirts,IT07208114,Size: 7-8 years,Color: Juniper,,,,Wellington Warehouse,40.81,40.81,40.81,49.99,0,0,,,
4,Shirts,1777650559287,,C,1,LeMieux Young Rider Mia Mesh Base Layer,Rider > Accessories & Apparel > Shirts,IT07210111,Size: 13-14 years,Color: Rosemary,,,,Wellington Warehouse,40.81,40.81,40.81,49.99,0,0,,,
4,Shirts,1777650559287,5063240103080,C,1,LeMieux Classique Base Layer,Rider > Accessories & Apparel > Shirts,IT07160014,Size: 8,Color: Rosemary,,,,Wellington Warehouse,37.35,37.35,37.35,52.45,0,0,,,
3,Shirts,1777650559287,5063240103110,C,1,LeMieux Classique Base Layer,Rider > Accessories & Apparel > Shirts,IT07160017,Size: 2,Color: Rosemary,,,,Wellington Warehouse,37.35,37.35,37.35,52.45,0,0,,,
0,Jackets,1777650559286,5063240105756,C,1,LeMieux Dynamique Jacket,Rider > Accessories & Apparel > Jackets,IT07198015,Size: 10,Color: Damson,,,,Wellington Warehouse,59.77,59.77,59.77,89.00,0,0,0.0125,,
2,Shirts,1777650559287,5063240102816,C,1,LeMieux Classique Base Layer,Rider > Accessories & Apparel > Shirts,IT07156015,Size: 10,Color: Damson,,,,Wellington Warehouse,37.35,37.35,37.35,52.45,0,0,,,
0,Shirts,1777650559287,5063240102908,C,1,LeMieux Classique Base Layer,Rider > Accessories & Apparel > Shirts,IT07157017,Size: 2,Color: Juniper,,,,Wellington Warehouse,37.35,37.35,37.35,52.45,0,0,0.011904762,,
2,Shirts,1777650559287,5063240103134,C,1,LeMieux Classique Base Layer,Rider > Accessories & Apparel > Shirts,IT07160033,Size: 14,Color: Rosemary,,,,Wellington Warehouse,37.35,37.35,37.35,52.45,0,0,,,
1,Jackets,1777650559286,5063240105848,C,1,LeMieux Dynamique Jacket,Rider > Accessories & Apparel > Jackets,IT07199017,Size: 2,Color: Juniper,,,,Wellington Warehouse,59.77,59.77,59.77,89.00,0,0,0.02247191,,
5,LVL 3,1770396427445,"5063240132028, 5063240132028",Saddle Pads 3,3,LeMieux Suede Dressage Square Pad,Tack & Equipment > English Saddle Pads > Dressage Saddle Pads,IT08145005,Size: Full,Color: Navy,,,,Wellington Warehouse,47.31,47.31,47.31,65.49,0,0,,,
3,Cycle Counted,1777744483593,"5063240106210, 5063240106210",C,1,LeMieux Young Rider Classique Base Layer,Rider > Accessories & Apparel > Shirts,IT07207114,Size: 7-8 years,Color: Rosemary,,,,Wellington Warehouse,33.00,33.00,33.00,49.99,0,0,,,
3,Shirts,1777650559287,,C,1,LeMieux Young Rider Mia Mesh Base Layer,Rider > Accessories & Apparel > Shirts,IT07210110,Size: 11-12 years,Color: Rosemary,,,,Wellington Warehouse,40.81,40.81,40.81,49.99,0,0,,,
3,Jackets,1777650559286,5063240104483,C,1,LeMieux Keira Quarter Zip Sweatshirt,Rider > Accessories & Apparel > Jackets,IT07180014,Size: 8,Color: Rosemary,,,,Wellington Warehouse,54.77,54.77,54.77,79.99,0,0,,,
0,Shirts,1777650559287,5063240103127,C,1,LeMieux Classique Base Layer,Rider > Accessories & Apparel > Shirts,IT07160018,Size: 4,Color: Rosemary,,,,Wellington Warehouse,37.35,37.35,37.35,52.45,0,0,0.022727273,,
5,Shirts,1777650559287,,C,1,LeMieux Young Rider Mia Mesh Base Layer,Rider > Accessories & Apparel > Shirts,IT07208111,Size: 13-14 years,Color: Juniper,,,,Wellington Warehouse,40.81,40.81,40.81,49.99,0,0,,,
2,Shirts,1777650559287,5063240132127,C,1,LeMieux Classique Base Layer,Rider > Accessories & Apparel > Shirts,IT07156034,Size: 0,Color: Damson,,,,Wellington Warehouse,37.35,37.35,37.35,52.45,0,0,,,
4,Cycle Counted,1777744483593,"5063240106043, 5063240106043",C,1,LeMieux Young Rider Classique Base Layer,Rider > Accessories & Apparel > Shirts,IT07203112,Size: 9-10 years,Color: Damson,,,,Wellington Warehouse,33.00,33.00,33.00,49.99,0,0,,,
3,Cycle Counted,1777744483593,"5063240106180, 5063240106180",C,1,LeMieux Young Rider Classique Base Layer,Rider > Accessories & Apparel > Shirts,IT07207110,Size: 11-12 years,Color: Rosemary,,,,Wellington Warehouse,33.00,33.00,33.00,49.99,0,0,,,
5,Cycle Counted,1777744483593,"5063240106197, 5063240106197",C,1,LeMieux Young Rider Classique Base Layer,Rider > Accessories & Apparel > Shirts,IT07207111,Size: 13-14 years,Color: Rosemary,,,,Wellington Warehouse,33.00,33.00,33.00,49.99,0,0,,,
2,Shirts,1777650559287,5063240102809,C,1,LeMieux Classique Base Layer,Rider > Accessories & Apparel > Shirts,IT07156014,Size: 8,Color: Damson,,,,Wellington Warehouse,37.35,37.35,37.35,52.45,0,0,,,
2,Jackets,1777650559286,5063240104513,C,1,LeMieux Keira Quarter Zip Sweatshirt,Rider > Accessories & Apparel > Jackets,IT07180017,Size: 2,Color: Rosemary,,,,Wellington Warehouse,54.77,54.77,54.77,79.99,0,0,,,
4,Shirts,1777650559287,,C,1,LeMieux Young Rider Mia Mesh Base Layer,Rider > Accessories & Apparel > Shirts,IT07210112,Size: 9-10 years,Color: Rosemary,,,,Wellington Warehouse,40.81,40.81,40.81,49.99,0,0,,,
3,Shirts,1777650559287,,C,1,LeMieux Young Rider Mia Mesh Base Layer,Rider > Accessories & Apparel > Shirts,IT07210114,Size: 7-8 years,Color: Rosemary,,,,Wellington Warehouse,40.81,40.81,40.81,49.99,0,0,,,
0,Shirts,1777650559287,,C,1,LeMieux Britney Seamless Long Sleeve Top,Rider > Accessories & Apparel > Shirts,IT07485004,Size: Medium,Color: Damson,,,,Wellington Warehouse,37.35,37.35,37.35,49.99,0,0,0.024390243,,
1,Shirts,1777650559287,5063240102847,C,1,LeMieux Classique Base Layer,Rider > Accessories & Apparel > Shirts,IT07156018,Size: 4,Color: Damson,,,,Wellington Warehouse,37.35,37.35,37.35,52.45,0,0,0.04,,
4,Cycle Counted,1777744483593,"5063240106029, 5063240106029",C,1,LeMieux Young Rider Classique Base Layer,Rider > Accessories & Apparel > Shirts,IT07203110,Size: 11-12 years,Color: Damson,,,,Wellington Warehouse,33.00,33.00,33.00,49.99,0,0,,,
3,Cycle Counted,1777744483593,"5063240106081, 5063240106081",C,1,LeMieux Young Rider Classique Base Layer,Rider > Accessories & Apparel > Shirts,IT07204112,Size: 9-10 years,Color: Juniper,,,,Wellington Warehouse,33.00,33.00,33.00,49.99,0,0,,,
4,Cycle Counted,1777744483593,"5063240106074, 5063240106074",C,1,LeMieux Young Rider Classique Base Layer,Rider > Accessories & Apparel > Shirts,IT07204111,Size: 13-14 years,Color: Juniper,,,,Wellington Warehouse,33.00,33.00,33.00,49.99,0,0,,,
3,LVL 3,1770396427445,"5063240132035, 5063240132035",Saddle Pads 3,3,LeMieux Suede Dressage Square Pad,Tack & Equipment > English Saddle Pads > Dressage Saddle Pads,IT08145006,Size: Cob,Color: Navy,,,,Wellington Warehouse,47.31,47.31,47.31,65.49,0,0,,,
3,Cycle Counted,1777744483593,"5063240106203, 5063240106203",C,1,LeMieux Young Rider Classique Base Layer,Rider > Accessories & Apparel > Shirts,IT07207112,Size: 9-10 years,Color: Rosemary,,,,Wellington Warehouse,33.00,33.00,33.00,49.99,0,0,,,
3,Cycle Counted,1777744483593,"5063240106050, 5063240106050",C,1,LeMieux Young Rider Classique Base Layer,Rider > Accessories & Apparel > Shirts,IT07203114,Size: 7-8 years,Color: Damson,,,,Wellington Warehouse,33.00,33.00,33.00,49.99,0,0,,,
0,Shirts,1777650559287,,C,1,LeMieux Britney Seamless Long Sleeve Top,Rider > Accessories & Apparel > Shirts,IT07485002,Size: X-Small,Color: Damson,,,,Wellington Warehouse,37.35,37.35,37.35,49.99,0,0,,,
0,LVL 3,1770396427445,"5063240101833, 5063240101833",Saddle Pads 3,3,LeMieux Suede Dressage Square Pad,Tack & Equipment > English Saddle Pads > Dressage Saddle Pads,IT07092005,Size: Full,Color: Rosemary,,,,Wellington Warehouse,47.31,47.31,47.31,65.49,0,0,,,
2,Shirts,1777650559287,5063240102878,C,1,LeMieux Classique Base Layer,Rider > Accessories & Apparel > Shirts,IT07157014,Size: 8,Color: Juniper,,,,Wellington Warehouse,37.35,37.35,37.35,52.45,0,0,,,
0,Shirts,1777650559287,5063240102915,C,1,LeMieux Classique Base Layer,Rider > Accessories & Apparel > Shirts,IT07157018,Size: 4,Color: Juniper,,,,Wellington Warehouse,37.35,37.35,37.35,52.45,0,0,0.029411765,,
1,Shirts,1777650559287,,C,1,LeMieux Young Rider Mia Mesh Base Layer,Rider > Accessories & Apparel > Shirts,IT07208110,Size: 11-12 years,Color: Juniper,,,,Wellington Warehouse,40.81,40.81,40.81,49.99,0,0,0.01754386,,
2,Shirts,1777650559287,5063240102854,C,1,LeMieux Classique Base Layer,Rider > Accessories & Apparel > Shirts,IT07156033,Size: 14,Color: Damson,,,,Wellington Warehouse,37.35,37.35,37.35,52.45,0,0,,,
4,Cycle Counted,1777744483593,"5063240106036, 5063240106036",C,1,LeMieux Young Rider Classique Base Layer,Rider > Accessories & Apparel > Shirts,IT07203111,Size: 13-14 years,Color: Damson,,,,Wellington Warehouse,33.00,33.00,33.00,49.99,0,0,,,
2,Shirts,1777650559287,5063240102892,C,1,LeMieux Classique Base Layer,Rider > Accessories & Apparel > Shirts,IT07157016,Size: 12,Color: Juniper,,,,Wellington Warehouse,37.35,37.35,37.35,52.45,0,0,,,
0,Jackets,1777650559286,5063240105800,C,1,LeMieux Dynamique Jacket,Rider > Accessories & Apparel > Jackets,IT07199013,Size: 6,Color: Juniper,,,,Wellington Warehouse,59.77,59.77,59.77,89.00,0,0,,,
3,Shirts,1777650559287,5063240102793,C,1,LeMieux Classique Base Layer,Rider > Accessories & Apparel > Shirts,IT07156013,Size: 6,Color: Damson,,,,Wellington Warehouse,37.35,37.35,37.35,52.45,0,0,,,
2,Jackets,1777650559286,"5063240104490, 5063240104490",C,1,LeMieux Keira Quarter Zip Sweatshirt,Rider > Accessories & Apparel > Jackets,IT07180015,Size: 10,Color: Rosemary,,,,Wellington Warehouse,54.77,54.77,54.77,79.99,0,0,,,
4,Shirts,1777650559287,,C,1,LeMieux Young Rider Mia Mesh Base Layer,Rider > Accessories & Apparel > Shirts,IT07208112,Size: 9-10 years,Color: Juniper,,,,Wellington Warehouse,40.81,40.81,40.81,49.99,0,0,,,
4,Jackets,1777650559286,5063240104476,C,1,LeMieux Keira Quarter Zip Sweatshirt,Rider > Accessories & Apparel > Jackets,IT07180013,Size: 6,Color: Rosemary,,,,Wellington Warehouse,54.77,54.77,54.77,79.99,0,0,,,
3,Jackets,1777650559286,"5063240104506, 5063240104506",C,1,LeMieux Keira Quarter Zip Sweatshirt,Rider > Accessories & Apparel > Jackets,IT07180016,Size: 12,Color: Rosemary,,,,Wellington Warehouse,54.77,54.77,54.77,79.99,0,0,,,
1,Jackets,1777650559286,5063240105855,C,1,LeMieux Dynamique Jacket,Rider > Accessories & Apparel > Jackets,IT07199018,Size: 4,Color: Juniper,,,,Wellington Warehouse,59.77,59.77,59.77,89.00,0,0,,,
1,Shirts,1777650559287,5063240103097,C,1,LeMieux Classique Base Layer,Rider > Accessories & Apparel > Shirts,IT07160015,Size: 10,Color: Rosemary,,,,Wellington Warehouse,37.35,37.35,37.35,52.45,0,0,,,
0,Shirts,1777650559287,,C,1,LeMieux Britney Seamless Long Sleeve Top,Rider > Accessories & Apparel > Shirts,IT07485005,Size: Large,Color: Damson,,,,Wellington Warehouse,37.35,37.35,37.35,49.99,0,0,,,
1,Shirts,1777650559287,,C,1,LeMieux Britney Seamless Long Sleeve Top,Rider > Accessories & Apparel > Shirts,IT07485003,Size: Small,Color: Damson,,,,Wellington Warehouse,37.35,37.35,37.35,49.99,0,0,0.02631579,,
3,Cycle Counted,1777744483593,"5063240106098, 5063240106098",C,1,LeMieux Young Rider Classique Base Layer,Rider > Accessories & Apparel > Shirts,IT07204114,Size: 7-8 years,Color: Juniper,,,,Wellington Warehouse,33.00,33.00,33.00,49.99,0,0,,,
4,Cycle Counted,1777744483593,"5063240106067, 5063240106067",C,1,LeMieux Young Rider Classique Base Layer,Rider > Accessories & Apparel > Shirts,IT07204110,Size: 11-12 years,Color: Juniper,,,,Wellington Warehouse,33.00,33.00,33.00,49.99,0,0,,,
3,LVL 3,1770396427445,"5063240101840, 5063240101840",Saddle Pads 3,3,LeMieux Suede Dressage Square Pad,Tack & Equipment > English Saddle Pads > Dressage Saddle Pads,IT07092066,Size: Cob,Color: Rosemary,,,,Wellington Warehouse,47.31,47.31,47.31,65.49,0,0,,,
3,Shirts,1777650559287,5063240102885,C,1,LeMieux Classique Base Layer,Rider > Accessories & Apparel > Shirts,IT07157015,Size: 10,Color: Juniper,,,,Wellington Warehouse,37.35,37.35,37.35,52.45,0,0,,,
4,Jackets,1777650559286,5063240104520,C,1,LeMieux Keira Quarter Zip Sweatshirt,Rider > Accessories & Apparel > Jackets,IT07180018,Size: 4,Color: Rosemary,,,,Wellington Warehouse,54.77,54.77,54.77,79.99,0,0,,,
2,Shirts,1777650559287,5063240103073,C,1,LeMieux Classique Base Layer,Rider > Accessories & Apparel > Shirts,IT07160013,Size: 6,Color: Rosemary,,,,Wellington Warehouse,37.35,37.35,37.35,52.45,0,0,,,
2,Shirts,1777650559287,5063240132134,C,1,LeMieux Classique Base Layer,Rider > Accessories & Apparel > Shirts,IT07157034,Size: 0,Color: Juniper,,,,Wellington Warehouse,37.35,37.35,37.35,52.45,0,0,,,
2,Shirts,1777650559287,5063240132165,C,1,LeMieux Classique Base Layer,Rider > Accessories & Apparel > Shirts,IT07160034,Size: 0,Color: Rosemary,,,,Wellington Warehouse,37.35,37.35,37.35,52.45,0,0,,,
2,Shirts,1777650559287,5063240102922,C,1,LeMieux Classique Base Layer,Rider > Accessories & Apparel > Shirts,IT07157033,Size: 14,Color: Juniper,,,,Wellington Warehouse,37.35,37.35,37.35,52.45,0,0,,,
0,BIN-04,1767466772770,"793888034488, 793888034488",Shelf 3,4,Ace  PRO4MANCE Com4rt Mesh Hock Nets,Horse Wear > Fly & Insect Control > Fly Boots,COM4RT-HOCK-MESH-BLK,Color: Black,,,,,Wellington Warehouse,20.00,20.00,20.00,40.00,0,0,0.011627907,,
1,BIN 1,1776787343289,793888034389,Spurs,1,Ace PRO4MANCE Number ID,"Tack & Equipment > Bridles, Headstalls & Reins > English Bridles & Reins > Bridle Accessories",IDBLK,Color: Black,,,,,Wellington Warehouse,17.50,17.50,17.50,35.00,0,0,0.021276595,,
0,BIN-03,1767722133134,"5063240096924, 5063240096924",Shelf 6,3,LeMieux Arika Brushing Boot,Tack & Equipment > Boots & Wraps > Protective Boots > Front Boots,IT07004005,Size: Full,Color: Rosemary,,,,Wellington Warehouse,37.35,37.35,37.35,52.45,0,0,,,
0,BIN-03,1767722133134,"5063240097037, 5063240097037",Shelf 6,3,LeMieux Arika Brushing Boot,Tack & Equipment > Boots & Wraps > Protective Boots > Front Boots,IT07007004,Size: Cob,Color: Damson,,,,Wellington Warehouse,37.35,37.35,37.35,52.45,0,0,,,
0,BIN 1,1776787343289,793888035089,Spurs,1,Ace PRO4MANCE Number ID,"Tack & Equipment > Bridles, Headstalls & Reins > English Bridles & Reins > Bridle Accessories",IDBR,Color: Brown,,,,,Wellington Warehouse,17.50,17.50,17.50,35.00,0,0,,,
0,BIN-03,1767722133134,"5063240097044, 5063240097044",Shelf 6,3,LeMieux Arika Brushing Boot,Tack & Equipment > Boots & Wraps > Protective Boots > Front Boots,IT07007005,Size: Full,Color: Damson,,,,Wellington Warehouse,37.35,37.35,37.35,52.45,0,0,0.011904762,,
2,LVL 3,1770396427445,"5063240101987, 5063240101987",Saddle Pads 3,3,LeMieux Loire Classic Dressage Square Pad,Tack & Equipment > English Saddle Pads > Dressage Saddle Pads,IT07099066,Size: Cob,Color: Damson,,,,Wellington Warehouse,54.77,54.77,54.77,76.45,0,0,,,
3,BIN 1,1776787343289,793888034785,Spurs,1,Ace PRO4MANCE Number ID,"Tack & Equipment > Bridles, Headstalls & Reins > English Bridles & Reins > Bridle Accessories",IDWHT,Color: White,,,,,Wellington Warehouse,17.50,17.50,17.50,35.00,0,0,0.012820513,,
4,BIN-04,1777314709514,"5063240131946, 5063240131946",Shelf 21,4,LeMieux Classic Ear Bonnet,Tack & Equipment > Ear Plugs & Bonnets > Bonnets,IT08142005,Size: Full,Color: Navy,,,,Wellington Warehouse,27.38,27.38,27.38,39.99,0,0,,,
0,BIN-04,1777314709514,"5063240096177, 5063240096177",Shelf 21,4,LeMieux Loire Classic Ear Bonnet,Tack & Equipment > Ear Plugs & Bonnets > Bonnets,IT06966004,Size: Cob,Color: Juniper,,,,Wellington Warehouse,32.35,32.35,32.35,44.99,0,0,0.011764706,,
0,LVL 5,1771873985971,"0649982222842, 649982222842",Sheets 4,5,Amigo Jersey Cooler,"Horse Wear > Blankets & Sheets > Coolers, Fleece & Covers",ACRJ44-BJI0-78,Size: 78-Inch,Color: Navy,,,,Wellington Warehouse,36.37,36.37,36.37,82.95,0,0,,,
4,LVL 2,1771436264206,649982207023,Blankets 8,2,Amigo Bravo 12 Plus Turnout (100g Light),Horse Wear > Blankets & Sheets > Turnout Blankets & Sheets > Lightweight,AARPLF-BJI0-75,Color: Navy,Size: 75-Inch,,,,Wellington Warehouse,109.12,109.12,109.12,247.95,0,0,,,
0,LVL 5,1771873985971,649982222828,Sheets 4,5,Amigo Jersey Cooler,"Horse Wear > Blankets & Sheets > Coolers, Fleece & Covers",ACRJ44-BJI0-72,Size: 72-Inch,Color: Navy,,,,Wellington Warehouse,36.37,36.37,36.37,82.95,0,0,,,
8,BIN-02,1776354991787,840539015065,Grooming Small,2,Jack's Synthetic Sponge,Horse Care > Grooming & Bathing > Brushes & Tools > Sponges,513-L,Title: Default Title,,,,,Wellington Warehouse,0.00,0.00,0.00,3.99,0,0,0.013333334,,
0,LVL 2,1771436264206,649982207146,Blankets 8,2,Amigo Bravo 12 Plus Turnout (100g Light),Horse Wear > Blankets & Sheets > Turnout Blankets & Sheets > Lightweight,AARPLF-KJI0-81,Color: Black,Size: 81-Inch,,,,Wellington Warehouse,109.12,109.12,109.12,247.95,0,0,,,
2,BIN-02,1767553027608,649982227205,Shelf 4,2,Ice-Vibe Knee Wrap,Tack & Equipment > Boots & Wraps > Therapeutic Boots,TAHKP1-KDA0-EA,Color: Black/Aqua,Size: One Size,,,,Wellington Warehouse,145.50,145.50,145.50,329.95,0,0,,,
8,LVL 2,1771436264206,649982207016,Blankets 8,2,Amigo Bravo 12 Plus Turnout (100g Light),Horse Wear > Blankets & Sheets > Turnout Blankets & Sheets > Lightweight,AARPLF-BJI0-72,Color: Navy,Size: 72-Inch,,,,Wellington Warehouse,109.12,109.12,109.12,247.95,0,0,,,
0,LVL 3,1771436264207,649982188766,Blankets 8,3,Amigo Bravo 12 Plus Turnout Sheet (0g Light),Horse Wear > Blankets & Sheets > Turnout Blankets & Sheets > Sheets,AARP70-BJI0-78,Color: Navy,Size: 78-Inch,,,,Wellington Warehouse,104.27,104.27,104.27,236.95,0,0,,,
5,LVL 3,1771436264207,649982188759,Blankets 8,3,Amigo Bravo 12 Plus Turnout Sheet (0g Light),Horse Wear > Blankets & Sheets > Turnout Blankets & Sheets > Sheets,AARP70-BJI0-75,Color: Navy,Size: 75-Inch,,,,Wellington Warehouse,104.27,104.27,104.27,236.95,0,0,,,
2,LVL 3,1771873985969,649982226574,Sheets 4,3,Amigo Stable Sheet,Horse Wear > Blankets & Sheets > Stable Blankets & Sheets > Lightweight,ADRF22-BJI0-81,Size: 81-Inch,Color: Navy,,,,Wellington Warehouse,46.07,46.07,46.07,104.95,0,0,0.055555556,,
5,LVL 3,1771873985969,"0649982226543, 649982226543",Sheets 4,3,Amigo Stable Sheet,Horse Wear > Blankets & Sheets > Stable Blankets & Sheets > Lightweight,ADRF22-BJI0-72,Size: 72-Inch,Color: Navy,,,,Wellington Warehouse,46.07,46.07,46.07,104.95,0,0,,,
7,LVL 2,1771436264206,"649982207054, 649982207054",Blankets 8,2,Amigo Bravo 12 Plus Turnout (100g Light),Horse Wear > Blankets & Sheets > Turnout Blankets & Sheets > Lightweight,AARPLF-BJI0-81,Color: Navy,Size: 81-Inch,,,,Wellington Warehouse,109.12,109.12,109.12,247.95,0,0,,,
7,LVL 2,1771436264206,649982207115,Blankets 8,2,Amigo Bravo 12 Plus Turnout (100g Light),Horse Wear > Blankets & Sheets > Turnout Blankets & Sheets > Lightweight,AARPLF-KJI0-72,Color: Black,Size: 72-Inch,,,,Wellington Warehouse,109.12,109.12,109.12,247.95,0,0,,,
5,LVL 3,1771436264207,649982188742,Blankets 8,3,Amigo Bravo 12 Plus Turnout Sheet (0g Light),Horse Wear > Blankets & Sheets > Turnout Blankets & Sheets > Sheets,AARP70-BJI0-72,Color: Navy,Size: 72-Inch,,,,Wellington Warehouse,104.27,104.27,104.27,236.95,0,0,,,
7,LVL 2,1771436264206,"0649982207023, 649982207030",Blankets 8,2,Amigo Bravo 12 Plus Turnout (100g Light),Horse Wear > Blankets & Sheets > Turnout Blankets & Sheets > Lightweight,AARPLF-BJI0-78,Color: Navy,Size: 78-Inch,,,,Wellington Warehouse,109.12,109.12,109.12,247.95,0,0,,,
5,LVL 2,1771436264206,649982207139,Blankets 8,2,Amigo Bravo 12 Plus Turnout (100g Light),Horse Wear > Blankets & Sheets > Turnout Blankets & Sheets > Lightweight,AARPLF-KJI0-78,Color: Black,Size: 78-Inch,,,,Wellington Warehouse,109.12,109.12,109.12,247.95,0,0,,,
3,LVL 3,1771873985969,649982226680,Sheets 4,3,Amigo Stable Sheet,Horse Wear > Blankets & Sheets > Stable Blankets & Sheets > Lightweight,ADRF22-BJI0-84,Size: 84-Inch,Color: Navy,,,,Wellington Warehouse,46.07,46.07,46.07,104.95,0,0,0.02247191,,
5,LVL 3,1771436264207,649982187417,Blankets 8,3,Amigo Bravo 12 Plus Turnout Sheet (0g Light),Horse Wear > Blankets & Sheets > Turnout Blankets & Sheets > Sheets,AARP70-KJI0-75,Color: Black,Size: 75-Inch,,,,Wellington Warehouse,104.27,104.27,104.27,236.95,0,0,,,
2,LVL 3,1771436264207,0649982188773,Blankets 8,3,Amigo Bravo 12 Plus Turnout Sheet (0g Light),Horse Wear > Blankets & Sheets > Turnout Blankets & Sheets > Sheets,AARP70-BJI0-81,Color: Navy,Size: 81-Inch,,,,Wellington Warehouse,104.27,104.27,104.27,236.95,0,0,,,
5,LVL 3,1771873985969,649982226550,Sheets 4,3,Amigo Stable Sheet,Horse Wear > Blankets & Sheets > Stable Blankets & Sheets > Lightweight,ADRF22-BJI0-75,Size: 75-Inch,Color: Navy,,,,Wellington Warehouse,46.07,46.07,46.07,104.95,0,0,,,
3,LVL 3,1771873985969,649982226536,Sheets 4,3,Amigo Stable Sheet,Horse Wear > Blankets & Sheets > Stable Blankets & Sheets > Lightweight,ADRF22-BJI0-69,Size: 69-Inch,Color: Navy,,,,Wellington Warehouse,46.07,46.07,46.07,104.95,0,0,0.02,,
3,LVL 2,1771436264206,"0649982207122, 649982207122",Blankets 8,2,Amigo Bravo 12 Plus Turnout (100g Light),Horse Wear > Blankets & Sheets > Turnout Blankets & Sheets > Lightweight,AARPLF-KJI0-75,Color: Black,Size: 75-Inch,,,,Wellington Warehouse,109.12,109.12,109.12,247.95,0,0,,,
0,LVL 5,1771873985971,649982222835,Sheets 4,5,Amigo Jersey Cooler,"Horse Wear > Blankets & Sheets > Coolers, Fleece & Covers",ACRJ44-BJI0-75,Size: 75-Inch,Color: Navy,,,,Wellington Warehouse,36.37,36.37,36.37,82.95,0,0,,,
6,LVL 3,1771436264207,649982187400,Blankets 8,3,Amigo Bravo 12 Plus Turnout Sheet (0g Light),Horse Wear > Blankets & Sheets > Turnout Blankets & Sheets > Sheets,AARP70-KJI0-72,Color: Black,Size: 72-Inch,,,,Wellington Warehouse,104.27,104.27,104.27,236.95,0,0,,,
4,LVL 3,1771873985969,649982226567,Sheets 4,3,Amigo Stable Sheet,Horse Wear > Blankets & Sheets > Stable Blankets & Sheets > Lightweight,ADRF22-BJI0-78,Size: 78-Inch,Color: Navy,,,,Wellington Warehouse,46.07,46.07,46.07,104.95,0,0,,,
5,LVL 1,1771787103042,9355776306971,Sheets 3,1,WeatherBeeta ComFiTec Plus Dynamic Turnout Detach-A-Neck 0G,Horse Wear > Blankets & Sheets > Turnout Blankets & Sheets > Lightweight,1029004008,Color: Forest Green/Navy,Size: 81-Inch,,,,Wellington Warehouse,102.85,102.85,102.85,219.99,0,0,,,
8,LVL 1 ,1771001977933,9355776306575,Blankets 6,1,WeatherBeeta ComFiTec Plus Dynamic Turnout Detach-A-Neck 220G,Horse Wear > Blankets & Sheets > Turnout Blankets & Sheets > Medium Weight,1029002004,Color: Forest Green/Navy,Size: 72-Inch,,,,Wellington Warehouse,107.53,107.53,107.53,229.99,0,0,,,
9,LVL 1 ,1771001977933,9355776306698,Blankets 6,1,WeatherBeeta ComFiTec Plus Dynamic Turnout Detach-A-Neck 220G,Horse Wear > Blankets & Sheets > Turnout Blankets & Sheets > Medium Weight,1029002016,Color: Navy/Forest Green,Size: 78-Inch,,,,Wellington Warehouse,107.53,107.53,107.53,229.99,0,0,,,
8,LVL 1 ,1771001977933,9355776306605,Blankets 6,1,WeatherBeeta ComFiTec Plus Dynamic Turnout Detach-A-Neck 220G,Horse Wear > Blankets & Sheets > Turnout Blankets & Sheets > Medium Weight,1029002007,Color: Forest Green/Navy,Size: 78-Inch,,,,Wellington Warehouse,107.53,107.53,107.53,229.99,0,0,,,
5,LVL 1,1771787103042,9355776307039,Sheets 3,1,WeatherBeeta ComFiTec Plus Dynamic Turnout Detach-A-Neck 0G,Horse Wear > Blankets & Sheets > Turnout Blankets & Sheets > Lightweight,1029004014,Color: Navy/Forest Green,Size: 75-Inch,,,,Wellington Warehouse,102.85,102.85,102.85,219.99,0,0,,,
4,LVL 1,1771787103042,9355776307053,Sheets 3,1,WeatherBeeta ComFiTec Plus Dynamic Turnout Detach-A-Neck 0G,Horse Wear > Blankets & Sheets > Turnout Blankets & Sheets > Lightweight,1029004016,Color: Navy/Forest Green,Size: 78-Inch,,,,Wellington Warehouse,102.85,102.85,102.85,219.99,0,0,,,
10,LVL 1 ,1771001977933,9355776306674,Blankets 6,1,WeatherBeeta ComFiTec Plus Dynamic Turnout Detach-A-Neck 220G,Horse Wear > Blankets & Sheets > Turnout Blankets & Sheets > Medium Weight,1029002014,Color: Navy/Forest Green,Size: 75-Inch,,,,Wellington Warehouse,107.53,107.53,107.53,229.99,0,0,,,
10,LVL 1 ,1771001977933,9355776306667,Blankets 6,1,WeatherBeeta ComFiTec Plus Dynamic Turnout Detach-A-Neck 220G,Horse Wear > Blankets & Sheets > Turnout Blankets & Sheets > Medium Weight,1029002013,Color: Navy/Forest Green,Size: 72-Inch,,,,Wellington Warehouse,107.53,107.53,107.53,229.99,0,0,,,
9,LVL 1 ,1771001977933,9355776306582,Blankets 6,1,WeatherBeeta ComFiTec Plus Dynamic Turnout Detach-A-Neck 220G,Horse Wear > Blankets & Sheets > Turnout Blankets & Sheets > Medium Weight,1029002005,Color: Forest Green/Navy,Size: 75-Inch,,,,Wellington Warehouse,107.53,107.53,107.53,229.99,0,0,,,
5,LVL 1,1771787103042,9355776306940,Sheets 3,1,WeatherBeeta ComFiTec Plus Dynamic Turnout Detach-A-Neck 0G,Horse Wear > Blankets & Sheets > Turnout Blankets & Sheets > Lightweight,1029004005,Color: Forest Green/Navy,Size: 75-Inch,,,,Wellington Warehouse,102.85,102.85,102.85,219.99,0,0,,,
10,LVL 1 ,1771001977933,9355776306612,Blankets 6,1,WeatherBeeta ComFiTec Plus Dynamic Turnout Detach-A-Neck 220G,Horse Wear > Blankets & Sheets > Turnout Blankets & Sheets > Medium Weight,1029002008,Color: Forest Green/Navy,Size: 81-Inch,,,,Wellington Warehouse,107.53,107.53,107.53,229.99,0,0,,,
4,LVL 1,1771787103042,9355776307022,Sheets 3,1,WeatherBeeta ComFiTec Plus Dynamic Turnout Detach-A-Neck 0G,Horse Wear > Blankets & Sheets > Turnout Blankets & Sheets > Lightweight,1029004013,Color: Navy/Forest Green,Size: 72-Inch,,,,Wellington Warehouse,102.85,102.85,102.85,219.99,0,0,,,
4,LVL 1,1771787103042,9355776306964,Sheets 3,1,WeatherBeeta ComFiTec Plus Dynamic Turnout Detach-A-Neck 0G,Horse Wear > Blankets & Sheets > Turnout Blankets & Sheets > Lightweight,1029004007,Color: Forest Green/Navy,Size: 78-Inch,,,,Wellington Warehouse,102.85,102.85,102.85,219.99,0,0,,,
5,LVL 1,1771787103042,9355776306933,Sheets 3,1,WeatherBeeta ComFiTec Plus Dynamic Turnout Detach-A-Neck 0G,Horse Wear > Blankets & Sheets > Turnout Blankets & Sheets > Lightweight,1029004004,Color: Forest Green/Navy,Size: 72-Inch,,,,Wellington Warehouse,102.85,102.85,102.85,219.99,0,0,,,
9,LVL 1 ,1771001977933,9355776306704,Blankets 6,1,WeatherBeeta ComFiTec Plus Dynamic Turnout Detach-A-Neck 220G,Horse Wear > Blankets & Sheets > Turnout Blankets & Sheets > Medium Weight,1029002017,Color: Navy/Forest Green,Size: 81-Inch,,,,Wellington Warehouse,107.53,107.53,107.53,229.99,0,0,,,
2,LVL 1,1771787103042,9355776307060,Sheets 3,1,WeatherBeeta ComFiTec Plus Dynamic Turnout Detach-A-Neck 0G,Horse Wear > Blankets & Sheets > Turnout Blankets & Sheets > Lightweight,1029004017,Color: Navy/Forest Green,Size: 81-Inch,,,,Wellington Warehouse,102.85,102.85,102.85,219.99,0,0,,,
0,BIN-03,1767812231220,0649982641834,Shelf 8,3,Rambo Slinky Hood,Horse Wear > Blankets & Sheets > Neck Covers & Hoods,AGHBZN-K000-SM,Color: Black,Size: Small,,,,Wellington Warehouse,41.23,41.23,41.23,93.95,0,0,,,
10,LVL 1,1771787103042,9355776307893,Sheets 3,1,WeatherBeeta ComFiTec Plus Dynamic Turnout Standard Neck 0G,Horse Wear > Blankets & Sheets > Turnout Blankets & Sheets > Lightweight,1029009014,Color: Navy/Forest Green,Size: 75-Inch,,,,Wellington Warehouse,79.48,79.48,79.48,169.99,0,0,,,
3,BIN-03,1767812231220,0649982641841,Shelf 8,3,Rambo Slinky Hood,Horse Wear > Blankets & Sheets > Neck Covers & Hoods,AGHBZN-K000-ME,Color: Black,Size: Medium,,,,Wellington Warehouse,41.23,41.23,41.23,93.95,0,0,,,
9,LVL 1,1771787103042,9355776307923,Sheets 3,1,WeatherBeeta ComFiTec Plus Dynamic Turnout Standard Neck 0G,Horse Wear > Blankets & Sheets > Turnout Blankets & Sheets > Lightweight,1029009017,Color: Navy/Forest Green,Size: 81-Inch,,,,Wellington Warehouse,79.48,79.48,79.48,169.99,0,0,,,
10,LVL 1,1771787103042,9355776307831,Sheets 3,1,WeatherBeeta ComFiTec Plus Dynamic Turnout Standard Neck 0G,Horse Wear > Blankets & Sheets > Turnout Blankets & Sheets > Lightweight,1029009008,Color: Forest Green/Navy,Size: 81-Inch,,,,Wellington Warehouse,79.48,79.48,79.48,169.99,0,0,,,
2,BIN-03,1767812231220,0649982641919,Shelf 8,3,Rambo Slinky Hood,Horse Wear > Blankets & Sheets > Neck Covers & Hoods,AGHBZN-K000-LA,Color: Black,Size: Large,,,,Wellington Warehouse,41.23,41.23,41.23,93.95,0,0,,,
9,LVL 1,1771787103042,9355776307824,Sheets 3,1,WeatherBeeta ComFiTec Plus Dynamic Turnout Standard Neck 0G,Horse Wear > Blankets & Sheets > Turnout Blankets & Sheets > Lightweight,1029009007,Color: Forest Green/Navy,Size: 78-Inch,,,,Wellington Warehouse,79.48,79.48,79.48,169.99,0,0,,,
4,BIN-03,1767812231220,0649982643845,Shelf 8,3,Rambo Slinky Hood,Horse Wear > Blankets & Sheets > Neck Covers & Hoods,AGHBZN-K000-XL,Color: Black,Size: X-Large,,,,Wellington Warehouse,41.23,41.23,41.23,93.95,0,0,,,
10,LVL 1,1771787103042,9355776307916,Sheets 3,1,WeatherBeeta ComFiTec Plus Dynamic Turnout Standard Neck 0G,Horse Wear > Blankets & Sheets > Turnout Blankets & Sheets > Lightweight,1029009016,Color: Navy/Forest Green,Size: 78-Inch,,,,Wellington Warehouse,79.48,79.48,79.48,169.99,0,0,,,
10,LVL 1,1771787103042,9355776307800,Sheets 3,1,WeatherBeeta ComFiTec Plus Dynamic Turnout Standard Neck 0G,Horse Wear > Blankets & Sheets > Turnout Blankets & Sheets > Lightweight,1029009005,Color: Forest Green/Navy,Size: 75-Inch,,,,Wellington Warehouse,79.48,79.48,79.48,169.99,0,0,,,
10,LVL 1,1771787103042,9355776307886,Sheets 3,1,WeatherBeeta ComFiTec Plus Dynamic Turnout Standard Neck 0G,Horse Wear > Blankets & Sheets > Turnout Blankets & Sheets > Lightweight,1029009013,Color: Navy/Forest Green,Size: 72-Inch,,,,Wellington Warehouse,79.48,79.48,79.48,169.99,0,0,,,
10,LVL 1,1771787103042,9355776307794,Sheets 3,1,WeatherBeeta ComFiTec Plus Dynamic Turnout Standard Neck 0G,Horse Wear > Blankets & Sheets > Turnout Blankets & Sheets > Lightweight,1029009004,Color: Forest Green/Navy,Size: 72-Inch,,,,Wellington Warehouse,79.48,79.48,79.48,169.99,0,0,,,
7,LVL 2,1771001977934,9355776307558,Blankets 6,2,WeatherBeeta ComFiTec Plus Dynamic Turnout Standard Neck 220G,Horse Wear > Blankets & Sheets > Turnout Blankets & Sheets > Medium Weight,1029007016,Color: Navy/Forest Green,Size: 78-Inch,,,,Wellington Warehouse,84.15,84.15,84.15,179.99,0,0,,,
9,LVL 1,1771787103042,9355776307626,Sheets 3,1,WeatherBeeta ComFiTec Plus Dynamic Turnout Standard Neck 100G,Horse Wear > Blankets & Sheets > Turnout Blankets & Sheets > Lightweight,1029008005,Color: Forest Green/Navy,Size: 75-Inch,,,,Wellington Warehouse,79.48,79.48,79.48,169.99,0,0,,,
10,LVL 2,1771001977934,9355776307466,Blankets 6,2,WeatherBeeta ComFiTec Plus Dynamic Turnout Standard Neck 220G,Horse Wear > Blankets & Sheets > Turnout Blankets & Sheets > Medium Weight,1029007007,Color: Forest Green/Navy,Size: 78-Inch,,,,Wellington Warehouse,84.15,84.15,84.15,179.99,0,0,,,
10,LVL 2,1771001977934,9355776307435,Blankets 6,2,WeatherBeeta ComFiTec Plus Dynamic Turnout Standard Neck 220G,Horse Wear > Blankets & Sheets > Turnout Blankets & Sheets > Medium Weight,1029007004,Color: Forest Green/Navy,Size: 72-Inch,,,,Wellington Warehouse,84.15,84.15,84.15,179.99,0,0,,,
9,LVL 1,1771787103042,9355776307701,Sheets 3,1,WeatherBeeta ComFiTec Plus Dynamic Turnout Standard Neck 100G,Horse Wear > Blankets & Sheets > Turnout Blankets & Sheets > Lightweight,1029008013,Color: Navy/Forest Green,Size: 72-Inch,,,,Wellington Warehouse,79.48,79.48,79.48,169.99,0,0,,,
9,LVL 2,1771001977934,9355776307473,Blankets 6,2,WeatherBeeta ComFiTec Plus Dynamic Turnout Standard Neck 220G,Horse Wear > Blankets & Sheets > Turnout Blankets & Sheets > Medium Weight,1029007008,Color: Forest Green/Navy,Size: 81-Inch,,,,Wellington Warehouse,84.15,84.15,84.15,179.99,0,0,,,
9,LVL 1,1771787103042,9355776307749,Sheets 3,1,WeatherBeeta ComFiTec Plus Dynamic Turnout Standard Neck 100G,Horse Wear > Blankets & Sheets > Turnout Blankets & Sheets > Lightweight,1029008017,Color: Navy/Forest Green,Size: 81-Inch,,,,Wellington Warehouse,79.48,79.48,79.48,169.99,0,0,,,
8,LVL 1,1771787103042,9355776307718,Sheets 3,1,WeatherBeeta ComFiTec Plus Dynamic Turnout Standard Neck 100G,Horse Wear > Blankets & Sheets > Turnout Blankets & Sheets > Lightweight,1029008014,Color: Navy/Forest Green,Size: 75-Inch,,,,Wellington Warehouse,79.48,79.48,79.48,169.99,0,0,,,
10,LVL 2,1771001977934,9355776307442,Blankets 6,2,WeatherBeeta ComFiTec Plus Dynamic Turnout Standard Neck 220G,Horse Wear > Blankets & Sheets > Turnout Blankets & Sheets > Medium Weight,1029007005,Color: Forest Green/Navy,Size: 75-Inch,,,,Wellington Warehouse,84.15,84.15,84.15,179.99,0,0,,,
50,ROW 3 : LVL 5,1774281226568,860008698377,Supplements 2,5,Equine Elixirs Chug,Horse Care > Supplements > Electrolytes & Salt,EECHUG12,Size: Small (12 Servings),,,,,Wellington Warehouse,12.00,12.00,12.00,24.00,0,0,,,
3,ROW 4 : LVL 2,1774281147462,860008698377,Supplements 2,2,Equine Elixirs Chug,Horse Care > Supplements > Electrolytes & Salt,EECHUG12,Size: Small (12 Servings),,,,,Wellington Warehouse,12.00,12.00,12.00,24.00,0,0,,,
9,LVL 2,1771001977934,9355776307534,Blankets 6,2,WeatherBeeta ComFiTec Plus Dynamic Turnout Standard Neck 220G,Horse Wear > Blankets & Sheets > Turnout Blankets & Sheets > Medium Weight,1029007014,Color: Navy/Forest Green,Size: 75-Inch,,,,Wellington Warehouse,84.15,84.15,84.15,179.99,0,0,,,
10,LVL 1,1771787103042,9355776307640,Sheets 3,1,WeatherBeeta ComFiTec Plus Dynamic Turnout Standard Neck 100G,Horse Wear > Blankets & Sheets > Turnout Blankets & Sheets > Lightweight,1029008007,Color: Forest Green/Navy,Size: 78-Inch,,,,Wellington Warehouse,79.48,79.48,79.48,169.99,0,0,,,
8,LVL 1,1771787103042,9355776307732,Sheets 3,1,WeatherBeeta ComFiTec Plus Dynamic Turnout Standard Neck 100G,Horse Wear > Blankets & Sheets > Turnout Blankets & Sheets > Lightweight,1029008016,Color: Navy/Forest Green,Size: 78-Inch,,,,Wellington Warehouse,79.48,79.48,79.48,169.99,0,0,,,
10,LVL 2,1771001977934,9355776307527,Blankets 6,2,WeatherBeeta ComFiTec Plus Dynamic Turnout Standard Neck 220G,Horse Wear > Blankets & Sheets > Turnout Blankets & Sheets > Medium Weight,1029007013,Color: Navy/Forest Green,Size: 72-Inch,,,,Wellington Warehouse,84.15,84.15,84.15,179.99,0,0,,,
10,LVL 1,1771787103042,9355776307657,Sheets 3,1,WeatherBeeta ComFiTec Plus Dynamic Turnout Standard Neck 100G,Horse Wear > Blankets & Sheets > Turnout Blankets & Sheets > Lightweight,1029008008,Color: Forest Green/Navy,Size: 81-Inch,,,,Wellington Warehouse,79.48,79.48,79.48,169.99,0,0,,,
7,LVL 1,1771787103042,9355776307619,Sheets 3,1,WeatherBeeta ComFiTec Plus Dynamic Turnout Standard Neck 100G,Horse Wear > Blankets & Sheets > Turnout Blankets & Sheets > Lightweight,1029008004,Color: Forest Green/Navy,Size: 72-Inch,,,,Wellington Warehouse,79.48,79.48,79.48,169.99,0,0,,,
10,LVL 2,1771001977934,9355776307565,Blankets 6,2,WeatherBeeta ComFiTec Plus Dynamic Turnout Standard Neck 220G,Horse Wear > Blankets & Sheets > Turnout Blankets & Sheets > Medium Weight,1029007017,Color: Navy/Forest Green,Size: 81-Inch,,,,Wellington Warehouse,84.15,84.15,84.15,179.99,0,0,,,
4,LVL 3,1771259569148,"0649982316947, 649982316947",Blankets 7,3,Rambo Stable Blanket (100g Light) - Embossed Lining,Horse Wear > Blankets & Sheets > Stable Blankets & Sheets > Lightweight,ABAAB2-KJJI-78,Color: Black,Size: 78-Inch,,,,Wellington Warehouse,70.53,70.53,70.53,154.95,0,0,,,
5,LVL 3,1771001977935,9355776316468,Blankets 6,3,WeatherBeeta ComFiTec Ultra Turnout Standard Neck 220G,Horse Wear > Blankets & Sheets > Turnout Blankets & Sheets > Medium Weight,1029068003,Color: Charcoal,Size: 75-Inch,,,,Wellington Warehouse,126.50,126.50,126.50,249.99,0,0,,,
10,LVL 3,1771001977935,9355776316529,Blankets 6,3,WeatherBeeta ComFiTec Ultra Turnout Standard Neck 220G,Horse Wear > Blankets & Sheets > Turnout Blankets & Sheets > Medium Weight,1029068009,Color: Navy,Size: 75-Inch,,,,Wellington Warehouse,126.50,126.50,126.50,249.99,0,0,,,
1,LVL 2,1770740443979,649982196440,Blankets 2,2,Rambo Supreme 1680D Vari-Layer Turnout (250g Medium),Horse Wear > Blankets & Sheets > Turnout Blankets & Sheets > Medium Weight,AAAX02-KJJI-78,Color: Black,Size: 78,,,,Wellington Warehouse,200.20,200.20,200.20,483.95,0,0,,,
1,LVL 2,1770740443979,649982203438,Blankets 2,2,Rambo Supreme 1680D Vari-Layer Turnout (250g Medium),Horse Wear > Blankets & Sheets > Turnout Blankets & Sheets > Medium Weight,AAAX02-BJJI-78,Color: Navy,Size: 78,,,,Wellington Warehouse,200.20,200.20,200.20,483.95,0,0,,,
6,LVL 3,1771259569148,"0649982316930, 649982316930",Blankets 7,3,Rambo Stable Blanket (100g Light) - Embossed Lining,Horse Wear > Blankets & Sheets > Stable Blankets & Sheets > Lightweight,ABAAB2-KJJI-75,Color: Black,Size: 75-Inch,,,,Wellington Warehouse,70.53,70.53,70.53,154.95,0,0,,,
10,LVL 3,1771001977935,9355776316451,Blankets 6,3,WeatherBeeta ComFiTec Ultra Turnout Standard Neck 220G,Horse Wear > Blankets & Sheets > Turnout Blankets & Sheets > Medium Weight,1029068002,Color: Charcoal,Size: 72-Inch,,,,Wellington Warehouse,126.50,126.50,126.50,249.99,0,0,,,
7,LVL 2,1771436264206,649982187554,Blankets 8,2,Amigo Bravo 12 Plus Turnout (250g Medium),Horse Wear > Blankets & Sheets > Turnout Blankets & Sheets > Medium Weight,AARP72-KJI0-72,Color: Black,Size: 72-Inch,,,,Wellington Warehouse,104.65,104.65,104.65,252.95,0,0,,,
3,LVL 2,1770050955928,"0649982196532, 649982196532",Blankets 3,2,Rambo Supreme 1680D Vari-Layer Turnout (450g Heavy),Horse Wear > Blankets & Sheets > Turnout Blankets & Sheets > Heavy Weight,AAAX03-KJJI-75,Color: Black,Size: 75,,,,Wellington Warehouse,204.75,204.75,204.75,494.95,0,0,,,
3,LVL 2,1770740443979,649982203247,Blankets 2,2,Rambo Supreme 1680D Vari-Layer Turnout (250g Medium),Horse Wear > Blankets & Sheets > Turnout Blankets & Sheets > Medium Weight,AAAX02-BJJI-72,Color: Navy,Size: 72,,,,Wellington Warehouse,200.20,200.20,200.20,483.95,0,0,,,
0,LVL 2,1771436264206,,Blankets 8,2,Amigo Bravo 12 Plus Turnout (250g Medium),Horse Wear > Blankets & Sheets > Turnout Blankets & Sheets > Medium Weight,AARP72-KJI0-81,Color: Black,Size: 81-Inch,,,,Wellington Warehouse,104.65,104.65,104.65,252.95,0,0,,,
10,LVL 3,1771001977935,9355776316543,Blankets 6,3,WeatherBeeta ComFiTec Ultra Turnout Standard Neck 220G,Horse Wear > Blankets & Sheets > Turnout Blankets & Sheets > Medium Weight,1029068011,Color: Navy,Size: 81-Inch,,,,Wellington Warehouse,126.50,126.50,126.50,249.99,0,0,,,
3,LVL 2,1770050955928,"0649982196525, 649982196525",Blankets 3,2,Rambo Supreme 1680D Vari-Layer Turnout (450g Heavy),Horse Wear > Blankets & Sheets > Turnout Blankets & Sheets > Heavy Weight,AAAX03-KJJI-72,Color: Black,Size: 72,,,,Wellington Warehouse,204.75,204.75,204.75,494.95,0,0,,,
1,LVL 2,1770050955928,"0649982196556, 649982196556",Blankets 3,2,Rambo Supreme 1680D Vari-Layer Turnout (450g Heavy),Horse Wear > Blankets & Sheets > Turnout Blankets & Sheets > Heavy Weight,AAAX03-KJJI-81,Color: Black,Size: 81,,,,Wellington Warehouse,204.75,204.75,204.75,494.95,0,0,,,
2,LVL 2,1771259569147,"0649982292944, 649982292944",Blankets 7,2,Rambo Stable Blanket (200g Medium) - Embossed Lining,Horse Wear > Blankets & Sheets > Stable Blankets & Sheets > Medium Weight,ABAAAG-KJJI-81,Color: Black,Size: 81-Inch,,,,Wellington Warehouse,75.08,75.08,75.08,164.95,0,0,,,
6,LVL 2,1771436264206,649982188902,Blankets 8,2,Amigo Bravo 12 Plus Turnout (250g Medium),Horse Wear > Blankets & Sheets > Turnout Blankets & Sheets > Medium Weight,AARP72-BJI0-75,Color: Navy,Size: 75-Inch,,,,Wellington Warehouse,104.65,104.65,104.65,252.95,0,0,,,
0,LVL 2,1770740443979,649982203582,Blankets 2,2,Rambo Supreme 1680D Vari-Layer Turnout (250g Medium),Horse Wear > Blankets & Sheets > Turnout Blankets & Sheets > Medium Weight,AAAX02-BJJI-81,Color: Navy,Size: 81,,,,Wellington Warehouse,200.20,200.20,200.20,483.95,0,0,,,
5,LVL 3,1771259569148,"0649982315568, 649982315568",Blankets 7,3,Rambo Stable Blanket (100g Light) - Embossed Lining,Horse Wear > Blankets & Sheets > Stable Blankets & Sheets > Lightweight,ABAAB2-KJJI-72,Color: Black,Size: 72-Inch,,,,Wellington Warehouse,70.53,70.53,70.53,154.95,0,0,,,
1,LVL 2,1770740443979,649982196457,Blankets 2,2,Rambo Supreme 1680D Vari-Layer Turnout (250g Medium),Horse Wear > Blankets & Sheets > Turnout Blankets & Sheets > Medium Weight,AAAX02-KJJI-81,Color: Black,Size: 81,,,,Wellington Warehouse,200.20,200.20,200.20,483.95,0,0,,,
1,LVL 2,1770740443979,649982196433,Blankets 2,2,Rambo Supreme 1680D Vari-Layer Turnout (250g Medium),Horse Wear > Blankets & Sheets > Turnout Blankets & Sheets > Medium Weight,AAAX02-KJJI-75,Color: Black,Size: 75,,,,Wellington Warehouse,200.20,200.20,200.20,483.95,0,0,,,
0,LVL 2,1770740443979,649982203308,Blankets 2,2,Rambo Supreme 1680D Vari-Layer Turnout (250g Medium),Horse Wear > Blankets & Sheets > Turnout Blankets & Sheets > Medium Weight,AAAX02-BJJI-75,Color: Navy,Size: 75,,,,Wellington Warehouse,200.20,200.20,200.20,483.95,0,0,,,
2,LVL 2,1770050955928,"0649982196549, 649982196549",Blankets 3,2,Rambo Supreme 1680D Vari-Layer Turnout (450g Heavy),Horse Wear > Blankets & Sheets > Turnout Blankets & Sheets > Heavy Weight,AAAX03-KJJI-78,Color: Black,Size: 78,,,,Wellington Warehouse,204.75,204.75,204.75,494.95,0,0,,,
5,LVL 2,1771259569147,"0649982292418, 649982292418",Blankets 7,2,Rambo Stable Blanket (200g Medium) - Embossed Lining,Horse Wear > Blankets & Sheets > Stable Blankets & Sheets > Medium Weight,ABAAAG-KJJI-72,Color: Black,Size: 72-Inch,,,,Wellington Warehouse,75.08,75.08,75.08,164.95,0,0,,,
10,LVL 3,1771001977935,9355776316536,Blankets 6,3,WeatherBeeta ComFiTec Ultra Turnout Standard Neck 220G,Horse Wear > Blankets & Sheets > Turnout Blankets & Sheets > Medium Weight,1029068010,Color: Navy,Size: 78-Inch,,,,Wellington Warehouse,126.50,126.50,126.50,249.99,0,0,,,
10,LVL 3,1771001977935,9355776316475,Blankets 6,3,WeatherBeeta ComFiTec Ultra Turnout Standard Neck 220G,Horse Wear > Blankets & Sheets > Turnout Blankets & Sheets > Medium Weight,1029068004,Color: Charcoal,Size: 78-Inch,,,,Wellington Warehouse,126.50,126.50,126.50,249.99,0,0,,,
1,LVL 3,1771259569148,"0649982316954, 649982316954",Blankets 7,3,Rambo Stable Blanket (100g Light) - Embossed Lining,Horse Wear > Blankets & Sheets > Stable Blankets & Sheets > Lightweight,ABAAB2-KJJI-81,Color: Black,Size: 81-Inch,,,,Wellington Warehouse,70.53,70.53,70.53,154.95,0,0,,,
0,LVL 2,1771436264206,649982187578,Blankets 8,2,Amigo Bravo 12 Plus Turnout (250g Medium),Horse Wear > Blankets & Sheets > Turnout Blankets & Sheets > Medium Weight,AARP72-KJI0-78,Color: Black,Size: 78-Inch,,,,Wellington Warehouse,104.65,104.65,104.65,252.95,0,0,,,
3,LVL 2,1771259569147,"0649982292845, 649982292845",Blankets 7,2,Rambo Stable Blanket (200g Medium) - Embossed Lining,Horse Wear > Blankets & Sheets > Stable Blankets & Sheets > Medium Weight,ABAAAG-KJJI-75,Color: Black,Size: 75-Inch,,,,Wellington Warehouse,75.08,75.08,75.08,164.95,0,0,,,
3,LVL 2,1770050955928,"0649982203742, 649982203742",Blankets 3,2,Rambo Supreme 1680D Vari-Layer Turnout (450g Heavy),Horse Wear > Blankets & Sheets > Turnout Blankets & Sheets > Heavy Weight,AAAX03-BJJI-72,Color: Navy,Size: 72,,,,Wellington Warehouse,204.75,204.75,204.75,494.95,0,0,,,
1,LVL 2,1770050955928,"0649982203766, 649982203766",Blankets 3,2,Rambo Supreme 1680D Vari-Layer Turnout (450g Heavy),Horse Wear > Blankets & Sheets > Turnout Blankets & Sheets > Heavy Weight,AAAX03-BJJI-78,Color: Navy,Size: 78,,,,Wellington Warehouse,204.75,204.75,204.75,494.95,0,0,,,
3,LVL 2,1770740443979,649982196426,Blankets 2,2,Rambo Supreme 1680D Vari-Layer Turnout (250g Medium),Horse Wear > Blankets & Sheets > Turnout Blankets & Sheets > Medium Weight,AAAX02-KJJI-72,Color: Black,Size: 72,,,,Wellington Warehouse,200.20,200.20,200.20,483.95,0,0,,,
7,LVL 2,1771436264206,649982187561,Blankets 8,2,Amigo Bravo 12 Plus Turnout (250g Medium),Horse Wear > Blankets & Sheets > Turnout Blankets & Sheets > Medium Weight,AARP72-KJI0-75,Color: Black,Size: 75-Inch,,,,Wellington Warehouse,104.65,104.65,104.65,252.95,0,0,,,
10,LVL 3,1771001977935,9355776316482,Blankets 6,3,WeatherBeeta ComFiTec Ultra Turnout Standard Neck 220G,Horse Wear > Blankets & Sheets > Turnout Blankets & Sheets > Medium Weight,1029068005,Color: Charcoal,Size: 81-Inch,,,,Wellington Warehouse,126.50,126.50,126.50,249.99,0,0,,,
1,LVL 2,1770050955928,"0649982203759, 649982203759",Blankets 3,2,Rambo Supreme 1680D Vari-Layer Turnout (450g Heavy),Horse Wear > Blankets & Sheets > Turnout Blankets & Sheets > Heavy Weight,AAAX03-BJJI-75,Color: Navy,Size: 75,,,,Wellington Warehouse,204.75,204.75,204.75,494.95,0,0,,,
10,LVL 3,1771001977935,9355776316512,Blankets 6,3,WeatherBeeta ComFiTec Ultra Turnout Standard Neck 220G,Horse Wear > Blankets & Sheets > Turnout Blankets & Sheets > Medium Weight,1029068008,Color: Navy,Size: 72-Inch,,,,Wellington Warehouse,126.50,126.50,126.50,249.99,0,0,,,
6,LVL 3,1770131722586,"0649982191728, 649982191728",Blankets 1,3,Rhino Plus Vari-Layer Turnout (450g Heavy),Horse Wear > Blankets & Sheets > Turnout Blankets & Sheets > Heavy Weight,AABPV4-BJD0-72,Color: Navy,Size: 72-Inch,,,,Wellington Warehouse,131.95,131.95,131.95,319.95,0,0,,,
3,LVL 3,1770131722586,"0649982191735, 649982191735",Blankets 1,3,Rhino Plus Vari-Layer Turnout (450g Heavy),Horse Wear > Blankets & Sheets > Turnout Blankets & Sheets > Heavy Weight,AABPV4-BJD0-75,Color: Navy,Size: 75-Inch,,,,Wellington Warehouse,131.95,131.95,131.95,319.95,0,0,,,
1,Other,1777650559284,,C,1,Yagya Logo Cap,Rider > Accessories & Apparel > Hats,1000000000931,Color: Grey,,,,,Wellington Warehouse,14.00,14.00,14.00,50.00,0,0,,,
0,Shirts,1777650559287,,C,1,Yagya Lightweight Long Sleeve,Rider > Accessories & Apparel > Shirts,1000000001148,Size: Large,Color: Dark Brown,,,,Wellington Warehouse,55.00,55.00,55.00,160.00,0,0,,,
5,ROW 4 : LVL 1,1774281545041,,Grooming,1,Bex Bar Soap Co. Shampoo Bar,"Horse Care > Grooming & Bathing > Shampoos, Conditioners, & Sprays > Shampoos",BBSHAMPCS,Scent: Citrus Splash,,,,,Wellington Warehouse,10.00,10.00,10.00,19.99,0,0,,,
0,Shirts,1777650559287,7350171873020,C,1,Yagya Timeless Show Shirt,Rider > Accessories & Apparel > Shirts,1000000001304,Size: Large,Color: White/White,,,,Wellington Warehouse,80.00,80.00,80.00,230.00,0,0,,,
0,Shirts,1777650559287,7350171873006,C,1,Yagya Timeless Show Shirt,Rider > Accessories & Apparel > Shirts,1000000001302,Size: Small,Color: White/White,,,,Wellington Warehouse,80.00,80.00,80.00,230.00,0,0,,,
5,ROW 4 : LVL 1,1774281545041,,Grooming,1,Bex Bar Soap Co. Shampoo Bar,"Horse Care > Grooming & Bathing > Shampoos, Conditioners, & Sprays > Shampoos",BBSHAMPBB,Scent: Bergamot Breeze,,,,,Wellington Warehouse,10.00,10.00,10.00,19.99,0,0,,,
0,Shirts,1777650559287,7350171873013,C,1,Yagya Timeless Show Shirt,Rider > Accessories & Apparel > Shirts,1000000001303,Size: Medium,Color: White/White,,,,Wellington Warehouse,80.00,80.00,80.00,230.00,0,0,0.013513514,,
0,Shirts,1777650559287,7350171872993,C,1,Yagya Timeless Show Shirt,Rider > Accessories & Apparel > Shirts,1000000001301,Size: XS,Color: White/White,,,,Wellington Warehouse,80.00,80.00,80.00,230.00,0,0,,,
5,ROW 4 : LVL 1,1774281545041,,Grooming,1,Bex Bar Soap Co. Shampoo Bar,"Horse Care > Grooming & Bathing > Shampoos, Conditioners, & Sprays > Shampoos",BBSHAMPER,Scent: Eucalyptus Rain,,,,,Wellington Warehouse,10.00,10.00,10.00,19.99,0,0,,,
0,BIN 1,1776787262019,75487034,Bits 1,1,AJR Sport Hard Rubber Mullen Baby Pelham Bit,Tack & Equipment > Bits > English Bits,PHRMB1113,Size: 135mm,,,,,Wellington Warehouse,71.50,71.50,71.50,130.00,0,0,,,
1,BIN 1,1776787262019,"07861818, 07861818",Bits 1,1,AJR Sport Hard Rubber Port D Bit,Tack & Equipment > Bits > English Bits,DHRP5026,Size: 135 mm,,,,,Wellington Warehouse,0.00,0.00,0.00,130.00,0,0,,,
0,BIN 1,1776787262019,"11302458, 11302458",Bits 1,1,AJR Sport Hard Rubber Port Kimberwick Bit,Tack & Equipment > Bits > English Bits,KHRP1405,Size: 135 mm,,,,,Wellington Warehouse,122.00,122.00,122.00,167.00,0,0,,,
0,BIN 1,1776787262019,"88856378, 88856378",Bits 1,1,AJR Sport Hard Rubber Mullen Full Cheek Bit,Tack & Equipment > Bits > English Bits,FCHRM3071,Size: 135mm,,,,,Wellington Warehouse,71.50,71.50,71.50,130.00,0,0,,,
1,BIN 1,1776787262019,"84105018, 84105018",Bits 1,1,AJR Sport Hard Rubber Mullen D Bit,Tack & Equipment > Bits > English Bits,DHRM5071,Size: 135mm,,,,,Wellington Warehouse,71.50,71.50,71.50,130.00,0,0,,,
0,BIN 1,1776787262019,"96851770, 96851770",Bits 1,1,AJR Sport Hard Rubber Mullen Kimberwick Bit,Tack & Equipment > Bits > English Bits,KHRM1112,Size: 135mm,,,,,Wellington Warehouse,71.50,71.50,71.50,130.00,0,0,,,
1,BIN 1,1776787262019,"09631290, 09631290",Bits 1,1,AJR Sport Hard Rubber Port Full Cheek Bit,Tack & Equipment > Bits > English Bits,FCHRP3072,Size: 135 mm,,,,,Wellington Warehouse,74.25,74.25,74.25,135.00,0,0,,,
2,BIN 1,1776787262019,"02881082, 02881082",Bits 1,1,AJR Sport Hard Rubber Mullen Pelham,Tack & Equipment > Bits > English Bits,PHRM1112,Size: 135mm,,,,,Wellington Warehouse,71.50,71.50,71.50,130.00,0,0,,,
0,BIN 1,1776787343289,"16592954, 16592954",Spurs,1,AJR Sport Block End Stainless Steel Spur,Tack & Equipment > Spurs & Straps > English Spurs,SPBE35,Size: 35mm,,,,,Wellington Warehouse,43.50,43.50,43.50,75.00,0,0,,,
0,BIN 1,1776787343289,44536122,Spurs,1,AJR Sport Matte Black Square End Spur (Block Design),Tack & Equipment > Spurs & Straps > English Spurs,SPMBS35,Size: 35mm,,,,,Wellington Warehouse,49.50,49.50,49.50,90.00,0,0,,,
0,BIN 1,1776787343289,16184890,Spurs,1,AJR Sport Matte Black Prince of Wales Spur,Tack & Equipment > Spurs & Straps > English Spurs,SPMBP35,Size: 35 mm,,,,,Wellington Warehouse,41.25,41.25,41.25,75.00,0,0,,,
0,BIN 1,1776787343289,83832890,Spurs,1,AJR Sport Rubber Grip Round End Spur,Tack & Equipment > Spurs & Straps > English Spurs,SPRG25,Size: 25mm,,,,,Wellington Warehouse,46.40,46.40,46.40,80.00,0,0,,,
0,BIN 1,1776787343289,42176826,Spurs,1,AJR Sport Matte Black Round End Spur,Tack & Equipment > Spurs & Straps > English Spurs,SPMBE25,Size: 25mm,,,,,Wellington Warehouse,46.75,46.75,46.75,85.00,0,0,,,
0,BIN 1,1776787343289,83865658,Spurs,1,AJR Sport Rubber Grip Round End Spur,Tack & Equipment > Spurs & Straps > English Spurs,SPRG35,Size: 35mm,,,,,Wellington Warehouse,46.40,46.40,46.40,80.00,0,0,,,
0,BIN 1,1776787343289,37924922,Spurs,1,AJR Sport Hammerhead Thick Spur,Tack & Equipment > Spurs & Straps > English Spurs,SPHT35,Size: 35mm,,,,,Wellington Warehouse,43.50,43.50,43.50,75.00,0,0,0.012987013,,
0,BIN 1,1776787343289,44871738,Spurs,1,AJR Sport Hammerhead Thin Spur,Tack & Equipment > Spurs & Straps > English Spurs,SPTHIN25,Size: 25mm,,,,,Wellington Warehouse,43.50,43.50,43.50,75.00,0,0,,,
1,BIN 1,1776787343289,83800122,Spurs,1,AJR Sport Rubber Grip Round End Spur,Tack & Equipment > Spurs & Straps > English Spurs,SPRG15,Size: 15mm,,,,,Wellington Warehouse,46.40,46.40,46.40,80.00,0,0,,,
1,BIN 1,1776787343289,"16527418, 16527418",Spurs,1,AJR Sport Block End Stainless Steel Spur,Tack & Equipment > Spurs & Straps > English Spurs,SPBE15,Size: 15mm,,,,,Wellington Warehouse,43.50,43.50,43.50,75.00,0,0,,,
0,BIN 1,1776787343289,16119354,Spurs,1,AJR Sport Matte Black Prince of Wales Spur,Tack & Equipment > Spurs & Straps > English Spurs,SPMBP15,Size: 15 mm,,,,,Wellington Warehouse,41.25,41.25,41.25,75.00,0,0,,,
0,BIN 1,1776787343289,"16560186, 16560186",Spurs,1,AJR Sport Block End Stainless Steel Spur,Tack & Equipment > Spurs & Straps > English Spurs,SPBE25,Size: 25mm,,,,,Wellington Warehouse,43.50,43.50,43.50,75.00,0,0,,,
1,BIN 1,1776787343289,44838970,Spurs,1,AJR Sport Hammerhead Thin Spur,Tack & Equipment > Spurs & Straps > English Spurs,SPTHIN15,Size: 15mm,,,,,Wellington Warehouse,43.50,43.50,43.50,75.00,0,0,,,
0,BIN 1,1776787343289,44503354,Spurs,1,AJR Sport Matte Black Square End Spur (Block Design),Tack & Equipment > Spurs & Straps > English Spurs,SPMBS25,Size: 25mm,,,,,Wellington Warehouse,49.50,49.50,49.50,90.00,0,0,,,
0,BIN 1,1776787343289,82817082,Spurs,1,AJR Sport Rubber Covered Block Spur,Tack & Equipment > Spurs & Straps > English Spurs,SPRCB15,Size: 15mm,,,,,Wellington Warehouse,50.46,50.46,50.46,87.00,0,0,,,
0,BIN 1,1776787343289,44904506,Spurs,1,AJR Sport Hammerhead Thin Spur,Tack & Equipment > Spurs & Straps > English Spurs,SPTHIN35,Size: 35mm,,,,,Wellington Warehouse,43.50,43.50,43.50,75.00,0,0,,,
1,BIN 1,1776787343289,37859386,Spurs,1,AJR Sport Hammerhead Thick Spur,Tack & Equipment > Spurs & Straps > English Spurs,SPHT15,Size: 15mm,,,,,Wellington Warehouse,43.50,43.50,43.50,75.00,0,0,,,
0,BIN 1,1776787343289,44470586,Spurs,1,AJR Sport Matte Black Square End Spur (Block Design),Tack & Equipment > Spurs & Straps > English Spurs,SPMBS15,Size: 15mm,,,,,Wellington Warehouse,49.50,49.50,49.50,90.00,0,0,,,
0,BIN 1,1776787343289,16152122,Spurs,1,AJR Sport Matte Black Prince of Wales Spur,Tack & Equipment > Spurs & Straps > English Spurs,SPMBP25,Size: 25 mm,,,,,Wellington Warehouse,41.25,41.25,41.25,75.00,0,0,,,
0,BIN 1,1776787343289,82882618,Spurs,1,AJR Sport Rubber Covered Block Spur,Tack & Equipment > Spurs & Straps > English Spurs,SPRCB35,Size: 35mm,,,,,Wellington Warehouse,50.46,50.46,50.46,87.00,0,0,,,
0,BIN 1,1776787343289,42144058,Spurs,1,AJR Sport Matte Black Round End Spur,Tack & Equipment > Spurs & Straps > English Spurs,SPMBE15,Size: 15mm,,,,,Wellington Warehouse,46.75,46.75,46.75,85.00,0,0,,,
0,BIN 1,1776787343289,28757818,Spurs,1,AJR Sport UFO Spur,Tack & Equipment > Spurs & Straps > English Spurs,SPUFO30,Size: 30mm,,,,,Wellington Warehouse,46.40,46.40,46.40,80.00,0,0,,,
1,BIN 1,1776787343289,01068858,Spurs,1,AJR Sport Stainless Steel Roller Ball Horizontal Spur,Tack & Equipment > Spurs & Straps > English Spurs,SPRBH25,Size: 25mm,,,,,Wellington Warehouse,37.70,37.70,37.70,65.00,0,0,,,
1,BIN 1,1776787343289,98381882,Spurs,1,AJR Sport Smooth Rowel Spur Vertical,Tack & Equipment > Spurs & Straps > English Spurs,SPSRSV25,Size: 25mm,,,,,Wellington Warehouse,46.40,46.40,46.40,80.00,0,0,,,
1,BIN 1,1776787343289,13225786,Spurs,1,AJR Sport TeffleX Vertical Roller Spur,Tack & Equipment > Spurs & Straps > English Spurs,SPTV35,Size: 35mm,,,,,Wellington Warehouse,50.46,50.46,50.46,87.00,0,0,,,
0,BIN 1,1776787343289,02510650,Spurs,1,AJR Sport Stainless Steel Roller Ball Vertical Spur,Tack & Equipment > Spurs & Straps > English Spurs,SPRBV35,SIze: 35mm,,,,,Wellington Warehouse,37.70,37.70,37.70,65.00,0,0,,,
0,BIN 1,1776787343289,05361466,Spurs,1,AJR Sport TeffleX Horizontal Roller Spur,Tack & Equipment > Spurs & Straps > English Spurs,SPTH35,Size: 35mm,,,,,Wellington Warehouse,50.46,50.46,50.46,87.00,0,0,,,
0,BIN 1,1776787343289,02477882,Spurs,1,AJR Sport Stainless Steel Roller Ball Vertical Spur,Tack & Equipment > Spurs & Straps > English Spurs,SPRBV30,SIze: 30mm,,,,,Wellington Warehouse,37.70,37.70,37.70,65.00,0,0,,,
0,BIN 1,1776787343289,28790586,Spurs,1,AJR Sport UFO Spur,Tack & Equipment > Spurs & Straps > English Spurs,SPUFO35,Size: 35mm,,,,,Wellington Warehouse,46.40,46.40,46.40,80.00,0,0,,,
0,BIN 1,1776787343289,98447418,Spurs,1,AJR Sport Smooth Rowel Spur Vertical,Tack & Equipment > Spurs & Straps > English Spurs,SPSRSV35,Size: 35mm,,,,,Wellington Warehouse,46.40,46.40,46.40,80.00,0,0,,,
1,BIN 1,1776787343289,02445114,Spurs,1,AJR Sport Stainless Steel Roller Ball Vertical Spur,Tack & Equipment > Spurs & Straps > English Spurs,SPRBV25,SIze: 25mm,,,,,Wellington Warehouse,37.70,37.70,37.70,65.00,0,0,,,
0,BIN 1,1776787343289,01134394,Spurs,1,AJR Sport Stainless Steel Roller Ball Horizontal Spur,Tack & Equipment > Spurs & Straps > English Spurs,SPRBH035,Size: 35mm,,,,,Wellington Warehouse,37.70,37.70,37.70,65.00,0,0,,,
0,BIN 1,1776787343289,01101626,Spurs,1,AJR Sport Stainless Steel Roller Ball Horizontal Spur,Tack & Equipment > Spurs & Straps > English Spurs,SPRBH30,Size: 30mm,,,,,Wellington Warehouse,37.70,37.70,37.70,65.00,0,0,,,
0,BIN 1,1776787343289,98414650,Spurs,1,AJR Sport Smooth Rowel Spur Vertical,Tack & Equipment > Spurs & Straps > English Spurs,SPSRSV30,Size: 30mm,,,,,Wellington Warehouse,46.40,46.40,46.40,80.00,0,0,,,
0,BIN 1,1776787343289,89993274,Spurs,1,AJR Sport Smooth Rowel Horizontal Spur,Tack & Equipment > Spurs & Straps > English Spurs,SPRH25,Size: 25mm,,,,,Wellington Warehouse,46.40,46.40,46.40,80.00,0,0,,,
0,BIN 1,1776787343289,90058810,Spurs,1,AJR Sport Smooth Rowel Horizontal Spur,Tack & Equipment > Spurs & Straps > English Spurs,SPRH35,Size: 35mm,,,,,Wellington Warehouse,46.40,46.40,46.40,80.00,0,0,,,
0,BIN 1,1776787343289,13193018,Spurs,1,AJR Sport TeffleX Vertical Roller Spur,Tack & Equipment > Spurs & Straps > English Spurs,SPTV30,Size: 30mm,,,,,Wellington Warehouse,50.46,50.46,50.46,87.00,0,0,,,
0,BIN 1,1776787343289,90026042,Spurs,1,AJR Sport Smooth Rowel Horizontal Spur,Tack & Equipment > Spurs & Straps > English Spurs,SPRH30,Size: 30mm,,,,,Wellington Warehouse,46.40,46.40,46.40,80.00,0,0,,,
0,BIN 1,1776787343289,03788602,Spurs,1,AJR Sport Stainless Steel Square End Spur (Block Design),Tack & Equipment > Spurs & Straps > English Spurs,SPSSE35,Size: 35mm,,,,,Wellington Warehouse,49.30,49.30,49.30,85.00,0,0,,,
1,BIN 1,1776787343289,05295930,Spurs,1,AJR Sport TeffleX Horizontal Roller Spur,Tack & Equipment > Spurs & Straps > English Spurs,SPTH25,Size: 25mm,,,,,Wellington Warehouse,50.46,50.46,50.46,87.00,0,0,,,
0,BIN 1,1776787343289,03755834,Spurs,1,AJR Sport Stainless Steel Square End Spur (Block Design),Tack & Equipment > Spurs & Straps > English Spurs,SPSSE25,Size: 25mm,,,,,Wellington Warehouse,49.30,49.30,49.30,85.00,0,0,,,
0,BIN 1,1776787343289,05328698,Spurs,1,AJR Sport TeffleX Horizontal Roller Spur,Tack & Equipment > Spurs & Straps > English Spurs,SPTH30,Size: 30mm,,,,,Wellington Warehouse,50.46,50.46,50.46,87.00,0,0,,,
1,BIN 1,1776787343289,03723066,Spurs,1,AJR Sport Stainless Steel Square End Spur (Block Design),Tack & Equipment > Spurs & Straps > English Spurs,SPSSE15,Size: 15mm,,,,,Wellington Warehouse,49.30,49.30,49.30,85.00,0,0,,,
1,BIN 1,1776787343289,28725050,Spurs,1,AJR Sport UFO Spur,Tack & Equipment > Spurs & Straps > English Spurs,SPUFO25,Size: 25mm,,,,,Wellington Warehouse,46.40,46.40,46.40,80.00,0,0,,,
1,BIN-03,1768845014311,26499130,Shelf 13,3,"AJR Sport 4/8"" Flat Curb Rein - Jumper Collection","Tack & Equipment > Bridles, Headstalls & Reins > English Bridles & Reins > Reins",REIN-003-F,Color: Brown,Size: Full,,,,Wellington Warehouse,71.34,71.34,71.34,123.00,0,0,,,
4,BIN 1,1776787211212,,Gloves,1,AJR Sport Stirrup Leathers,Tack & Equipment > Stirrups & Leathers > Stirrup Leathers & Accessories,STIR-58- 135,Color: Brown,"Size: 135/53""",,,,Wellington Warehouse,124.41,124.41,124.41,214.50,0,0,,,
1,BIN-03,1768845014311,39540794,Shelf 13,3,AJR Sport Raised Running Martingale,Tack & Equipment > Martingales & Breastplates,MRTG-014-F,Size: Full,Color: Brown,,,,Wellington Warehouse,137.17,137.17,137.17,236.50,0,0,,,
1,BIN-03,1768845014311,25155642,Shelf 13,3,"AJR Sport 5/8"" Leather Rein with Inner Rubber Strip & Leather Grips - Jumper Collection","Tack & Equipment > Bridles, Headstalls & Reins > English Bridles & Reins > Reins",REIN-005-F,Size: Full,Color: Brown,,,,Wellington Warehouse,84.97,84.97,84.97,146.50,0,0,,,
1,BIN-03,1768845014311,23615546,Shelf 13,3,AJR Sport Fancy Raised Laced Leather Rein - Hunter Collection,"Tack & Equipment > Bridles, Headstalls & Reins > English Bridles & Reins > Reins",REIN-009-F,Color: Brown,Size: Full,,,,Wellington Warehouse,107.88,107.88,107.88,186.00,0,0,,,
1,BIN 1,1776787211212,,Gloves,1,AJR Sport Stirrup Leathers,Tack & Equipment > Stirrups & Leathers > Stirrup Leathers & Accessories,STIR-58- 145,Color: Brown,"Size: 145/57""",,,,Wellington Warehouse,124.41,124.41,124.41,214.50,0,0,,,
2,BIN 1,1776787211212,,Gloves,1,AJR Sport Stirrup Leathers,Tack & Equipment > Stirrups & Leathers > Stirrup Leathers & Accessories,STIR-58- 125,Color: Brown,"Size: 125/49""",,,,Wellington Warehouse,124.41,124.41,124.41,214.50,0,0,,,
1,BIN-03,1768845014311,06485818,Shelf 13,3,AJR Sport Anatomic Breastplate with Clips & Running Attachment - Jumper Collection,Tack & Equipment > Martingales & Breastplates,BRST-017-F,Color: Brown,Size: Full,,,,Wellington Warehouse,188.79,188.79,188.79,325.50,0,0,,,
1,BIN-03,1768845014311,17495866,Shelf 13,3,AJR Sport Mexican Noseband without Rings - Jumper Collection,"Tack & Equipment > Bridles, Headstalls & Reins > English Bridles & Reins > Bridle Accessories",NSBD-036-F,Color: Brown,Size: Full,,,,Wellington Warehouse,95.70,95.70,95.70,165.00,0,0,,,
1,BIN-03,1768845014311,07337786,Shelf 13,3,AJR Sport Yoke - Jumper Collection,Tack & Equipment > Martingales & Breastplates,ATT-052-F,Color: Brown,Size: Full,,,,Wellington Warehouse,142.97,142.97,142.97,246.50,0,0,,,
1,BIN-03,1768845014311,17364794,Shelf 13,3,AJR Sport Leather Covered Rope Double Noseband - Jumper Collection,"Tack & Equipment > Bridles, Headstalls & Reins > English Bridles & Reins > Bridle Accessories",NSBD-031-F,Size: Full,Color: Brown,,,,Wellington Warehouse,126.44,126.44,126.44,218.00,0,0,0.012345679,,
1,BIN-03,1768845014311,69201722,Shelf 13,3,"AJR Sport 5/8"" Softy Leather Rein Jumper Collection","Tack & Equipment > Bridles, Headstalls & Reins > English Bridles & Reins > Reins",REIN-061-F,Color: Brown,Size: Full,,,,Wellington Warehouse,139.20,139.20,139.20,240.00,0,0,,,
1,BIN-03,1768845014311,63434554,Shelf 13,3,AJR Sport Standing Martingale Attachment - Jumper Collection,Tack & Equipment > Martingales & Breastplates,ATT-070-C,Color: Brown,Size: Cob,,,,Wellington Warehouse,51.04,51.04,51.04,88.00,0,0,,,
1,BIN-03,1768845014311,65498938,Shelf 13,3,AJR Sport Straight Browband Jumper Collection,"Tack & Equipment > Bridles, Headstalls & Reins > English Bridles & Reins > Bridle Accessories",ATT-058F,Color: Brown,Size: Full,,,,Wellington Warehouse,41.47,41.47,41.47,71.50,0,0,,,
2,BIN-03,1768845014311,63401786,Shelf 13,3,AJR Sport Standing Martingale Attachment - Jumper Collection,Tack & Equipment > Martingales & Breastplates,ATT-070-F,Color: Brown,Size: Full,,,,Wellington Warehouse,51.04,51.04,51.04,88.00,0,0,,,
1,BIN-03,1768845014311,67628858,Shelf 13,3,AJR Sport 5/8 Softy Leather Rein with Leather Grip - Jumper Collection,"Tack & Equipment > Bridles, Headstalls & Reins > English Bridles & Reins > Reins",REIN-059-F,Color: Brown,Size: Full,,,,Wellington Warehouse,142.10,142.10,142.10,245.00,0,0,0.030303031,,
1,BIN-03,1768845014311,71528250,Shelf 13,3,"AJR Sport 1"" Web Rein, Raised, with Stopper and Leather Grip - Jumper Collection","Tack & Equipment > Bridles, Headstalls & Reins > English Bridles & Reins > Reins",REIN-060-F,Color: Brown,Size: Full,,,,Wellington Warehouse,99.76,99.76,99.76,172.00,0,0,,,
1,BIN 1,1776787343289,,Spurs,1,Jake Adams Equestrian Tactiq Model G Gloves,Rider > Accessories & Apparel > Gloves,TQ-G-B-8.5,Color: Black,Size: 8.5,,,,Wellington Warehouse,27.50,27.50,27.50,49.99,0,0,,,
4,LVL 2,1769968298842,9355776306445,Blankets 4,2,WeatherBeeta ComFiTec Plus Dynamic Turnout Detach-A-Neck 360G,Horse Wear > Blankets & Sheets > Turnout Blankets & Sheets > Heavy Weight,1029001005,Color: Forest Green/Navy,Size: 78,,,,Wellington Warehouse,126.50,126.50,126.50,229.00,0,0,,,
1,BIN 1,1776787343289,,Spurs,1,Jake Adams Equestrian Tactiq Model G Gloves,Rider > Accessories & Apparel > Gloves,TQ-G-B-9,Color: Black,Size: 9,,,,Wellington Warehouse,27.50,27.50,27.50,49.99,0,0,,,
2,BIN 1,1776787343289,,Spurs,1,Jake Adams Equestrian Tactiq Model V Gloves,Rider > Accessories & Apparel > Gloves,TQ-V-B-6.5,Color: Black,Size: 6.5,,,,Wellington Warehouse,27.50,27.50,27.50,49.99,0,0,,,
4,LVL 2,1769968298842,9355776306506,Blankets 4,2,WeatherBeeta ComFiTec Plus Dynamic Turnout Detach-A-Neck 360G,Horse Wear > Blankets & Sheets > Turnout Blankets & Sheets > Heavy Weight,1029001011,Color: Navy/Forest Green,Size: 75,,,,Wellington Warehouse,126.50,126.50,126.50,229.00,0,0,,,
0,BIN 1,1776787343289,,Spurs,1,Jake Adams Equestrian Tactiq Model V Gloves,Rider > Accessories & Apparel > Gloves,TQ-V-B-7.5,Color: Black,Size: 7.5,,,,Wellington Warehouse,27.50,27.50,27.50,49.99,0,0,,,
1,BIN 1,1776787343289,,Spurs,1,Jake Adams Equestrian Tactiq Model G Gloves,Rider > Accessories & Apparel > Gloves,TQ-G-B-8,Color: Black,Size: 8,,,,Wellington Warehouse,27.50,27.50,27.50,49.99,0,0,,,
2,BIN 1,1776787343289,,Spurs,1,Jake Adams Equestrian Tactiq Model G Gloves,Rider > Accessories & Apparel > Gloves,TQ-G-B-6.5,Color: Black,Size: 6.5,,,,Wellington Warehouse,27.50,27.50,27.50,49.99,0,0,,,
5,LVL 2,1769968298842,9355776306438,Blankets 4,2,WeatherBeeta ComFiTec Plus Dynamic Turnout Detach-A-Neck 360G,Horse Wear > Blankets & Sheets > Turnout Blankets & Sheets > Heavy Weight,1029001004,Color: Forest Green/Navy,Size: 75,,,,Wellington Warehouse,126.50,126.50,126.50,229.00,0,0,,,
0,BIN 1,1776787343289,,Spurs,1,Jake Adams Equestrian Tactiq Model G Gloves,Rider > Accessories & Apparel > Gloves,TQ-G-B-7.5,Color: Black,Size: 7.5,,,,Wellington Warehouse,27.50,27.50,27.50,49.99,0,0,0.032258064,,
5,LVL 2,1769968298842,9355776306513,Blankets 4,2,WeatherBeeta ComFiTec Plus Dynamic Turnout Detach-A-Neck 360G,Horse Wear > Blankets & Sheets > Turnout Blankets & Sheets > Heavy Weight,1029001012,Color: Navy/Forest Green,Size: 78,,,,Wellington Warehouse,126.50,126.50,126.50,229.00,0,0,,,
2,LVL 2,1769968298842,9355776306520,Blankets 4,2,WeatherBeeta ComFiTec Plus Dynamic Turnout Detach-A-Neck 360G,Horse Wear > Blankets & Sheets > Turnout Blankets & Sheets > Heavy Weight,1029001013,Color: Navy/Forest Green,Size: 81,,,,Wellington Warehouse,126.50,126.50,126.50,229.00,0,0,0.25,,
1,BIN 1,1776787343289,,Spurs,1,Jake Adams Equestrian Tactiq Model V Gloves,Rider > Accessories & Apparel > Gloves,TQ-V-B-8,Color: Black,Size: 8,,,,Wellington Warehouse,27.50,27.50,27.50,49.99,0,0,,,
5,LVL 2,1769968298842,9355776306421,Blankets 4,2,WeatherBeeta ComFiTec Plus Dynamic Turnout Detach-A-Neck 360G,Horse Wear > Blankets & Sheets > Turnout Blankets & Sheets > Heavy Weight,1029001003,Color: Forest Green/Navy,Size: 72,,,,Wellington Warehouse,126.50,126.50,126.50,229.00,0,0,,,
3,LVL 2,1769968298842,9355776306490,Blankets 4,2,WeatherBeeta ComFiTec Plus Dynamic Turnout Detach-A-Neck 360G,Horse Wear > Blankets & Sheets > Turnout Blankets & Sheets > Heavy Weight,1029001010,Color: Navy/Forest Green,Size: 72,,,,Wellington Warehouse,126.50,126.50,126.50,229.00,0,0,,,
1,BIN 1,1776787343289,,Spurs,1,Jake Adams Equestrian Tactiq Model G Gloves,Rider > Accessories & Apparel > Gloves,TQ-G-B-6,Color: Black,Size: 6,,,,Wellington Warehouse,27.50,27.50,27.50,49.99,0,0,,,
5,LVL 2,1769968298842,9355776306452,Blankets 4,2,WeatherBeeta ComFiTec Plus Dynamic Turnout Detach-A-Neck 360G,Horse Wear > Blankets & Sheets > Turnout Blankets & Sheets > Heavy Weight,1029001006,Color: Forest Green/Navy,Size: 81,,,,Wellington Warehouse,126.50,126.50,126.50,229.00,0,0,,,
8,ROW 1 : LVL 2,1767888398016,"7350036140076, 7350036140076",Supplements 1,2,Atletix Horse,Horse Care > Supplements > Joint Health,ATLETIX60,Size: 60 Doses,,,Lot# 161771015,2028-10-15,Wellington Warehouse,89.00,89.00,89.00,199.99,1,0,0.25757575,,
-5,,,817160011582,,,Assure Guard Gold,Horse Care > Supplements > Digestive & Gut Health,AA016,Size: 25 lbs,,,,,Wellington Warehouse,345.74,345.74,345.74,420.59,0,6,,,
0,BIN-01,1768845014309,"8059303107376, 8059303107376",Shelf 13,1,Equiline Belair Allshot Unisex Air Bag Vest,Rider > Accessories & Apparel > Safety Vest,EC018-Q11104-BL-M,Color: Black,Size: M,,,,Wellington Warehouse,400.00,400.00,400.00,799.00,0,0,,,
1,BIN-01,1768845014309,"8059303107345, 8059303107345",Shelf 13,1,Equiline Belair Allshot Unisex Air Bag Vest,Rider > Accessories & Apparel > Safety Vest,EC018-Q11104-BL-XXS,Color: Black,Size: XXS,,,,Wellington Warehouse,400.00,400.00,400.00,799.00,0,0,,,
1,BIN-01,1768845014309,"8059303107352, 8059303107352",Shelf 13,1,Equiline Belair Allshot Unisex Air Bag Vest,Rider > Accessories & Apparel > Safety Vest,EC018-Q11104-BL-XS,Color: Black,Size: XS,,,,Wellington Warehouse,400.00,400.00,400.00,799.00,0,0,,,
0,BIN-01,1768845014309,"8059303107383, 8059303107383",Shelf 13,1,Equiline Belair Allshot Unisex Air Bag Vest,Rider > Accessories & Apparel > Safety Vest,EC018-Q11104-BL-L,Color: Black,Size: L,,,,Wellington Warehouse,400.00,400.00,400.00,799.00,0,0,,,
1,BIN-01,1768845014309,"8059303107406, 8059303107406",Shelf 13,1,Equiline Belair Allshot Unisex Air Bag Vest,Rider > Accessories & Apparel > Safety Vest,EC018-Q11104-BL-XXL,Color: Black,Size: XXL,,,,Wellington Warehouse,400.00,400.00,400.00,799.00,0,0,,,
1,BIN-01,1768845014309,"8059303107369, 8059303107369",Shelf 13,1,Equiline Belair Allshot Unisex Air Bag Vest,Rider > Accessories & Apparel > Safety Vest,EC018-Q11104-BL-S,Color: Black,Size: S,,,,Wellington Warehouse,400.00,400.00,400.00,799.00,0,0,,,
0,Breeches,1777650559285,,C,1,Equiline Ernaek-W Women's High-Waist Knee Grip Breeches in Standard Weight B-Move,Rider > Accessories & Apparel > Breeches,EC900-N09148W-005-38,Color: Beige,Size: 38,,,,Wellington Warehouse,195.00,195.00,195.00,389.00,0,0,,,
0,Breeches,1777650559285,,C,1,Equiline Ernaek-W Women's High-Waist Knee Grip Breeches in Standard Weight B-Move,Rider > Accessories & Apparel > Breeches,EC900-N09148W-005-48,Color: Beige,Size: 46,,,,Wellington Warehouse,195.00,195.00,195.00,389.00,0,0,,,
0,Breeches,1777650559285,,C,1,Equiline Ernaek-W Women's High-Waist Knee Grip Breeches in Standard Weight B-Move,Rider > Accessories & Apparel > Breeches,EC900-N09148W-005-40,Color: Beige,Size: 40,,,,Wellington Warehouse,195.00,195.00,195.00,389.00,0,0,0.028571429,,
0,Breeches,1777650559285,,C,1,Equiline Ernaek-W Women's High-Waist Knee Grip Breeches in Standard Weight B-Move,Rider > Accessories & Apparel > Breeches,EC900-N09148W-005-42,Color: Beige,Size: 42,,,,Wellington Warehouse,195.00,195.00,195.00,389.00,0,0,,,
0,Breeches,1777650559285,,C,1,Equiline Ernaek-W Women's High-Waist Knee Grip Breeches in Standard Weight B-Move,Rider > Accessories & Apparel > Breeches,EC900-N09148W-005-44,Color: Beige,Size: 44,,,,Wellington Warehouse,195.00,195.00,195.00,389.00,0,0,0.028571429,,
1,Breeches,1777650559285,,C,1,Equiline Grafton B-MOVE - Men's Knee Patch Riding Breeches in B-Move Fabric,Rider > Accessories & Apparel > Breeches,EC018-N08200-005-50,Color: Beige,Size: 50,,,,Wellington Warehouse,190.00,190.00,190.00,379.00,1,0,,,
0,Breeches,1777650559285,,C,1,Equiline Grafton B-MOVE - Men's Knee Patch Riding Breeches in B-Move Fabric,Rider > Accessories & Apparel > Breeches,EC018-N08200-005-46,Color: Beige,Size: 46,,,,Wellington Warehouse,190.00,190.00,190.00,379.00,0,0,,,
1,Breeches,1777650559285,,C,1,Equiline Grafton B-MOVE - Men's Knee Patch Riding Breeches in B-Move Fabric,Rider > Accessories & Apparel > Breeches,EC018-N08200-005-52,Color: Beige,Size: 52,,,,Wellington Warehouse,190.00,190.00,190.00,379.00,0,0,,,
1,Breeches,1777650559285,,C,1,Equiline Grafton B-MOVE - Men's Knee Patch Riding Breeches in B-Move Fabric,Rider > Accessories & Apparel > Breeches,EC018-N08200-005-48,Color: Beige,Size: 48,,,,Wellington Warehouse,190.00,190.00,190.00,379.00,0,0,,,
1,Breeches,1777650559285,,C,1,Equiline Grafton B-MOVE - Men's Knee Patch Riding Breeches in B-Move Fabric,Rider > Accessories & Apparel > Breeches,EC018-N08200-005-54,Color: Beige,Size: 54,,,,Wellington Warehouse,190.00,190.00,190.00,379.00,0,0,,,
0,BIN-03,1774887638159,,Cavali 2,3,Equiline Silver Plus Light Socks,Rider > Accessories & Apparel > Socks,EC018-T11203-006-BL-39-42,Color: Black,Size: 39/42,,,,Wellington Warehouse,25.00,25.00,25.00,49.00,0,0,,,
0,BIN-03,1774887638159,,Cavali 2,3,Equiline Silver Plus Light Socks,Rider > Accessories & Apparel > Socks,EC018-T11203-006-BL-35-38,Color: Black,Size: 35/38,,,,Wellington Warehouse,25.00,25.00,25.00,49.00,0,0,,,
0,Shirts,1777650559287,,C,1,Equiline Lily - Women's Show Shirt in Technical Fabric,Rider > Accessories & Apparel > Shirts,EC018-H00702-001-XS,Color: White,Size: XS,,,,Wellington Warehouse,107.00,107.00,107.00,215.00,0,0,0.027777778,,
0,Shirts,1777650559287,,C,1,Equiline Lily - Women's Show Shirt in Technical Fabric,Rider > Accessories & Apparel > Shirts,EC018-H00702-001-M,Color: White,Size: M,,,,Wellington Warehouse,107.00,107.00,107.00,215.00,0,0,,,
0,Shirts,1777650559287,,C,1,Equiline Lily - Women's Show Shirt in Technical Fabric,Rider > Accessories & Apparel > Shirts,EC018-H00702-001-S,Color: White,Size: S,,,,Wellington Warehouse,107.00,107.00,107.00,215.00,0,0,,,
1456,ROW 5 : LVL 4,1774281422022,79375418,Supplements 3,4,Corro Mud Fever Foam Cleanser,Horse Care > First Aid & Wellness > Wound Care & Topicals,MUDF6.7,Size: 6.7 ounces,,,,,Wellington Warehouse,16.00,16.00,16.00,44.99,0,0,0.58666664,,
1,ROW 1 : LVL 2,1768938712710,79375418,First Aid,2,Corro Mud Fever Foam Cleanser,Horse Care > First Aid & Wellness > Wound Care & Topicals,MUDF6.7,Size: 6.7 ounces,,,,,Wellington Warehouse,16.00,16.00,16.00,44.99,0,0,0.58666664,,
1,BIN 1,1776787262020,"1776965505595, 1776965505595",Bits 2,1,AJR Sport Iron Waterford Elevator Bit,Tack & Equipment > Bits > Western Bits,ESIWL1562,Size: 125mm,Shank Length: Long,,,,Wellington Warehouse,0.00,0.00,0.00,0.00,0,0,,,
1,BIN 1,1776787262020,"1776965675563, 1776965675563",Bits 2,1,AJR Sport Rubber Elliptical Elevator Bit,Tack & Equipment > Bits > Western Bits,ERES1563,Size: 125mm,,,,,Wellington Warehouse,107.30,107.30,107.30,185.00,0,0,,,
1,BIN 1,1776787262020,"1776965568130, 1776965568130",Bits 2,1,AJR Sport Copper Roller Hartford Elevator Bit,Tack & Equipment > Bits > Western Bits,ECRHS1566,Size: 125mm,,,,,Wellington Warehouse,136.30,136.30,136.30,235.00,0,0,,,
1,BIN 1,1776787262020,"1776964671979, 1776964671979",Bits 2,1,AJR Cut Off Segunda Elevator Bit,Tack & Equipment > Bits > Western Bits,ECOSS1567,Size: 125mm,Shank Length: Short,,,,Wellington Warehouse,136.30,136.30,136.30,235.00,0,0,,,
1,BIN 1,1776787262020,"1776965040763, 1776965040763",Bits 2,1,AJR Sport Rubber Twist Elevator Bit,Tack & Equipment > Bits > Western Bits,ERTS1569,Size: 125mm,,,,,Wellington Warehouse,125.28,125.28,125.28,216.00,0,0,,,
1,BIN 1,1776787262020,"1776965240896, 1776965240896",Bits 2,1,AJR Sport Tefflex Six Roller Elevator Bit,Tack & Equipment > Bits > Western Bits,ETFLXR6S1551,Size: 125mm,,,,,Wellington Warehouse,118.90,118.90,118.90,205.00,0,0,,,
1,BIN 1,1776787262020,"1776964886443, 1776964886443",Bits 2,1,AJR Sport Leather Covered Sam Marsh Elevator Bit,Tack & Equipment > Bits > Western Bits,ELCSAMS1548,Size: 125mm,,,,,Wellington Warehouse,118.90,118.90,118.90,270.00,0,0,,,
1,BIN 1,1776787262020,"1776965536822, 1776965536822",Bits 2,1,AJR Sport Leather Covered Morph Elevator Bit,Tack & Equipment > Bits > Western Bits,ELCMS1557,Size: 125mm,,,,,Wellington Warehouse,136.30,136.30,136.30,235.00,0,0,,,
1,BIN 1,1776787262020,"1776965996832, 1776965996832",Bits 2,1,AJR Sport Sweet Iron Port Elevator Bit,Tack & Equipment > Bits > Western Bits,ESIPS1558,Size: 125mm,Shank Length: Short,,,,Wellington Warehouse,136.30,136.30,136.30,235.00,0,0,,,
1,BIN 1,1776787262020,"1776965757416, 1776965757416",Bits 2,1,AJR Sport Sweet Iron Port Elevator Bit,Tack & Equipment > Bits > Western Bits,ESIPL1559,Size: 125mm,Shank Length: Long,,,,Wellington Warehouse,136.30,136.30,136.30,235.00,0,0,,,
1,BIN 1,1776787262020,1776965074792,Bits 2,1,AJR Sport Comfort Port Elevator Bit Short Shank,Tack & Equipment > Bits > Western Bits,ECPS1541,Size: 125mm,,,,,Wellington Warehouse,113.10,113.10,113.10,195.00,0,0,,,
1,BIN 1,1776787262020,"1776964694583, 1776964694583",Bits 2,1,AJR Cut Off Segunda Elevator Bit,Tack & Equipment > Bits > Western Bits,ECOSL1542,Size: 125mm,Shank Length: Long,,,,Wellington Warehouse,136.30,136.30,136.30,235.00,0,0,,,
1,BIN 1,1776787262020,"1776964833953, 1776964833953",Bits 2,1,AJR Sport Rubber Block Flexi Elevator,Tack & Equipment > Bits > Western Bits,ERBFL1573,Size: 125mm,Shank Length: Long,,,,Wellington Warehouse,124.70,124.70,124.70,215.00,0,0,,,
1,BIN 1,1776787262020,"1776964818767, 1776964818767",Bits 2,1,AJR Sport Rubber Block Flexi Elevator,Tack & Equipment > Bits > Western Bits,ERBS1572,Size: 125mm,Shank Length: Short,,,,Wellington Warehouse,124.70,124.70,124.70,215.00,0,0,,,
3,BIN 1,1776787262019,"1776962689263, 1776962689263",Bits 1,1,AJR Sport Single Jointed Golden Ease D Bit,Tack & Equipment > Bits > English Bits,DSJGE5089,Size: 135mm,,,,,Wellington Warehouse,58.00,58.00,58.00,100.00,0,0,,,
3,BIN 1,1776787262019,1776961596471,Bits 1,1,AJR Sport Single Jointed Golden Ease Eggbutt Bit,Tack & Equipment > Bits > English Bits,ESJGE2038,Size: 135mm,,,,,Wellington Warehouse,55.10,55.10,55.10,125.00,0,0,,,
3,BIN 1,1776787262019,1776961212005,Bits 1,1,AJR Sport Single Jointed Golden Ease Full Cheek Bit,Tack & Equipment > Bits > English Bits,FCSJGE3088,Size: 135mm,,,,,Wellington Warehouse,63.80,63.80,63.80,110.00,0,0,,,
3,BIN 1,1776787262019,"1776963284576, 1776963284576",Bits 1,1,AJR Sport Single Jointed Golden Ease Loose Ring Bit,Tack & Equipment > Bits > English Bits,LRSJGE4059,Size: 135mm,,,,,Wellington Warehouse,43.50,43.50,43.50,75.00,0,0,,,
2,BIN 1,1776787262019,"1776962801032, 1776962801032",Bits 1,1,AJR Sport Single Jointed Golden Ease Pelham Bit,Tack & Equipment > Bits > English Bits,PSJGE1138,Size: 135mm,,,,,Wellington Warehouse,72.50,72.50,72.50,125.00,0,0,,,
1,BIN 1,1776787262019,1776963126773,Bits 1,1,AJR Sport Double Jointed Golden Ease Pelham Bit,Tack & Equipment > Bits > English Bits,PDJGE1129,Size: 135mm,,,,,Wellington Warehouse,78.30,78.30,78.30,135.00,0,0,,,
1,BIN 1,1776787262019,"1776962565791, 1776962565791",Bits 1,1,AJR Sport Double Jointed Golden Ease D Bit,Tack & Equipment > Bits > English Bits,DDJGE5081,Size: 135mm,,,,,Wellington Warehouse,63.80,63.80,63.80,110.00,0,0,0.030303031,,
2,BIN 1,1776787262019,"1776962028013, 1776962028013",Bits 1,1,AJR Sport Double Jointed Golden Ease Full Cheek,Tack & Equipment > Bits > English Bits,FCDJGE3081,Size: 135mm,,,,,Wellington Warehouse,63.80,63.80,63.80,110.00,0,0,,,
1,BIN 1,1776787262019,"1776962443422, 1776962443422",Bits 1,1,AJR Sport Double Jointed Golden Ease Loose Ring Bit,Tack & Equipment > Bits > English Bits,LRDJGE4057,Size: 135mm,,,,,Wellington Warehouse,49.30,49.30,49.30,85.00,0,0,,,
4,Shirts,1777650559287,"5063240140610, 5063240140689",C,1,LeMieux Classique Short Sleeve Base Layer,Rider > Accessories & Apparel > Shirts,IT08220015,Color: Fondant,Size: 10,,,,Wellington Warehouse,44.39,44.39,44.39,74.95,0,0,,,
2,Shirts,1777650559287,5063240140634,C,1,LeMieux Classique Short Sleeve Base Layer,Rider > Accessories & Apparel > Shirts,IT08220017,Color: Fondant,Size: 2,,,,Wellington Warehouse,44.39,44.39,44.39,74.95,0,0,,,
4,Shirts,1777650559287,"5063240140603, 5063240140672",C,1,LeMieux Classique Short Sleeve Base Layer,Rider > Accessories & Apparel > Shirts,IT08220014,Color: Fondant,Size: 8,,,,Wellington Warehouse,44.39,44.39,44.39,74.95,0,0,,,
3,Shirts,1777650559287,5063240140641,C,1,LeMieux Classique Short Sleeve Base Layer,Rider > Accessories & Apparel > Shirts,IT08220018,Color: Fondant,Size: 4,,,,Wellington Warehouse,44.39,44.39,44.39,74.95,0,0,,,
2,Shirts,1777650559287,5063240140658,C,1,LeMieux Classique Short Sleeve Base Layer,Rider > Accessories & Apparel > Shirts,IT08220033,Color: Fondant,Size: 14,,,,Wellington Warehouse,44.39,44.39,44.39,74.95,0,0,,,
3,Shirts,1777650559287,"5063240140597, 5063240140665",C,1,LeMieux Classique Short Sleeve Base Layer,Rider > Accessories & Apparel > Shirts,IT08220013,Color: Fondant,Size: 6,,,,Wellington Warehouse,44.39,44.39,44.39,74.95,0,0,0.011494253,,
3,Shirts,1777650559287,"5063240140627, 5063240140696",C,1,LeMieux Classique Short Sleeve Base Layer,Rider > Accessories & Apparel > Shirts,IT08220016,Color: Fondant,Size: 12,,,,Wellington Warehouse,44.39,44.39,44.39,74.95,0,0,,,
2,LVL 1,1770059667422,"084369187152, 084369190824",Buckets,1,Little Giant Plastic 8 Quart Flat Back Bucket,Stable > Stable Supplies > Feed & Water Buckets,P8FBNAVY6,Size: 8 Quarts,Color: Navy,,,,Wellington Warehouse,3.73,4.11,4.49,6.99,0,0,0.027027028,Fri May 08 2026 18:20:49 GMT+0000 (Coordinated Universal Time),RJ April Trade Show Order #26055020300
5,LVL 2,1770059717290,"084369187152, 084369190824",Buckets,2,Little Giant Plastic 8 Quart Flat Back Bucket,Stable > Stable Supplies > Feed & Water Buckets,P8FBNAVY6,Size: 8 Quarts,Color: Navy,,,,Wellington Warehouse,3.73,4.11,4.49,6.99,0,0,0.027027028,Fri May 08 2026 18:20:49 GMT+0000 (Coordinated Universal Time),RJ April Trade Show Order #26055020300
1,Shirts,1777650559287,5063240140214,C,1,LeMieux Hallie Lightweight Base,Rider > Accessories & Apparel > Shirts,IT08214017,Color: Jungle,Size: 2,,,,Wellington Warehouse,49.39,49.39,49.39,84.95,0,0,,,
3,Shirts,1777650559287,5063240140115,C,1,LeMieux Hallie Lightweight Base,Rider > Accessories & Apparel > Shirts,IT08213014,Color: Powder Blue,Size: 8,,,,Wellington Warehouse,49.39,49.39,49.39,84.95,0,0,,,
3,Shirts,1777650559287,5063240140122,C,1,LeMieux Hallie Lightweight Base,Rider > Accessories & Apparel > Shirts,IT08213015,Color: Powder Blue,Size: 10,,,,Wellington Warehouse,49.39,49.39,49.39,84.95,0,0,,,
1,Shirts,1777650559287,5063240140276,C,1,LeMieux Hallie Lightweight Base,Rider > Accessories & Apparel > Shirts,IT08214016,Color: Jungle,Size: 12,,,,Wellington Warehouse,49.39,49.39,49.39,84.95,0,0,,,
3,Shirts,1777650559287,5063240140269,C,1,LeMieux Hallie Lightweight Base,Rider > Accessories & Apparel > Shirts,IT08214015,Color: Jungle,Size: 10,,,,Wellington Warehouse,49.39,49.39,49.39,84.95,0,0,,,
3,Shirts,1777650559287,5063240140245,C,1,LeMieux Hallie Lightweight Base,Rider > Accessories & Apparel > Shirts,IT08214013,Color: Jungle,Size: 6,,,,Wellington Warehouse,49.39,49.39,49.39,84.95,0,0,,,
1,Shirts,1777650559287,5063240140160,C,1,LeMieux Hallie Lightweight Base,Rider > Accessories & Apparel > Shirts,IT08213033,Color: Powder Blue,Size: 14,,,,Wellington Warehouse,49.39,49.39,49.39,84.95,0,0,,,
1,Shirts,1777650559287,5063240140238,C,1,LeMieux Hallie Lightweight Base,Rider > Accessories & Apparel > Shirts,IT08214033,Color: Jungle,Size: 14,,,,Wellington Warehouse,49.39,49.39,49.39,84.95,0,0,,,
2,Shirts,1777650559287,5063240140221,C,1,LeMieux Hallie Lightweight Base,Rider > Accessories & Apparel > Shirts,IT08214018,Color: Jungle,Size: 4,,,,Wellington Warehouse,49.39,49.39,49.39,84.95,0,0,,,
3,Shirts,1777650559287,5063240140252,C,1,LeMieux Hallie Lightweight Base,Rider > Accessories & Apparel > Shirts,IT08214014,Color: Jungle,Size: 8,,,,Wellington Warehouse,49.39,49.39,49.39,84.95,0,0,,,
1,Shirts,1777650559287,5063240140153,C,1,LeMieux Hallie Lightweight Base,Rider > Accessories & Apparel > Shirts,IT08213018,Color: Powder Blue,Size: 4,,,,Wellington Warehouse,49.39,49.39,49.39,84.95,0,0,,,
2,Shirts,1777650559287,,C,1,LeMieux Hallie Lightweight Base,Rider > Accessories & Apparel > Shirts,IT08213016,Color: Powder Blue,Size: 12,,,,Wellington Warehouse,49.39,49.39,49.39,84.95,0,0,,,
1,Shirts,1777650559287,5063240140146,C,1,LeMieux Hallie Lightweight Base,Rider > Accessories & Apparel > Shirts,IT08213017,Color: Powder Blue,Size: 2,,,,Wellington Warehouse,49.39,49.39,49.39,84.95,0,0,,,
3,Shirts,1777650559287,5063240140108,C,1,LeMieux Hallie Lightweight Base,Rider > Accessories & Apparel > Shirts,IT08213013,Color: Powder Blue,Size: 6,,,,Wellington Warehouse,49.39,49.39,49.39,84.95,0,0,,,
2,LVL 3,1770396427445,5063240134053,Saddle Pads 3,3,LeMieux Loire Classic Dressage Saddle Pad,Tack & Equipment > English Saddle Pads > Dressage Saddle Pads,IT08289005,Color: Jungle,Size: Full,,,,Wellington Warehouse,0.00,0.00,0.00,119.95,0,0,0.018181818,,
2,LVL 3,1770396427445,5063240134046,Saddle Pads 3,3,LeMieux Loire Classic Dressage Saddle Pad,Tack & Equipment > English Saddle Pads > Dressage Saddle Pads,IT08288066,Color: Powder Blue,Size: Cob,,,,Wellington Warehouse,0.00,0.00,0.00,119.95,0,0,,,
4,LVL 3,1770396427445,5063240134015,Saddle Pads 3,3,LeMieux Loire Classic Dressage Saddle Pad,Tack & Equipment > English Saddle Pads > Dressage Saddle Pads,IT08287005,Color: Mallow,Size: Full,,,,Wellington Warehouse,0.00,0.00,0.00,119.95,0,0,,,
3,LVL 3,1770396427445,5063240134039,Saddle Pads 3,3,LeMieux Loire Classic Dressage Saddle Pad,Tack & Equipment > English Saddle Pads > Dressage Saddle Pads,IT08288005,Color: Powder Blue,Size: Full,,,,Wellington Warehouse,0.00,0.00,0.00,119.95,0,0,,,
3,LVL 3,1770396427445,5063240134022,Saddle Pads 3,3,LeMieux Loire Classic Dressage Saddle Pad,Tack & Equipment > English Saddle Pads > Dressage Saddle Pads,IT08287066,Color: Mallow,Size: Cob,,,,Wellington Warehouse,0.00,0.00,0.00,119.95,0,0,,,
2,LVL 3,1770396427445,5063240134060,Saddle Pads 3,3,LeMieux Loire Classic Dressage Saddle Pad,Tack & Equipment > English Saddle Pads > Dressage Saddle Pads,IT08289066,Color: Jungle,Size: Cob,,,,Wellington Warehouse,0.00,0.00,0.00,119.95,0,0,,,
2,LVL 4,1770396427446,"5063240133988, IT08284066",Saddle Pads 3,4,LeMieux Classic Close Contact Loire Saddle Pad,Tack & Equipment > English Saddle Pads > All Purpose & Hunter/Jumper Saddle Pads,IT08285066,Color: Powder Blue,Size: Cob,,,,Wellington Warehouse,69.39,69.39,69.39,119.95,0,0,,,
2,LVL 4,1770396427446,5063240133964,Saddle Pads 3,4,LeMieux Classic Close Contact Loire Saddle Pad,Tack & Equipment > English Saddle Pads > All Purpose & Hunter/Jumper Saddle Pads,IT08284066,Color: Mallow,Size: Cob,,,,Wellington Warehouse,69.39,69.39,69.39,119.95,0,0,0.01923077,,
4,LVL 4,1770396427446,5063240133957,Saddle Pads 3,4,LeMieux Classic Close Contact Loire Saddle Pad,Tack & Equipment > English Saddle Pads > All Purpose & Hunter/Jumper Saddle Pads,IT08284005,Color: Mallow,Size: Full,,,,Wellington Warehouse,69.39,69.39,69.39,119.95,0,0,,,
3,LVL 4,1770396427446,5063240133971,Saddle Pads 3,4,LeMieux Classic Close Contact Loire Saddle Pad,Tack & Equipment > English Saddle Pads > All Purpose & Hunter/Jumper Saddle Pads,IT08285005,Color: Powder Blue,Size: Full,,,,Wellington Warehouse,69.39,69.39,69.39,119.95,0,0,,,
3,BIN-04,1777314709514,5063240133841,Shelf 21,4,LeMieux Classic Loire Fly Bonnet,Tack & Equipment > Ear Plugs & Bonnets > Bonnets,IT08281004,Color: Mallow,Size: Cob,,,,Wellington Warehouse,39.39,39.39,39.39,64.95,0,0,,,
2,BIN-04,1777314709514,5063240133889,Shelf 21,4,LeMieux Classic Loire Fly Bonnet,Tack & Equipment > Ear Plugs & Bonnets > Bonnets,IT08282004,Color: Powder Blue,Size: Cob,,,,Wellington Warehouse,39.39,39.39,39.39,64.95,0,0,,,
1,BIN-04,1777314709514,5063240133926,Shelf 21,4,LeMieux Classic Loire Fly Bonnet,Tack & Equipment > Ear Plugs & Bonnets > Bonnets,IT08283004,Color: Jungle,Size: Cob,,,,Wellington Warehouse,39.39,39.39,39.39,64.95,0,0,0.024390243,,
4,BIN-04,1777314709514,5063240133858,Shelf 21,4,LeMieux Classic Loire Fly Bonnet,Tack & Equipment > Ear Plugs & Bonnets > Bonnets,IT08281005,Color: Mallow,Size: Full,,,,Wellington Warehouse,39.39,39.39,39.39,64.95,0,0,,,
3,BIN-04,1777314709514,5063240133933,Shelf 21,4,LeMieux Classic Loire Fly Bonnet,Tack & Equipment > Ear Plugs & Bonnets > Bonnets,IT08283005,Color: Jungle,Size: Full,,,,Wellington Warehouse,39.39,39.39,39.39,64.95,0,0,,,
2,BIN-04,1777314709514,5063240133896,Shelf 21,4,LeMieux Classic Loire Fly Bonnet,Tack & Equipment > Ear Plugs & Bonnets > Bonnets,IT08282005,Color: Powder Blue,Size: Full,,,,Wellington Warehouse,39.39,39.39,39.39,64.95,0,0,,,
1,BIN-04,1777314709514,5063240133865,Shelf 21,4,LeMieux Classic Loire Fly Bonnet,Tack & Equipment > Ear Plugs & Bonnets > Bonnets,IT08281006,Color: Mallow,Size: Oversize,,,,Wellington Warehouse,39.39,39.39,39.39,64.95,0,0,,,
2,BIN-04,1777314709514,5063240133940,Shelf 21,4,LeMieux Classic Loire Fly Bonnet,Tack & Equipment > Ear Plugs & Bonnets > Bonnets,IT08283006,Color: Jungle,Size: Oversize,,,,Wellington Warehouse,39.39,39.39,39.39,64.95,0,0,,,
2,BIN-04,1777314709514,5063240133902,Shelf 21,4,LeMieux Classic Loire Fly Bonnet,Tack & Equipment > Ear Plugs & Bonnets > Bonnets,IT08282006,Color: Powder Blue,Size: Oversize,,,,Wellington Warehouse,39.39,39.39,39.39,64.95,0,0,,,
4,LVL 3,1770396427445,5063240134930,Saddle Pads 3,3,LeMieux Essence Dressage Saddle Pad,Tack & Equipment > English Saddle Pads > Dressage Saddle Pads,IT08325005,Color: Fondant,Size: Full,,,,Wellington Warehouse,64.39,64.39,64.39,109.95,0,0,,,
3,LVL 3,1770396427445,5063240134947,Saddle Pads 3,3,LeMieux Essence Dressage Saddle Pad,Tack & Equipment > English Saddle Pads > Dressage Saddle Pads,IT08325066,Color: Fondant,Size: Cob,,,,Wellington Warehouse,64.39,64.39,64.39,109.95,0,0,,,
0,LVL 4,1770396427446,5063240058670,Saddle Pads 3,4,LeMieux Essence Close Contact Saddle Pad,Tack & Equipment > English Saddle Pads > All Purpose & Hunter/Jumper Saddle Pads,IT09067005,Color: Fondant,Size: Full,,,,Wellington Warehouse,0.00,0.00,0.00,109.95,0,0,0.05172414,,
1,LVL 4,1770396427446,5063240165354,Saddle Pads 3,4,LeMieux Essence Close Contact Saddle Pad,Tack & Equipment > English Saddle Pads > All Purpose & Hunter/Jumper Saddle Pads,IT09067066,Color: Fondant,Size: Cob,,,,Wellington Warehouse,0.00,0.00,0.00,109.95,0,0,0.028571429,,
3,BIN-04,1777314709514,5063240135005,Shelf 21,4,LeMieux Essence Fly Bonnet,Tack & Equipment > Ear Plugs & Bonnets > Bonnets,IT08328005,Size: Full,Color: Fondant,,,,Wellington Warehouse,39.99,39.99,39.99,64.95,0,0,0.035714287,,
2,BIN-04,1777314709514,5063240135012,Shelf 21,4,LeMieux Essence Fly Bonnet,Tack & Equipment > Ear Plugs & Bonnets > Bonnets,IT08328006,Size: Oversize,Color: Fondant,,,,Wellington Warehouse,39.99,39.99,39.99,64.95,0,0,,,
3,BIN-04,1777314709514,5063240134992,Shelf 21,4,LeMieux Essence Fly Bonnet,Tack & Equipment > Ear Plugs & Bonnets > Bonnets,IT08328004,Size: Cob,Color: Fondant,,,,Wellington Warehouse,39.99,39.99,39.99,64.95,0,0,,,
1,LVL 2,1771953347959,5063240018490,Fly Sheets 1,2,LeMieux Arika Shower Tek Fly Rug,Horse Wear > Fly & Insect Control > Fly Sheets,IT04127029,Color: Grey,Size: 78,,,,Wellington Warehouse,99.08,99.08,99.08,189.95,0,0,0.03448276,,
1,LVL 2,1771953347959,5063240018513,Fly Sheets 1,2,LeMieux Arika Shower Tek Fly Rug,Horse Wear > Fly & Insect Control > Fly Sheets,IT04127031,Color: Grey,Size: 84,,,,Wellington Warehouse,99.08,99.08,99.08,189.95,0,0,,,
3,LVL 2,1771953347959,5063240018483,Fly Sheets 1,2,LeMieux Arika Shower Tek Fly Rug,Horse Wear > Fly & Insect Control > Fly Sheets,IT04127028,Color: Grey,Size: 75,,,,Wellington Warehouse,99.08,99.08,99.08,189.95,0,0,,,
1,LVL 2,1771953347959,5063240018469,Fly Sheets 1,2,LeMieux Arika Shower Tek Fly Rug,Horse Wear > Fly & Insect Control > Fly Sheets,IT04127026,Color: Grey,Size: 69,,,,Wellington Warehouse,99.08,99.08,99.08,189.95,0,0,,,
2,LVL 2,1771953347959,5063240018476,Fly Sheets 1,2,LeMieux Arika Shower Tek Fly Rug,Horse Wear > Fly & Insect Control > Fly Sheets,IT04127027,Color: Grey,Size: 72,,,,Wellington Warehouse,99.08,99.08,99.08,189.95,0,0,,,
3,LVL 2,1771953347959,5063240018506,Fly Sheets 1,2,LeMieux Arika Shower Tek Fly Rug,Horse Wear > Fly & Insect Control > Fly Sheets,IT04127030,Color: Grey,Size: 81,,,,Wellington Warehouse,99.08,99.08,99.08,189.95,0,0,0.041666668,,
2,LVL 2,1771953347959,5063240027065,Fly Sheets 1,2,LeMieux Kudos Shower Pro Waterproof Fly Rug,Horse Wear > Fly & Insect Control > Fly Sheets,IT04129027,Color: Grey,Size: 72,,,,Wellington Warehouse,123.99,123.99,123.99,239.95,0,0,,,
2,LVL 2,1771953347959,5063240027072,Fly Sheets 1,2,LeMieux Kudos Shower Pro Waterproof Fly Rug,Horse Wear > Fly & Insect Control > Fly Sheets,IT04129028,Color: Grey,Size: 75,,,,Wellington Warehouse,123.99,123.99,123.99,239.95,0,0,,,
1,LVL 2,1771953347959,5063240027058,Fly Sheets 1,2,LeMieux Kudos Shower Pro Waterproof Fly Rug,Horse Wear > Fly & Insect Control > Fly Sheets,IT04129026,Color: Grey,Size: 69,,,,Wellington Warehouse,123.99,123.99,123.99,239.95,0,0,,,
4,LVL 2,1771953347959,5063240027096,Fly Sheets 1,2,LeMieux Kudos Shower Pro Waterproof Fly Rug,Horse Wear > Fly & Insect Control > Fly Sheets,IT04129030,Color: Grey,Size: 81,,,,Wellington Warehouse,123.99,123.99,123.99,239.95,0,0,,,
1,LVL 2,1771953347959,5063240027102,Fly Sheets 1,2,LeMieux Kudos Shower Pro Waterproof Fly Rug,Horse Wear > Fly & Insect Control > Fly Sheets,IT04129031,Color: Grey,Size: 84,,,,Wellington Warehouse,123.99,123.99,123.99,239.95,0,0,,,
0,LVL 2,1771953347959,5063240027089,Fly Sheets 1,2,LeMieux Kudos Shower Pro Waterproof Fly Rug,Horse Wear > Fly & Insect Control > Fly Sheets,IT04129029,Color: Grey,Size: 78,,,,Wellington Warehouse,123.99,123.99,123.99,239.95,0,0,,,
0,Shirts,1777650559287,,C,1,Solid Citizen Coco Cap-sleeve Equestrian Show Shirt,Rider > Accessories & Apparel > Shirts,SolidCitizenCocoCapSleeveEquestrianShowShirt-Ivory-XS,Color: Ivory,Size: XS,,,,Wellington Warehouse,0.00,0.00,0.00,150.00,0,0,0.024096385,,
0,Cycle Counted,1777744483593,,C,1,Solid Citizen Coco Cap-sleeve Equestrian Show Shirt,Rider > Accessories & Apparel > Shirts,SolidCitizenCocoCapSleeveEquestrianShowShirt-Ivory-M,Color: Ivory,Size: M,,,,Wellington Warehouse,0.00,0.00,0.00,150.00,0,0,,,
0,Shirts,1777650559287,,C,1,Solid Citizen Coco Cap-sleeve Equestrian Show Shirt,Rider > Accessories & Apparel > Shirts,SolidCitizenCocoCapSleeveEquestrianShowShirt-Ivory-L,Color: Ivory,Size: L,,,,Wellington Warehouse,0.00,0.00,0.00,150.00,0,0,,,
0,Shirts,1777650559287,,C,1,Solid Citizen Coco Cap-sleeve Equestrian Show Shirt,Rider > Accessories & Apparel > Shirts,SolidCitizenCocoCapSleeveEquestrianShowShirt-Ivory-S,Color: Ivory,Size: S,,,,Wellington Warehouse,0.00,0.00,0.00,150.00,0,0,0.012345679,,
0,Shirts,1777650559287,,C,1,Solid Citizen Haley UV Riding Base-layer Turtleneck Sun-shirt,Rider > Accessories & Apparel > Shirts,SolidCitizenHaleyUvRidingBaseLayerTurtleneckSunShirt-Espresso-S,Color: Espresso,Size: S,,,,Wellington Warehouse,0.00,0.00,0.00,130.00,0,0,,,
0,Shirts,1777650559287,,C,1,Solid Citizen Haley UV Riding Base-layer Turtleneck Sun-shirt,Rider > Accessories & Apparel > Shirts,SolidCitizenHaleyUvRidingBaseLayerTurtleneckSunShirt-Espresso-L,Color: Espresso,Size: L,,,,Wellington Warehouse,0.00,0.00,0.00,130.00,0,0,,,
0,Cycle Counted,1777744483593,,C,1,Solid Citizen Haley UV Riding Base-layer Turtleneck Sun-shirt,Rider > Accessories & Apparel > Shirts,SolidCitizenHaleyUvRidingBaseLayerTurtleneckSunShirt-Espresso-M,Color: Espresso,Size: M,,,,Wellington Warehouse,0.00,0.00,0.00,130.00,0,0,,,
0,Shirts,1777650559287,,C,1,Solid Citizen Haley UV Riding Base-layer Turtleneck Sun-shirt,Rider > Accessories & Apparel > Shirts,SolidCitizenHaleyUvRidingBaseLayerTurtleneckSunShirt-Espresso-XS,Color: Espresso,Size: XS,,,,Wellington Warehouse,0.00,0.00,0.00,130.00,0,0,0.027027028,,
0,Shirts,1777650559287,,C,1,Solid Citizen Haley UV Riding Base-layer Turtleneck Sun-shirt,Rider > Accessories & Apparel > Shirts,SolidCitizenHaleyUvRidingBaseLayerTurtleneckSunShirt-Stone-M,Color: Stone,Size: M,,,,Wellington Warehouse,0.00,0.00,0.00,130.00,0,0,,,
0,Shirts,1777650559287,,C,1,Solid Citizen Haley UV Riding Base-layer Turtleneck Sun-shirt,Rider > Accessories & Apparel > Shirts,SolidCitizenHaleyUvRidingBaseLayerTurtleneckSunShirt-Stone-XS,Color: Stone,Size: XS,,,,Wellington Warehouse,0.00,0.00,0.00,130.00,0,0,,,
0,Cycle Counted,1777744483593,,C,1,Solid Citizen Haley UV Riding Base-layer Turtleneck Sun-shirt,Rider > Accessories & Apparel > Shirts,SolidCitizenHaleyUvRidingBaseLayerTurtleneckSunShirt-Stone-S,Color: Stone,Size: S,,,,Wellington Warehouse,0.00,0.00,0.00,130.00,0,0,,,
0,Shirts,1777650559287,,C,1,Solid Citizen Haley UV Riding Base-layer Turtleneck Sun-shirt,Rider > Accessories & Apparel > Shirts,SolidCitizenHaleyUvRidingBaseLayerTurtleneckSunShirt-Stone-L,Color: Stone,Size: L,,,,Wellington Warehouse,0.00,0.00,0.00,130.00,0,0,,,
0,Shirts,1777650559287,,C,1,Solid Citizen Isabel 2.0 Long-sleeve Equestrian Show Shirt,Rider > Accessories & Apparel > Shirts,SolidCitizenIsabel20LongSleeveEquestrianShowShirt-Navy-L,Color: Navy,Size: L,,,,Wellington Warehouse,0.00,0.00,0.00,140.00,0,0,,,
0,Shirts,1777650559287,,C,1,Solid Citizen Isabel 2.0 Long-sleeve Equestrian Show Shirt,Rider > Accessories & Apparel > Shirts,SolidCitizenIsabel20LongSleeveEquestrianShowShirt-Navy-S,Color: Navy,Size: S,,,,Wellington Warehouse,0.00,0.00,0.00,140.00,0,0,0.013513514,,
0,Shirts,1777650559287,,C,1,Solid Citizen Jessica II Gingham Equestrian Button-Down Shirt,Rider > Accessories & Apparel > Shirts,SolidCitizenJessicaIiGinghamEquestrianButtonDownShirt-Cinnamon-S,Color: Cinnamon,Size: S,,,,Wellington Warehouse,0.00,0.00,0.00,145.00,0,0,,,
0,Shirts,1777650559287,,C,1,Solid Citizen Jessica II Gingham Equestrian Button-Down Shirt,Rider > Accessories & Apparel > Shirts,SolidCitizenJessicaIiGinghamEquestrianButtonDownShirt-Cinnamon-M,Color: Cinnamon,Size: M,,,,Wellington Warehouse,0.00,0.00,0.00,145.00,0,0,0.020833334,,
0,Shirts,1777650559287,,C,1,Solid Citizen Jessica II Gingham Equestrian Button-Down Shirt,Rider > Accessories & Apparel > Shirts,SolidCitizenJessicaIiGinghamEquestrianButtonDownShirt-Cinnamon-L,Color: Cinnamon,Size: L,,,,Wellington Warehouse,0.00,0.00,0.00,145.00,0,0,,,
0,Shirts,1777650559287,,C,1,Solid Citizen Jessica II Gingham Equestrian Button-Down Shirt,Rider > Accessories & Apparel > Shirts,SolidCitizenJessicaIiGinghamEquestrianButtonDownShirt-Cinnamon-XS,Color: Cinnamon,Size: XS,,,,Wellington Warehouse,0.00,0.00,0.00,145.00,0,0,0.03125,,
0,Jackets,1777650559286,,C,1,Solid Citizen Parker Cropped Equestrian Sweater,Rider > Accessories & Apparel > Jackets,SolidCitizenParkerCroppedEquestrianSweater-Brown-M,Color: Brown,Size: M,,,,Wellington Warehouse,0.00,0.00,0.00,388.00,0,0,,,
0,Jackets,1777650559286,,C,1,Solid Citizen Parker Cropped Equestrian Sweater,Rider > Accessories & Apparel > Jackets,SolidCitizenParkerCroppedEquestrianSweater-Brown-L,Color: Brown,Size: L,,,,Wellington Warehouse,0.00,0.00,0.00,388.00,0,0,0.030303031,,
0,Shirts,1777650559287,,C,1,Solid Citizen Isabel 2.0 Long-sleeve Equestrian Show Shirt,Rider > Accessories & Apparel > Shirts,SolidCitizenIsabel20LongSleeveEquestrianShowShirt-Navy-M,Color: Navy,Size: M,,,,Wellington Warehouse,0.00,0.00,0.00,140.00,0,0,0.035714287,,
0,Shirts,1777650559287,7350171871750,C,1,Yagya Lightweight Long Sleeve,Rider > Accessories & Apparel > Shirts,1000000001191,Size: Large,Color: Slate Blue,,,,Wellington Warehouse,55.00,55.00,55.00,160.00,0,0,0.028571429,,
0,Jackets,1777650559286,,C,1,Yagya Performance Show Jacket,Rider > Accessories & Apparel > Jackets,1000000001282,Color: Hunter Green,Size: Large,,,,Wellington Warehouse,250.00,250.00,250.00,580.00,0,0,,,
0,Jackets,1777650559286,,C,1,Yagya Performance Show Jacket,Rider > Accessories & Apparel > Jackets,1000000001281,Color: Hunter Green,Size: Medium,,,,Wellington Warehouse,250.00,250.00,250.00,580.00,0,0,,,
0,Jackets,1777650559286,,C,1,Yagya Performance Show Jacket,Rider > Accessories & Apparel > Jackets,1000000001266,Color: Slate Blue,Size: Small,,,,Wellington Warehouse,250.00,250.00,250.00,580.00,0,0,0.030303031,,
0,Jackets,1777650559286,,C,1,Yagya Performance Show Jacket,Rider > Accessories & Apparel > Jackets,1000000001267,Color: Slate Blue,Size: Medium,,,,Wellington Warehouse,250.00,250.00,250.00,580.00,0,0,0.1,,
0,Jackets,1777650559286,,C,1,Yagya Performance Show Jacket,Rider > Accessories & Apparel > Jackets,1000000001265,Color: Slate Blue,Size: XS,,,,Wellington Warehouse,250.00,250.00,250.00,580.00,0,0,,,
0,Jackets,1777650559286,,C,1,Yagya Performance Show Jacket,Rider > Accessories & Apparel > Jackets,1000000001268,Color: Slate Blue,Size: Large,,,,Wellington Warehouse,250.00,250.00,250.00,580.00,0,0,,,
0,Cycle Counted,1777744483593,,C,1,Equiline Isabel - Women's Show Shirt in Technical Fabric,Rider > Accessories & Apparel > Shirts,EC018-H00504-001,Size: S,,,,,Wellington Warehouse,49.50,49.50,49.50,99.00,0,0,,,
2,BIN-02,1767466772768,5056252314209,Shelf 3,2,LeMieux ArmourShield Pro Fly Mask,Horse Wear > Fly & Insect Control > Fly Masks,IT00815004,Size: Medium,Style: Half,Color: Navy,,,Wellington Warehouse,27.81,27.81,27.81,46.95,0,0,,,
1,BIN-02,1767466772768,5063240000181,Shelf 3,2,LeMieux ArmourShield Pro Fly Mask,Horse Wear > Fly & Insect Control > Fly Masks,IT03906005,Size: Large,Style: Half,Color: Grey,,,Wellington Warehouse,27.81,27.81,27.81,46.95,0,0,,,
2,BIN-02,1767466772768,5063240000228,Shelf 3,2,LeMieux ArmourShield Pro Fly Mask,Horse Wear > Fly & Insect Control > Fly Masks,IT03907004,Size: Medium,Style: Full,Color: Grey,,,Wellington Warehouse,29.35,29.35,29.35,49.95,0,0,,,
2,BIN-02,1767466772768,5063240000198,Shelf 3,2,LeMieux ArmourShield Pro Fly Mask,Horse Wear > Fly & Insect Control > Fly Masks,IT03906006,Size: X-Large,Style: Half,Color: Grey,,,Wellington Warehouse,27.81,27.81,27.81,46.95,0,0,,,
3,BIN-02,1767466772768,5063240000235,Shelf 3,2,LeMieux ArmourShield Pro Fly Mask,Horse Wear > Fly & Insect Control > Fly Masks,IT03907005,Size: Large,Style: Full,Color: Grey,,,Wellington Warehouse,29.35,29.35,29.35,49.95,0,0,,,
2,BIN-02,1767466772768,5056252314223,Shelf 3,2,LeMieux ArmourShield Pro Fly Mask,Horse Wear > Fly & Insect Control > Fly Masks,IT00815006,Size: X-Large,Style: Half,Color: Navy,,,Wellington Warehouse,27.81,27.81,27.81,46.95,0,0,0.02173913,,
1,BIN-02,1767466772768,5056252314155,Shelf 3,2,LeMieux ArmourShield Pro Fly Mask,Horse Wear > Fly & Insect Control > Fly Masks,IT00816004,Size: Medium,Style: Full,Color: Navy,,,Wellington Warehouse,29.35,29.35,29.35,49.95,0,0,0.013333334,,
0,BIN-02,1767466772768,5056252314162,Shelf 3,2,LeMieux ArmourShield Pro Fly Mask,Horse Wear > Fly & Insect Control > Fly Masks,IT00816005,Size: Large,Style: Full,Color: Navy,,,Wellington Warehouse,29.35,29.35,29.35,49.95,0,0,0.0625,,
2,BIN-02,1767466772768,5056252314216,Shelf 3,2,LeMieux ArmourShield Pro Fly Mask,Horse Wear > Fly & Insect Control > Fly Masks,IT00815005,Size: Large,Style: Half,Color: Navy,,,Wellington Warehouse,27.81,27.81,27.81,46.95,0,0,,,
0,BIN-02,1767466772768,5063240000174,Shelf 3,2,LeMieux ArmourShield Pro Fly Mask,Horse Wear > Fly & Insect Control > Fly Masks,IT03906004,Size: Medium,Style: Half,Color: Grey,,,Wellington Warehouse,27.81,27.81,27.81,46.95,0,0,0.022727273,,
2,BIN-02,1767466772768,5056252314179,Shelf 3,2,LeMieux ArmourShield Pro Fly Mask,Horse Wear > Fly & Insect Control > Fly Masks,IT00816006,Size: X-Large,Style: Full,Color: Navy,,,Wellington Warehouse,29.35,29.35,29.35,49.95,0,0,0.020408163,,
2,BIN-02,1767466772768,5063240000242,Shelf 3,2,LeMieux ArmourShield Pro Fly Mask,Horse Wear > Fly & Insect Control > Fly Masks,IT03907006,Size: X-Large,Style: Full,Color: Grey,,,Wellington Warehouse,29.35,29.35,29.35,49.95,0,0,,,
0,LVL 3,1767805838123,9355776320465,Fly Sheets 2,3,Weatherbeeta Comfitec Hexi Shield Fly Sheet Combo,Horse Wear > Fly & Insect Control > Fly Sheets,1029538006,"Size: 75""",Color: Silver,,,,Wellington Warehouse,66.30,66.30,66.30,103.99,0,5,0.037037037,Wed Apr 15 2026 19:32:34 GMT+0000 (Coordinated Universal Time),Booking 1
2,LVL 3,1767805838123,9355776320489,Fly Sheets 2,3,Weatherbeeta Comfitec Hexi Shield Fly Sheet Combo,Horse Wear > Fly & Insect Control > Fly Sheets,1029538008,"Size: 81""",Color: Silver,,,,Wellington Warehouse,66.30,66.30,66.30,103.99,0,5,0.10344828,Wed Apr 15 2026 19:32:34 GMT+0000 (Coordinated Universal Time),Booking 1
1,LVL 3,1767805838123,9355776320496,Fly Sheets 2,3,Weatherbeeta Comfitec Hexi Shield Fly Sheet Combo,Horse Wear > Fly & Insect Control > Fly Sheets,1029538009,"Size: 84""",Color: Silver,,,,Wellington Warehouse,66.30,66.30,66.30,103.99,0,3,0.016393442,Wed Apr 15 2026 19:32:34 GMT+0000 (Coordinated Universal Time),Booking 1
0,LVL 3,1767805838123,9355776320458,Fly Sheets 2,3,Weatherbeeta Comfitec Hexi Shield Fly Sheet Combo,Horse Wear > Fly & Insect Control > Fly Sheets,1029538005,"Size: 72""",Color: Silver,,,,Wellington Warehouse,66.30,66.30,66.30,103.99,0,5,0.039473683,Wed Apr 15 2026 19:32:34 GMT+0000 (Coordinated Universal Time),Booking 1
0,LVL 3,1767805838123,9355776320441,Fly Sheets 2,3,Weatherbeeta Comfitec Hexi Shield Fly Sheet Combo,Horse Wear > Fly & Insect Control > Fly Sheets,1029538004,"Size: 69""",Color: Silver,,,,Wellington Warehouse,66.30,66.30,66.30,103.99,0,3,0.025,Wed Apr 15 2026 19:32:34 GMT+0000 (Coordinated Universal Time),Booking 1
0,LVL 3,1767805838123,9355776320472,Fly Sheets 2,3,Weatherbeeta Comfitec Hexi Shield Fly Sheet Combo,Horse Wear > Fly & Insect Control > Fly Sheets,1029538007,"Size: 78""",Color: Silver,,,,Wellington Warehouse,66.30,66.30,66.30,103.99,0,5,0.061728396,Wed Apr 15 2026 19:32:34 GMT+0000 (Coordinated Universal Time),Booking 1
0,LVL 3,1771530839745,9355776320656,Blankets 9,3,Weatherbeeta Comfitec Ripshield Fly Sheet Detach-A-Neck,Horse Wear > Fly & Insect Control > Fly Sheets,1029540007,Color: Cobalt,"Size: 78""",,,,Wellington Warehouse,71.40,71.40,71.40,111.99,0,7,0.033707865,Wed Apr 15 2026 19:20:04 GMT+0000 (Coordinated Universal Time),Booking 1
0,LVL 3,1771530839745,9355776320649,Blankets 9,3,Weatherbeeta Comfitec Ripshield Fly Sheet Detach-A-Neck,Horse Wear > Fly & Insect Control > Fly Sheets,1029540006,Color: Cobalt,"Size: 75""",,,,Wellington Warehouse,71.40,71.40,71.40,111.99,0,7,0.04494382,Wed Apr 15 2026 19:20:04 GMT+0000 (Coordinated Universal Time),Booking 1
0,LVL 3,1771530839745,9355776327631,Blankets 9,3,Weatherbeeta Comfitec Ripshield Fly Sheet Detach-A-Neck,Horse Wear > Fly & Insect Control > Fly Sheets,1029540012,Color: Burgundy,"Size: 72""",,,,Wellington Warehouse,71.40,71.40,71.40,111.99,0,3,,Wed Apr 15 2026 19:20:04 GMT+0000 (Coordinated Universal Time),Booking 1
0,LVL 3,1771530839745,9355776327648,Blankets 9,3,Weatherbeeta Comfitec Ripshield Fly Sheet Detach-A-Neck,Horse Wear > Fly & Insect Control > Fly Sheets,1029540013,Color: Burgundy,"Size: 75""",,,,Wellington Warehouse,71.40,71.40,71.40,111.99,0,7,0.04494382,Wed Apr 15 2026 19:20:04 GMT+0000 (Coordinated Universal Time),Booking 1
3,LVL 3,1771530839745,9355776327662,Blankets 9,3,Weatherbeeta Comfitec Ripshield Fly Sheet Detach-A-Neck,Horse Wear > Fly & Insect Control > Fly Sheets,1029540015,Color: Burgundy,"Size: 78""",,,,Wellington Warehouse,71.40,71.40,71.40,111.99,0,7,0.056818184,Wed Apr 15 2026 19:20:04 GMT+0000 (Coordinated Universal Time),Booking 1
0,LVL 3,1771530839745,9355776320632,Blankets 9,3,Weatherbeeta Comfitec Ripshield Fly Sheet Detach-A-Neck,Horse Wear > Fly & Insect Control > Fly Sheets,1029540005,Color: Cobalt,"Size: 72""",,,,Wellington Warehouse,71.40,71.40,71.40,111.99,0,3,,Wed Apr 15 2026 19:20:04 GMT+0000 (Coordinated Universal Time),Booking 1
0,LVL 3,1771530839745,9355776320663,Blankets 9,3,Weatherbeeta Comfitec Ripshield Fly Sheet Detach-A-Neck,Horse Wear > Fly & Insect Control > Fly Sheets,1029540008,Color: Cobalt,"Size: 81""",,,,Wellington Warehouse,71.40,71.40,71.40,111.99,0,5,0.022727273,Wed Apr 15 2026 19:20:04 GMT+0000 (Coordinated Universal Time),Booking 1
0,LVL 3,1771530839745,9355776320625,Blankets 9,3,Weatherbeeta Comfitec Ripshield Fly Sheet Detach-A-Neck,Horse Wear > Fly & Insect Control > Fly Sheets,1029540004,Color: Cobalt,"Size: 69""",,,,Wellington Warehouse,71.40,71.40,71.40,111.99,0,2,,Wed Apr 15 2026 19:20:04 GMT+0000 (Coordinated Universal Time),Booking 1
0,LVL 3,1771530839745,9355776327686,Blankets 9,3,Weatherbeeta Comfitec Ripshield Fly Sheet Detach-A-Neck,Horse Wear > Fly & Insect Control > Fly Sheets,1029540017,Color: Burgundy,"Size: 84""",,,,Wellington Warehouse,71.40,71.40,71.40,111.99,0,5,0.011235955,Wed Apr 15 2026 19:20:04 GMT+0000 (Coordinated Universal Time),Booking 1
0,LVL 3,1771530839745,9355776320670,Blankets 9,3,Weatherbeeta Comfitec Ripshield Fly Sheet Detach-A-Neck,Horse Wear > Fly & Insect Control > Fly Sheets,1029540009,Color: Cobalt,"Size: 84""",,,,Wellington Warehouse,71.40,71.40,71.40,111.99,0,5,0.022727273,Wed Apr 15 2026 19:20:04 GMT+0000 (Coordinated Universal Time),Booking 1
0,LVL 3,1771530839745,9355776327679,Blankets 9,3,Weatherbeeta Comfitec Ripshield Fly Sheet Detach-A-Neck,Horse Wear > Fly & Insect Control > Fly Sheets,1029540016,Color: Burgundy,"Size: 81""",,,,Wellington Warehouse,71.40,71.40,71.40,111.99,0,5,0.022727273,Wed Apr 15 2026 19:20:04 GMT+0000 (Coordinated Universal Time),Booking 1
0,LVL 3,1771530839745,9355776327624,Blankets 9,3,Weatherbeeta Comfitec Ripshield Fly Sheet Detach-A-Neck,Horse Wear > Fly & Insect Control > Fly Sheets,1029540011,Color: Burgundy,"Size: 69""",,,,Wellington Warehouse,71.40,71.40,71.40,111.99,0,2,,Wed Apr 15 2026 19:20:04 GMT+0000 (Coordinated Universal Time),Booking 1
3,LVL 2,1771530839744,9355776321004,Blankets 9,2,Weatherbeeta Comfitec Essential Sheet Combo Fly Sheet,Horse Wear > Fly & Insect Control > Fly Sheets,1029542011,Color: Burgundy,"Size: 78""",,,,Wellington Warehouse,45.90,45.90,45.90,71.99,0,4,,Wed Apr 15 2026 19:47:14 GMT+0000 (Coordinated Universal Time),Booking 1
2,LVL 2,1771530839744,9355776320977,Blankets 9,2,Weatherbeeta Comfitec Essential Sheet Combo Fly Sheet,Horse Wear > Fly & Insect Control > Fly Sheets,1029542008,Color: Burgundy,"Size: 69""",,,,Wellington Warehouse,45.90,45.90,45.90,71.99,0,2,,Wed Apr 15 2026 19:47:14 GMT+0000 (Coordinated Universal Time),Booking 1
3,LVL 2,1771530839744,9355776320991,Blankets 9,2,Weatherbeeta Comfitec Essential Sheet Combo Fly Sheet,Horse Wear > Fly & Insect Control > Fly Sheets,1029542010,Color: Burgundy,"Size: 75""",,,,Wellington Warehouse,45.90,45.90,45.90,71.99,0,3,,Wed Apr 15 2026 19:47:14 GMT+0000 (Coordinated Universal Time),Booking 1
3,LVL 2,1771530839744,9355776320984,Blankets 9,2,Weatherbeeta Comfitec Essential Sheet Combo Fly Sheet,Horse Wear > Fly & Insect Control > Fly Sheets,1029542009,Color: Burgundy,"Size: 72""",,,,Wellington Warehouse,45.90,45.90,45.90,71.99,0,3,,Wed Apr 15 2026 19:47:14 GMT+0000 (Coordinated Universal Time),Booking 1
0,LVL 2,1771530839744,9355776321011,Blankets 9,2,Weatherbeeta Comfitec Essential Sheet Combo Fly Sheet,Horse Wear > Fly & Insect Control > Fly Sheets,1029542012,Color: Burgundy,"Size: 81""",,,,Wellington Warehouse,45.90,45.90,45.90,71.99,0,4,0.041666668,Wed Apr 15 2026 19:47:14 GMT+0000 (Coordinated Universal Time),Booking 1
2,LVL 2,1771530839744,9355776321028,Blankets 9,2,Weatherbeeta Comfitec Essential Sheet Combo Fly Sheet,Horse Wear > Fly & Insect Control > Fly Sheets,1029542013,Color: Burgundy,"Size: 84""",,,,Wellington Warehouse,45.90,45.90,45.90,71.99,0,2,,Wed Apr 15 2026 19:47:14 GMT+0000 (Coordinated Universal Time),Booking 1
13,Other,1777650559284,290251218,C,1,Corro Equestrian Boot Bag,Rider > Bags > Boot Bags,SME001,"Size: 28.3"" x 15.4"" x 10.2""",Color: Navy,,,,Wellington Warehouse,134.49,134.49,134.49,174.99,0,0,0.26136363,,
12,ROW 4 : LVL 2,1774281147462,694244903724,Supplements 2,2,AniMed Muscle Up Powder,Horse Care > Supplements > Weight Gain & Muscle,053-90372,Size: 5 Pounds,,,,,Wellington Warehouse,47.23,48.47,49.09,74.40,0,0,,Tue Jun 23 2026 16:21:50 GMT+0000 (Coordinated Universal Time),RJ TRADE SHOW MAY #26055027400
3,ROW 2 : LVL 1,1774281650391,084110500131,Hoof/Treats,1,Likit Holder Refill,Horse Care > Treats & Toys > Toys & Licks,B2BAUS,Size: 650 gm,Flavor: Banana,,,,Wellington Warehouse,0.00,1.85,3.70,6.99,0,0,0.06666667,Fri May 29 2026 15:48:02 GMT+0000 (Coordinated Universal Time),RJ TRADE SHOW MAY #26055027400
1,ROW 2 : LVL 1,1774281650391,815756021243,Hoof/Treats,1,Likit Holder Refill,Horse Care > Treats & Toys > Toys & Licks,B2APUS,Size: 650 gm,Flavor: Apple,,,,Wellington Warehouse,0.00,1.85,3.70,6.99,0,0,0.093333334,Fri May 29 2026 15:43:53 GMT+0000 (Coordinated Universal Time),RJ TRADE SHOW MAY #26055027400
5,ROW 2 : LVL 1,1774281650391,084110500117,Hoof/Treats,1,Likit Holder Refill,Horse Care > Treats & Toys > Toys & Licks,B2NAUS,Size: 650 gm,Flavor: Molasses,,,,Wellington Warehouse,0.00,1.85,3.70,6.99,0,0,0.053333335,Fri May 29 2026 15:43:41 GMT+0000 (Coordinated Universal Time),RJ TRADE SHOW MAY #26055027400
5,ROW 2 : LVL 1,1774281650391,084110500032,Hoof/Treats,1,Likit Holder Refill,Horse Care > Treats & Toys > Toys & Licks,B2MIUS,Size: 650 gm,Flavor: Mint,,,,Wellington Warehouse,0.00,1.85,3.70,6.99,0,0,0.053333335,Fri May 29 2026 15:43:32 GMT+0000 (Coordinated Universal Time),RJ TRADE SHOW MAY #26055027400
4,BIN-03,1768232470958,"9355776324555, 9355776324555",Shelf 1,3,Weatherbeeta Comfitec Insect Guard Fly Mask with Ears and Nose,Horse Wear > Fly & Insect Control > Fly Masks,1029726002,Color: Black,Size: Medium,,,,Wellington Warehouse,14.93,14.93,14.93,26.39,0,5,0.12244898,Wed Apr 15 2026 20:11:55 GMT+0000 (Coordinated Universal Time),Booking 1
6,BIN-03,1768232470958,"9355776324562, 9355776324562",Shelf 1,3,Weatherbeeta Comfitec Insect Guard Fly Mask with Ears and Nose,Horse Wear > Fly & Insect Control > Fly Masks,1029726003,Color: Black,Size: Large,,,,Wellington Warehouse,14.93,14.93,14.93,26.39,0,5,0.08163265,Wed Apr 15 2026 20:11:55 GMT+0000 (Coordinated Universal Time),Booking 1
5,BIN-03,1768232470958,"9355776324579, 9355776324579",Shelf 1,3,Weatherbeeta Comfitec Insect Guard Fly Mask with Ears and Nose,Horse Wear > Fly & Insect Control > Fly Masks,1029726004,Color: Black,Size: Extra Large,,,,Wellington Warehouse,14.93,14.93,14.93,26.39,0,3,0.020408163,Wed Apr 15 2026 20:11:55 GMT+0000 (Coordinated Universal Time),Booking 1
0,BIN-03,1768232470958,"9355776324548, 9355776324548",Shelf 1,3,Weatherbeeta Comfitec Insect Guard Fly Mask with Ears and Nose,Horse Wear > Fly & Insect Control > Fly Masks,1029726001,Color: Black,Size: Small,,,,Wellington Warehouse,14.93,14.93,14.93,26.39,0,2,0.08163265,Wed Apr 15 2026 20:11:55 GMT+0000 (Coordinated Universal Time),Booking 1
6,BIN-04,1768232470959,"9355776324418, 9355776324418",Shelf 1,4,WeatherBeeta Comfitec Insect Fly Mask with Ears,Horse Wear > Fly & Insect Control > Fly Masks,1029724004,Color: Black,Size: Extra Large,,,,Wellington Warehouse,13.58,13.58,13.58,23.99,0,3,,Wed Apr 15 2026 20:11:55 GMT+0000 (Coordinated Universal Time),Booking 1
7,BIN-04,1768232470959,"9355776324395, 9355776324395",Shelf 1,4,WeatherBeeta Comfitec Insect Fly Mask with Ears,Horse Wear > Fly & Insect Control > Fly Masks,1029724002,Color: Black,Size: Medium,,,,Wellington Warehouse,13.58,13.58,13.58,23.99,0,5,0.036363635,Wed Apr 15 2026 20:11:55 GMT+0000 (Coordinated Universal Time),Booking 1
3,BIN-04,1768232470959,"9355776324401, 9355776324401",Shelf 1,4,WeatherBeeta Comfitec Insect Fly Mask with Ears,Horse Wear > Fly & Insect Control > Fly Masks,1029724003,Color: Black,Size: Large,,,,Wellington Warehouse,13.58,13.58,13.58,23.99,0,5,0.12727273,Wed Apr 15 2026 20:11:55 GMT+0000 (Coordinated Universal Time),Booking 1
4,BIN-04,1768232470959,"9355776324388, 9355776324388",Shelf 1,4,WeatherBeeta Comfitec Insect Fly Mask with Ears,Horse Wear > Fly & Insect Control > Fly Masks,1029724001,Color: Black,Size: Small,,,,Wellington Warehouse,13.58,13.58,13.58,23.99,0,2,,Wed Apr 15 2026 20:11:55 GMT+0000 (Coordinated Universal Time),Booking 1
3,BIN-01,1768232470956,"9355776324746, 9355776324746",Shelf 1,1,WeatherBeeta Comfitec Durable Mesh Fly Mask with Ears & Nose,Horse Wear > Fly & Insect Control > Fly Masks,1029730001,Size: Small,Color: Black,,,,Wellington Warehouse,13.50,13.50,13.50,23.99,0,2,0.020833334,Wed Apr 15 2026 20:11:55 GMT+0000 (Coordinated Universal Time),Booking 1
0,BIN-01,1768232470956,"9355776324753, 9355776324753",Shelf 1,1,WeatherBeeta Comfitec Durable Mesh Fly Mask with Ears & Nose,Horse Wear > Fly & Insect Control > Fly Masks,1029730002,Size: Medium,Color: Black,,,,Wellington Warehouse,13.50,13.50,13.50,23.99,0,5,0.19607843,Wed Apr 15 2026 20:11:55 GMT+0000 (Coordinated Universal Time),Booking 1
3,BIN-01,1768232470956,"9355776324760, 9355776324760",Shelf 1,1,WeatherBeeta Comfitec Durable Mesh Fly Mask with Ears & Nose,Horse Wear > Fly & Insect Control > Fly Masks,1029730003,Size: Large,Color: Black,,,,Wellington Warehouse,13.50,13.50,13.50,23.99,0,5,0.12244898,Wed Apr 15 2026 20:11:55 GMT+0000 (Coordinated Universal Time),Booking 1
0,BIN-01,1768232470956,"9355776324777, 9355776324777",Shelf 1,1,WeatherBeeta Comfitec Durable Mesh Fly Mask with Ears & Nose,Horse Wear > Fly & Insect Control > Fly Masks,1029730004,Size: Extra Large,Color: Black,,,,Wellington Warehouse,13.50,13.50,13.50,23.99,0,3,0.13043478,Wed Apr 15 2026 20:11:55 GMT+0000 (Coordinated Universal Time),Booking 1
4,BIN-01,1768232470956,"9355776327914, 9355776327914",Shelf 1,1,WeatherBeeta Comfitec Durable Mesh Fly Mask with Ears & Nose,Horse Wear > Fly & Insect Control > Fly Masks,1029730009,Size: Small,Color: Grey,,,,Wellington Warehouse,13.50,13.50,13.50,23.99,0,2,,Wed Apr 15 2026 20:11:55 GMT+0000 (Coordinated Universal Time),Booking 1
10,BIN-01,1768232470956,"9355776327938, 9355776327938",Shelf 1,1,WeatherBeeta Comfitec Durable Mesh Fly Mask with Ears & Nose,Horse Wear > Fly & Insect Control > Fly Masks,1029730011,Size: Large,Color: Grey,,,,Wellington Warehouse,13.50,13.50,13.50,23.99,0,5,,Wed Apr 15 2026 20:11:55 GMT+0000 (Coordinated Universal Time),Booking 1
6,BIN-01,1768232470956,"9355776327945, 9355776327945",Shelf 1,1,WeatherBeeta Comfitec Durable Mesh Fly Mask with Ears & Nose,Horse Wear > Fly & Insect Control > Fly Masks,1029730012,Size: Extra Large,Color: Grey,,,,Wellington Warehouse,13.50,13.50,13.50,23.99,0,3,,Wed Apr 15 2026 20:11:55 GMT+0000 (Coordinated Universal Time),Booking 1
10,BIN-01,1768232470956,"9355776327921, 9355776327921",Shelf 1,1,WeatherBeeta Comfitec Durable Mesh Fly Mask with Ears & Nose,Horse Wear > Fly & Insect Control > Fly Masks,1029730010,Size: Medium,Color: Grey,,,,Wellington Warehouse,13.50,13.50,13.50,23.99,0,5,,Wed Apr 15 2026 20:11:55 GMT+0000 (Coordinated Universal Time),Booking 1
10,BIN-02,1768232470957,"9355776328010, 9355776328010",Shelf 1,2,WeatherBeeta Comfitec Durable Mesh Fly Mask with Ears,Horse Wear > Fly & Insect Control > Fly Masks,1029728011,Color: Grey,Size: Large,,,,Wellington Warehouse,12.53,12.53,12.53,22.39,0,5,,Wed Apr 15 2026 20:11:55 GMT+0000 (Coordinated Universal Time),Booking 1
5,BIN-02,1768232470957,"9355776324692, 9355776324692",Shelf 1,2,WeatherBeeta Comfitec Durable Mesh Fly Mask with Ears,Horse Wear > Fly & Insect Control > Fly Masks,1029728004,Color: Black,Size: Extra Large,,,,Wellington Warehouse,12.53,12.53,12.53,22.39,0,3,0.035714287,Wed Apr 15 2026 20:11:55 GMT+0000 (Coordinated Universal Time),Booking 1
4,BIN-02,1768232470957,"9355776324661, 9355776324661",Shelf 1,2,WeatherBeeta Comfitec Durable Mesh Fly Mask with Ears,Horse Wear > Fly & Insect Control > Fly Masks,1029728001,Color: Black,Size: Small,,,,Wellington Warehouse,12.53,12.53,12.53,22.39,0,2,,Wed Apr 15 2026 20:11:55 GMT+0000 (Coordinated Universal Time),Booking 1
3,BIN-02,1768232470957,"9355776327990, 9355776327990",Shelf 1,2,WeatherBeeta Comfitec Durable Mesh Fly Mask with Ears,Horse Wear > Fly & Insect Control > Fly Masks,1029728009,Color: Grey,Size: Small,,,,Wellington Warehouse,12.53,12.53,12.53,22.39,0,2,,Wed Apr 15 2026 20:11:55 GMT+0000 (Coordinated Universal Time),Booking 1
1,BIN-02,1768232470957,"9355776324678, 9355776324678",Shelf 1,2,WeatherBeeta Comfitec Durable Mesh Fly Mask with Ears,Horse Wear > Fly & Insect Control > Fly Masks,1029728002,Color: Black,Size: Medium,,,,Wellington Warehouse,12.53,12.53,12.53,22.39,0,5,0.17391305,Wed Apr 15 2026 20:11:55 GMT+0000 (Coordinated Universal Time),Booking 1
0,BIN-02,1768232470957,"9355776324685, 9355776324685",Shelf 1,2,WeatherBeeta Comfitec Durable Mesh Fly Mask with Ears,Horse Wear > Fly & Insect Control > Fly Masks,1029728003,Color: Black,Size: Large,,,,Wellington Warehouse,12.53,12.53,12.53,22.39,0,5,0.1875,Wed Apr 15 2026 20:11:55 GMT+0000 (Coordinated Universal Time),Booking 1
5,BIN-02,1768232470957,"9355776328027, 9355776328027",Shelf 1,2,WeatherBeeta Comfitec Durable Mesh Fly Mask with Ears,Horse Wear > Fly & Insect Control > Fly Masks,1029728012,Color: Grey,Size: Extra Large,,,,Wellington Warehouse,12.53,12.53,12.53,22.39,0,3,0.033333335,Wed Apr 15 2026 20:11:55 GMT+0000 (Coordinated Universal Time),Booking 1
8,BIN-02,1768232470957,"9355776328003, 9355776328003",Shelf 1,2,WeatherBeeta Comfitec Durable Mesh Fly Mask with Ears,Horse Wear > Fly & Insect Control > Fly Masks,1029728010,Color: Grey,Size: Medium,,,,Wellington Warehouse,12.53,12.53,12.53,22.39,0,5,0.023255814,Wed Apr 15 2026 20:11:55 GMT+0000 (Coordinated Universal Time),Booking 1
2,LVL 3,1771953347960,649982257738,Fly Sheets 1,3,Horseware Ireland Amigo Bug Rug Plus Fly Sheet,Horse Wear > Fly & Insect Control > Fly Sheets,AFRNGP-IJI0-81,Color: Silver/Titanium Gray,"Size: 81""",,,,Wellington Warehouse,65.06,65.06,65.06,142.95,0,3,3,,
5,LVL 3,1771953347960,649982257714,Fly Sheets 1,3,Horseware Ireland Amigo Bug Rug Plus Fly Sheet,Horse Wear > Fly & Insect Control > Fly Sheets,AFRNGP-IJI0-75,Color: Silver/Titanium Gray,"Size: 75""",,,,Wellington Warehouse,65.06,65.06,65.06,142.95,0,5,,,
9,LVL 3,1771953347960,649982257721,Fly Sheets 1,3,Horseware Ireland Amigo Bug Rug Plus Fly Sheet,Horse Wear > Fly & Insect Control > Fly Sheets,AFRNGP-IJI0-78,Color: Silver/Titanium Gray,"Size: 78""",,,,Wellington Warehouse,65.06,65.06,65.06,142.95,0,2,,,
5,LVL 3,1771953347960,649982257127,Fly Sheets 1,3,Horseware Ireland Amigo Bug Rug Plus Fly Sheet,Horse Wear > Fly & Insect Control > Fly Sheets,AFRNGP-IJI0-72,Color: Silver/Titanium Gray,"Size: 72""",,,,Wellington Warehouse,65.06,65.06,65.06,142.95,0,4,,,
2,LVL 3,1771953347960,649982257745,Fly Sheets 1,3,Horseware Ireland Amigo Bug Rug Plus Fly Sheet,Horse Wear > Fly & Insect Control > Fly Sheets,AFRNGP-IJI0-84,Color: Silver/Titanium Gray,"Size: 84""",,,,Wellington Warehouse,65.06,65.06,65.06,142.95,0,3,0.024390243,,
6,LVL 4,1771953347961,649982242314,Fly Sheets 1,4,Horseware Ireland Amigo Integrated Fly Sheet,Horse Wear > Fly & Insect Control > Fly Sheets,AFRNGS-IJI0-78,"Size: 78""",Color: Silver/Titanium Gray,,,,Wellington Warehouse,40.04,40.04,40.04,87.95,0,2,,,
5,LVL 4,1771953347961,649982240389,Fly Sheets 1,4,Horseware Ireland Amigo Integrated Fly Sheet,Horse Wear > Fly & Insect Control > Fly Sheets,AFRNGS-IJI0-81,"Size: 81""",Color: Silver/Titanium Gray,,,,Wellington Warehouse,40.04,40.04,40.04,87.95,0,3,,,
2,LVL 4,1771953347961,649982238744,Fly Sheets 1,4,Horseware Ireland Amigo Integrated Fly Sheet,Horse Wear > Fly & Insect Control > Fly Sheets,AFRNGS-IJI0-84,"Size: 84""",Color: Silver/Titanium Gray,,,,Wellington Warehouse,40.04,40.04,40.04,87.95,0,4,0.015873017,,
5,LVL 4,1771953347961,649982242963,Fly Sheets 1,4,Horseware Ireland Amigo Integrated Fly Sheet,Horse Wear > Fly & Insect Control > Fly Sheets,AFRNGS-IJI0-75,"Size: 75""",Color: Silver/Titanium Gray,,,,Wellington Warehouse,40.04,40.04,40.04,87.95,0,5,,,
1,LVL 4,1771953347961,649982235118,Fly Sheets 1,4,Horseware Ireland Amigo Integrated Fly Sheet,Horse Wear > Fly & Insect Control > Fly Sheets,AFRNGS-IJI0-72,"Size: 72""",Color: Silver/Titanium Gray,,,,Wellington Warehouse,40.04,40.04,40.04,87.95,0,3,0.072289154,,
4,BIN-04,1768845069692,"0649982245544, 649982245544",Shelf 15,4,Horseware Ireland Defense Fly Mask,Horse Wear > Fly & Insect Control > Fly Masks,DCHCNN-IIMA-PY,Color: Silver,Size: Pony,,,,Wellington Warehouse,17.75,17.75,17.75,39.95,0,2,,,
4,BIN-04,1768845069692,"0649982245599, 649982245599",Shelf 15,4,Horseware Ireland Defense Fly Mask,Horse Wear > Fly & Insect Control > Fly Masks,DCHCNN-IIMA-CO,Color: Silver,Size: Cob,,,,Wellington Warehouse,17.75,17.75,17.75,39.95,0,3,,,
4,BIN-04,1768845069692,"0649982245605, 649982245605",Shelf 15,4,Horseware Ireland Defense Fly Mask,Horse Wear > Fly & Insect Control > Fly Masks,DCHCNN-IIMA-HO,Color: Silver,Size: Horse,,,,Wellington Warehouse,17.75,17.75,17.75,39.95,0,5,0.011363637,,
0,BIN-04,1768845069692,"0649982245537, 649982245537",Shelf 15,4,Horseware Ireland Shield Fly Mask,Horse Wear > Fly & Insect Control > Fly Masks,DCHCN1-BI00-HO,Color: Navy,Size: Horse,,,,Wellington Warehouse,20.02,20.02,20.02,43.95,0,5,0.04494382,,
1,BIN-04,1768845069692,649982245513,Shelf 15,4,Horseware Ireland Shield Fly Mask,Horse Wear > Fly & Insect Control > Fly Masks,DCHCN1-BI00-PY,Color: Navy,Size: Pony,,,,Wellington Warehouse,20.02,20.02,20.02,43.95,0,2,,,
1,BIN-04,1768845069692,"0649982245520, 649982245520",Shelf 15,4,Horseware Ireland Shield Fly Mask,Horse Wear > Fly & Insect Control > Fly Masks,DCHCN1-BI00-CO,Color: Navy,Size: Cob,,,,Wellington Warehouse,20.02,20.02,20.02,43.95,0,2,0.01369863,,
6,BIN-04,1768845069692,"0649982900566, 649982900566",Shelf 15,4,Horseware Ireland Amigo Fly Mask,Horse Wear > Fly & Insect Control > Fly Masks,DMRF60-IJD0-CO,Size: Cob,Color: Silver/Dark Gray,,,,Wellington Warehouse,15.02,15.02,15.02,32.95,0,3,,,
4,BIN-04,1768845069692,"0649982900580, 649982900580",Shelf 15,4,Horseware Ireland Amigo Fly Mask,Horse Wear > Fly & Insect Control > Fly Masks,DMRF60-IJD0-PY,Size: Pony,Color: Silver/Dark Gray,,,,Wellington Warehouse,15.02,15.02,15.02,32.95,0,2,,,
3,BIN-04,1768845069692,"0649982900597, 649982900597",Shelf 15,4,Horseware Ireland Amigo Fly Mask,Horse Wear > Fly & Insect Control > Fly Masks,DMRF60-IJD0-SP,Size: Small Pony,Color: Silver/Dark Gray,,,,Wellington Warehouse,15.02,15.02,15.02,32.95,0,2,,,
10,BIN-04,1768845069692,"0649982900573, 649982900573",Shelf 15,4,Horseware Ireland Amigo Fly Mask,Horse Wear > Fly & Insect Control > Fly Masks,DMRF60-IJD0-HO,Size: Horse,Color: Silver/Dark Gray,,,,Wellington Warehouse,15.02,15.02,15.02,32.95,0,10,,,
0,BIN-03,1768845069691,"0649982162063, 649982162063",Shelf 15,3,Horseware Ireland Rambo Tech-Fit Flyboot,Horse Wear > Fly & Insect Control > Fly Boots,DDHIM0-I000-FU,Size: Full,Color: Silver/Titanium Gray,,,,Wellington Warehouse,40.04,40.04,40.04,87.95,0,5,,,
0,BIN-03,1768845069691,"0649982162070, 649982162070",Shelf 15,3,Horseware Ireland Rambo Tech-Fit Flyboot,Horse Wear > Fly & Insect Control > Fly Boots,DDHIM0-I000-XF,Size: Extra Full,Color: Silver/Titanium Gray,,,,Wellington Warehouse,40.04,40.04,40.04,87.95,0,2,,,
0,BIN-03,1768845069691,"0649982274490, 649982274490",Shelf 15,3,Horseware Ireland Fly Boots,Horse Wear > Fly & Insect Control > Fly Boots,DBHF22-IJI0-HO,Size: Horse,Color: Silver/Titanium Gray,,,,Wellington Warehouse,17.74,17.74,17.74,39.95,0,5,0.12987013,,
4,BIN-03,1768845069691,"0649982274506, 649982274506",Shelf 15,3,Horseware Ireland Fly Boots,Horse Wear > Fly & Insect Control > Fly Boots,DBHF22-IJI0-PY,Size: Pony,Color: Silver/Titanium Gray,,,,Wellington Warehouse,17.74,17.74,17.74,39.95,0,2,0.03846154,,
2,BIN-03,1768845069691,"0649982274483, 649982274483",Shelf 15,3,Horseware Ireland Fly Boots,Horse Wear > Fly & Insect Control > Fly Boots,DBHF22-IJI0-CO,Size: Cob,Color: Silver/Titanium Gray,,,,Wellington Warehouse,17.74,17.74,17.74,39.95,0,2,0.012987013,,
0,Cycle Counted,1777744483593,00139578,C,1,Equisite Alesia Long Sleeve Mockneck Officially Licensed FEI™ World Cup™ Finals Fort Worth 2026 Merchandise,Rider > Accessories & Apparel > Shirts,6596d5ce0b755-FEI,Color: White,Size: XS,,,,Wellington Warehouse,55.00,55.00,55.00,110.00,0,0,,,
0,Cycle Counted,1777744483593,00106810,C,1,Equisite Alesia Long Sleeve Mockneck Officially Licensed FEI™ World Cup™ Finals Fort Worth 2026 Merchandise,Rider > Accessories & Apparel > Shirts,sku-47110139576611-FEI,Color: Black,Size: XS,,,,Wellington Warehouse,55.00,55.00,55.00,110.00,0,0,0.013157895,,
1,Cycle Counted,1777744483593,01646906,C,1,Equisite Alesia Long Sleeve Mockneck Officially Licensed FEI™ World Cup™ Finals Fort Worth 2026 Merchandise,Rider > Accessories & Apparel > Shirts,6596d5ce0b759-FEI,Color: White,Size: M,,,,Wellington Warehouse,55.00,55.00,55.00,110.00,0,0,,,
0,Cycle Counted,1777744483593,01515834,C,1,Equisite Alesia Long Sleeve Mockneck Officially Licensed FEI™ World Cup™ Finals Fort Worth 2026 Merchandise,Rider > Accessories & Apparel > Shirts,6596d5c923cd8-FEI,Color: Black,Size: M,,,,Wellington Warehouse,55.00,55.00,55.00,110.00,0,0,0.07317073,,
1,Cycle Counted,1777744483593,01810746,C,1,Equisite Alesia Long Sleeve Mockneck Officially Licensed FEI™ World Cup™ Finals Fort Worth 2026 Merchandise,Rider > Accessories & Apparel > Shirts,sku-53634206531875-FEI,Color: Aubergine,Size: L,,,,Wellington Warehouse,55.00,55.00,55.00,110.00,0,0,,,
1,Cycle Counted,1777744483593,01581370,C,1,Equisite Alesia Long Sleeve Mockneck Officially Licensed FEI™ World Cup™ Finals Fort Worth 2026 Merchandise,Rider > Accessories & Apparel > Shirts,6596d5cc5e407-FEI,Color: Black,Size: XL,,,,Wellington Warehouse,55.00,55.00,55.00,110.00,0,0,,,
0,Cycle Counted,1777744483593,01843514,C,1,Equisite Alesia Long Sleeve Mockneck Officially Licensed FEI™ World Cup™ Finals Fort Worth 2026 Merchandise,Rider > Accessories & Apparel > Shirts,sku-53634206564643-FEI,Color: Aubergine,Size: XL,,,,Wellington Warehouse,55.00,55.00,55.00,110.00,0,0,0.01754386,,
1,Cycle Counted,1777744483593,01483066,C,1,Equisite Alesia Long Sleeve Mockneck Officially Licensed FEI™ World Cup™ Finals Fort Worth 2026 Merchandise,Rider > Accessories & Apparel > Shirts,6596d5cab0b72-FEI,Color: Black,Size: S,,,,Wellington Warehouse,55.00,55.00,55.00,110.00,0,0,0.04109589,,
1,Cycle Counted,1777744483593,01745210,C,1,Equisite Alesia Long Sleeve Mockneck Officially Licensed FEI™ World Cup™ Finals Fort Worth 2026 Merchandise,Rider > Accessories & Apparel > Shirts,sku-53634206466339-FEI,Color: Aubergine,Size: S,,,,Wellington Warehouse,55.00,55.00,55.00,110.00,0,0,0.025,,
1,Cycle Counted,1777744483593,01548602,C,1,Equisite Alesia Long Sleeve Mockneck Officially Licensed FEI™ World Cup™ Finals Fort Worth 2026 Merchandise,Rider > Accessories & Apparel > Shirts,6596d5c76b53d-FEI,Color: Black,Size: L,,,,Wellington Warehouse,55.00,55.00,55.00,110.00,0,0,0.023809524,,
0,Cycle Counted,1777744483593,01712442,C,1,Equisite Alesia Long Sleeve Mockneck Officially Licensed FEI™ World Cup™ Finals Fort Worth 2026 Merchandise,Rider > Accessories & Apparel > Shirts,sku-48651338318115-FEI,Color: White,Size: XL,,,,Wellington Warehouse,55.00,55.00,55.00,110.00,0,0,,,
0,Cycle Counted,1777744483593,01777978,C,1,Equisite Alesia Long Sleeve Mockneck Officially Licensed FEI™ World Cup™ Finals Fort Worth 2026 Merchandise,Rider > Accessories & Apparel > Shirts,sku-53634206499107-FEI,Color: Aubergine,Size: M,,,,Wellington Warehouse,55.00,55.00,55.00,110.00,0,0,,,
1,Cycle Counted,1777744483593,01679674,C,1,Equisite Alesia Long Sleeve Mockneck Officially Licensed FEI™ World Cup™ Finals Fort Worth 2026 Merchandise,Rider > Accessories & Apparel > Shirts,6596d5ce0b761-FEI,Color: White,Size: L,,,,Wellington Warehouse,55.00,55.00,55.00,110.00,0,0,,,
1,Cycle Counted,1777744483593,01614138,C,1,Equisite Alesia Long Sleeve Mockneck Officially Licensed FEI™ World Cup™ Finals Fort Worth 2026 Merchandise,Rider > Accessories & Apparel > Shirts,6596d5ce0b757-FEI,Color: White,Size: S,,,,Wellington Warehouse,55.00,55.00,55.00,110.00,0,0,0.024390243,,
0,Cycle Counted,1777744483593,20980026,C,1,Equisite Blaire Sleeveless Mockneck Officially Licensed FEI™ World Cup™ Finals Fort Worth 2026 Merchandise,Rider > Accessories & Apparel > Shirts,sku-53634207023395-FEI,Size: L,Color: Aubergine,,,,Wellington Warehouse,42.50,42.50,42.50,85.00,0,0,,,
1,Cycle Counted,1777744483593,20848954,C,1,Equisite Blaire Sleeveless Mockneck Officially Licensed FEI™ World Cup™ Finals Fort Worth 2026 Merchandise,Rider > Accessories & Apparel > Shirts,sku-53634206957859-FEI,Size: S,Color: Aubergine,,,,Wellington Warehouse,42.50,42.50,42.50,85.00,0,0,,,
0,Cycle Counted,1777744483593,20783418,C,1,Equisite Blaire Sleeveless Mockneck Officially Licensed FEI™ World Cup™ Finals Fort Worth 2026 Merchandise,Rider > Accessories & Apparel > Shirts,sku-53634206925091-FEI,Size: XS,Color: Aubergine,,,,Wellington Warehouse,42.50,42.50,42.50,85.00,0,0,,,
1,Cycle Counted,1777744483593,21012794,C,1,Equisite Blaire Sleeveless Mockneck Officially Licensed FEI™ World Cup™ Finals Fort Worth 2026 Merchandise,Rider > Accessories & Apparel > Shirts,sku-52973387940131-FEI,Size: L,Color: White,,,,Wellington Warehouse,42.50,42.50,42.50,85.00,0,0,,,
1,Cycle Counted,1777744483593,20947258,C,1,Equisite Blaire Sleeveless Mockneck Officially Licensed FEI™ World Cup™ Finals Fort Worth 2026 Merchandise,Rider > Accessories & Apparel > Shirts,sku-52973387874595-FEI,Size: M,Color: White,,,,Wellington Warehouse,42.50,42.50,42.50,85.00,0,0,,,
1,Cycle Counted,1777744483593,20881722,C,1,Equisite Blaire Sleeveless Mockneck Officially Licensed FEI™ World Cup™ Finals Fort Worth 2026 Merchandise,Rider > Accessories & Apparel > Shirts,sku-52973387809059-FEI,Size: S,Color: White,,,,Wellington Warehouse,42.50,42.50,42.50,85.00,0,0,,,
0,Cycle Counted,1777744483593,20914490,C,1,Equisite Blaire Sleeveless Mockneck Officially Licensed FEI™ World Cup™ Finals Fort Worth 2026 Merchandise,Rider > Accessories & Apparel > Shirts,sku-53634206990627-FEI,Size: M,Color: Aubergine,,,,Wellington Warehouse,42.50,42.50,42.50,85.00,0,0,0.024390243,,
0,Cycle Counted,1777744483593,26681658,C,1,Equisite Blaire Sleeveless Mockneck Officially Licensed FEI™ World Cup™ Finals Fort Worth 2026 Merchandise,Rider > Accessories & Apparel > Shirts,sku-53634207056163-FEI,Size: XL,Color: Aubergine,,,,Wellington Warehouse,42.50,42.50,42.50,85.00,0,0,,,
0,Cycle Counted,1777744483593,26714426,C,1,Equisite Blaire Sleeveless Mockneck Officially Licensed FEI™ World Cup™ Finals Fort Worth 2026 Merchandise,Rider > Accessories & Apparel > Shirts,sku-52973388005667-FEI,Size: XL,Color: White,,,,Wellington Warehouse,42.50,42.50,42.50,85.00,0,0,,,
4,BIN-05,1768845069693,649982632757,Shelf 15,5,Rambo Plus Fly Mask with Ears,Horse Wear > Fly & Insect Control > Fly Masks,DMAF15-IB00-SP,Color: Silver/Navy,Size: Small Pony,,,,Wellington Warehouse,27.76,27.76,27.76,59.95,0,2,,,
0,LVL 4,1771873985970,649982222811,Sheets 4,4,Amigo Jersey Cooler,"Horse Wear > Blankets & Sheets > Coolers, Fleece & Covers",ACRJ44-BJI0-69,Size: 69-Inch,Color: Navy,,,,Wellington Warehouse,37.76,37.76,37.76,82.95,0,0,,,
167,BIN-05,1774375575874,,Cavali 3,5,Equine Moscow Mule Mugs- Set of 2 - Gift,_elite_gift,WINTER405,Title: Default Title,,,,,Wellington Warehouse,9.40,9.40,9.40,0.00,1,0,1.2727273,,
6,ROW 1 : LVL 2,1767888398016,180434000644,Supplements 1,2,Kentucky Performance Elevate Maintenance Powder,Horse Care > Supplements > Vitamins & Minerals,14526-3,Size: 3 Pound Pellets,,,LOT# 0001241022,2027-09-01,Wellington Warehouse,33.17,33.17,33.17,51.57,0,0,,,
4,ROW 4 : LVL 2,1774281147462,694244940002,Supplements 2,2,AniMed Via Calm,Horse Care > Supplements > Calming & Focus,12882-3,Size: 60 ml Gel,,,,,Wellington Warehouse,7.11,7.11,7.11,9.33,0,0,,,
1,Breeches,1777650559285,,C,1,Equiline Grafton B-MOVE - Men's Knee Patch Riding Breeches in B-Move Fabric,Rider > Accessories & Apparel > Breeches,EC018-N08200-005-56,Color: Beige,Size: 56,,,,Wellington Warehouse,190.00,190.00,190.00,379.00,0,0,,,
1,Cycle Counted,1777744483593,61498426,C,1,Cadence Shirt - IN STORE,Rider > Accessories & Apparel > Shirts,C-54547185991971,Size: L,Color: Cashmere,,,,Wellington Warehouse,57.00,57.00,57.00,95.00,0,0,,,
1,Cycle Counted,1777744483593,61695034,C,1,Cadence Shirt - IN STORE,Rider > Accessories & Apparel > Shirts,C-54547186024739,Size: XL,Color: Cashmere,,,,Wellington Warehouse,57.00,57.00,57.00,95.00,0,0,,,
1,Cycle Counted,1777744483593,61301818,C,1,Cadence Shirt - IN STORE,Rider > Accessories & Apparel > Shirts,C-54547185959203,Size: M,Color: Cashmere,,,,Wellington Warehouse,57.00,57.00,57.00,95.00,0,0,,,
1,Cycle Counted,1777744483593,61531194,C,1,Cadence Shirt - IN STORE,Rider > Accessories & Apparel > Shirts,C-54459476181283,Size: L,Color: Cabernet,,,,Wellington Warehouse,57.00,57.00,57.00,95.00,0,0,,,
1,Cycle Counted,1777744483593,61727802,C,1,Cadence Shirt - IN STORE,Rider > Accessories & Apparel > Shirts,C-54459476214051,Size: XL,Color: Cabernet,,,,Wellington Warehouse,57.00,57.00,57.00,95.00,0,0,,,
1,Cycle Counted,1777744483593,60908602,C,1,Cadence Shirt - IN STORE,Rider > Accessories & Apparel > Shirts,C-54547185893667,Size: XS,Color: Cashmere,,,,Wellington Warehouse,57.00,57.00,57.00,95.00,0,0,,,
1,Cycle Counted,1777744483593,60941370,C,1,Cadence Shirt - IN STORE,Rider > Accessories & Apparel > Shirts,C-54459476082979,Size: XS,Color: Cabernet,,,,Wellington Warehouse,57.00,57.00,57.00,95.00,0,0,,,
1,Cycle Counted,1777744483593,61105210,C,1,Cadence Shirt - IN STORE,Rider > Accessories & Apparel > Shirts,C-54547185926435,Size: S,Color: Cashmere,,,,Wellington Warehouse,57.00,57.00,57.00,95.00,0,0,,,
1,Cycle Counted,1777744483593,60646458,C,1,Cadence Shirt - IN STORE,Rider > Accessories & Apparel > Shirts,C-54134706110755,Size: XXS,Color: White,,,,Wellington Warehouse,57.00,57.00,57.00,95.00,0,0,,,
1,Cycle Counted,1777744483593,61400122,C,1,Cadence Shirt - IN STORE,Rider > Accessories & Apparel > Shirts,C-54720014680355,Size: L,Color: Dove,,,,Wellington Warehouse,57.00,57.00,57.00,95.00,0,0,,,
1,Cycle Counted,1777744483593,61072442,C,1,Cadence Shirt - IN STORE,Rider > Accessories & Apparel > Shirts,C-54134706340131,Size: S,Color: Midnight Blue,,,,Wellington Warehouse,57.00,57.00,57.00,95.00,0,0,,,
1,Cycle Counted,1777744483593,61465658,C,1,Cadence Shirt - IN STORE,Rider > Accessories & Apparel > Shirts,C-54134706536739,Size: L,Color: Midnight Blue,,,,Wellington Warehouse,57.00,57.00,57.00,95.00,0,0,,,
1,Cycle Counted,1777744483593,61432890,C,1,Cadence Shirt - IN STORE,Rider > Accessories & Apparel > Shirts,C-54134706503971,Size: L,Color: White,,,,Wellington Warehouse,57.00,57.00,57.00,95.00,0,0,,,
1,Cycle Counted,1777744483593,61039674,C,1,Cadence Shirt - IN STORE,Rider > Accessories & Apparel > Shirts,C-54134706307363,Size: S,Color: White,,,,Wellington Warehouse,57.00,57.00,57.00,95.00,0,0,,,
1,Cycle Counted,1777744483593,61334586,C,1,Cadence Shirt - IN STORE,Rider > Accessories & Apparel > Shirts,C-54459476148515,Size: M,Color: Cabernet,,,,Wellington Warehouse,57.00,57.00,57.00,95.00,0,0,,,
1,Cycle Counted,1777744483593,61170746,C,1,Cadence Shirt - IN STORE,Rider > Accessories & Apparel > Shirts,C-54134706471203,Size: M,Color: Jet Black,,,,Wellington Warehouse,57.00,57.00,57.00,95.00,0,0,,,
1,Cycle Counted,1777744483593,60744762,C,1,Cadence Shirt - IN STORE,Rider > Accessories & Apparel > Shirts,C-54459476050211,Size: XXS,Color: Cabernet,,,,Wellington Warehouse,57.00,57.00,57.00,95.00,0,0,,,
1,Cycle Counted,1777744483593,60679226,C,1,Cadence Shirt - IN STORE,Rider > Accessories & Apparel > Shirts,C-54134706143523,Size: XXS,Color: Midnight Blue,,,,Wellington Warehouse,57.00,57.00,57.00,95.00,0,0,,,
1,Cycle Counted,1777744483593,61203514,C,1,Cadence Shirt - IN STORE,Rider > Accessories & Apparel > Shirts,C-54720014647587,Size: M,Color: Dove,,,,Wellington Warehouse,57.00,57.00,57.00,95.00,0,0,,,
1,Cycle Counted,1777744483593,61563962,C,1,Cadence Shirt - IN STORE,Rider > Accessories & Apparel > Shirts,C-54134706667811,Size: XL,Color: Jet Black,,,,Wellington Warehouse,57.00,57.00,57.00,95.00,0,0,,,
1,Cycle Counted,1777744483593,60613690,C,1,Cadence Shirt - IN STORE,Rider > Accessories & Apparel > Shirts,C-54720014549283,Size: XXS,Color: Dove,,,,Wellington Warehouse,57.00,57.00,57.00,95.00,0,0,,,
0,Cycle Counted,1777744483593,60974138,C,1,Cadence Shirt - IN STORE,Rider > Accessories & Apparel > Shirts,C-54134706372899,Size: S,Color: Jet Black,,,,Wellington Warehouse,57.00,57.00,57.00,95.00,0,0,,,
1,Cycle Counted,1777744483593,60777530,C,1,Cadence Shirt - IN STORE,Rider > Accessories & Apparel > Shirts,C-54134706274595,Size: XS,Color: Jet Black,,,,Wellington Warehouse,57.00,57.00,57.00,95.00,0,0,,,
1,Cycle Counted,1777744483593,61662266,C,1,Cadence Shirt - IN STORE,Rider > Accessories & Apparel > Shirts,C-54134706635043,Size: XL,Color: Midnight Blue,,,,Wellington Warehouse,57.00,57.00,57.00,95.00,0,0,,,
1,Cycle Counted,1777744483593,60810298,C,1,Cadence Shirt - IN STORE,Rider > Accessories & Apparel > Shirts,C-54720014582051,Size: XS,Color: Dove,,,,Wellington Warehouse,57.00,57.00,57.00,95.00,0,0,,,
1,Cycle Counted,1777744483593,61236282,C,1,Cadence Shirt - IN STORE,Rider > Accessories & Apparel > Shirts,C-54134706405667,Size: M,Color: White,,,,Wellington Warehouse,57.00,57.00,57.00,95.00,0,0,,,
1,Cycle Counted,1777744483593,60711994,C,1,Cadence Shirt - IN STORE,Rider > Accessories & Apparel > Shirts,C-54547185860899,Size: XXS,Color: Cashmere,,,,Wellington Warehouse,57.00,57.00,57.00,95.00,0,0,,,
1,Cycle Counted,1777744483593,60875834,C,1,Cadence Shirt - IN STORE,Rider > Accessories & Apparel > Shirts,C-54134706241827,Size: XS,Color: Midnight Blue,,,,Wellington Warehouse,57.00,57.00,57.00,95.00,0,0,,,
1,Cycle Counted,1777744483593,61629498,C,1,Cadence Shirt - IN STORE,Rider > Accessories & Apparel > Shirts,C-54134706602275,Size: XL,Color: White,,,,Wellington Warehouse,57.00,57.00,57.00,95.00,0,0,,,
1,Cycle Counted,1777744483593,61269050,C,1,Cadence Shirt - IN STORE,Rider > Accessories & Apparel > Shirts,C-54134706438435,Size: M,Color: Midnight Blue,,,,Wellington Warehouse,57.00,57.00,57.00,95.00,0,0,,,
1,Cycle Counted,1777744483593,60843066,C,1,Cadence Shirt - IN STORE,Rider > Accessories & Apparel > Shirts,C-54134706209059,Size: XS,Color: White,,,,Wellington Warehouse,57.00,57.00,57.00,95.00,0,0,,,
1,Cycle Counted,1777744483593,61006906,C,1,Cadence Shirt - IN STORE,Rider > Accessories & Apparel > Shirts,C-54720014614819,Size: S,Color: Dove,,,,Wellington Warehouse,57.00,57.00,57.00,95.00,0,0,,,
1,Cycle Counted,1777744483593,61137978,C,1,Cadence Shirt - IN STORE,Rider > Accessories & Apparel > Shirts,C-54459476115747,Size: S,Color: Cabernet,,,,Wellington Warehouse,57.00,57.00,57.00,95.00,0,0,,,
1,Cycle Counted,1777744483593,60580922,C,1,Cadence Shirt - IN STORE,Rider > Accessories & Apparel > Shirts,C-54134706176291,Size: XXS,Color: Jet Black,,,,Wellington Warehouse,57.00,57.00,57.00,95.00,0,0,,,
1,Cycle Counted,1777744483593,61596730,C,1,Cadence Shirt - IN STORE,Rider > Accessories & Apparel > Shirts,C-54720014713123,Size: XL,Color: Dove,,,,Wellington Warehouse,57.00,57.00,57.00,95.00,0,0,,,
1,Cycle Counted,1777744483593,76612410,C,1,Equisite Hallie Shirt - IN STORE,Rider > Accessories & Apparel > Shirts,C-50724825989411,Size: M,Color: Jet Black,,,,Wellington Warehouse,51.00,51.00,51.00,85.00,0,0,,,
1,Cycle Counted,1777744483593,75596602,C,1,Equisite Hallie Shirt - IN STORE,Rider > Accessories & Apparel > Shirts,C-53617714430243,Size: XXS,Color: Powder Blue,,,,Wellington Warehouse,51.00,51.00,51.00,85.00,0,0,,,
0,Cycle Counted,1777744483593,76383034,C,1,Equisite Hallie Shirt - IN STORE,Rider > Accessories & Apparel > Shirts,C-53322686464291,Size: S,Color: Powder Blue,,,,Wellington Warehouse,51.00,51.00,51.00,85.00,0,0,,,
1,Cycle Counted,1777744483593,75629370,C,1,Equisite Hallie Shirt - IN STORE,Rider > Accessories & Apparel > Shirts,C-54459475394851,Size: XXS,Color: Cabernet,,,,Wellington Warehouse,51.00,51.00,51.00,85.00,0,0,,,
1,Cycle Counted,1777744483593,77103930,C,1,Equisite Hallie Shirt - IN STORE,Rider > Accessories & Apparel > Shirts,C-50724826120483,Size: L,Color: White,,,,Wellington Warehouse,51.00,51.00,51.00,85.00,0,0,,,
1,Cycle Counted,1777744483593,76972858,C,1,Equisite Hallie Shirt - IN STORE,Rider > Accessories & Apparel > Shirts,C-54547180716323,Size: L,Color: Peony,,,,Wellington Warehouse,51.00,51.00,51.00,85.00,0,0,,,
1,Cycle Counted,1777744483593,75858746,C,1,Equisite Hallie Shirt - IN STORE,Rider > Accessories & Apparel > Shirts,C-50724825727267,Size: XS,Color: Graphite Grey,,,,Wellington Warehouse,51.00,51.00,51.00,85.00,0,0,,,
1,Cycle Counted,1777744483593,77202234,C,1,Equisite Hallie Shirt - IN STORE,Rider > Accessories & Apparel > Shirts,C-54459475525923,Size: L,Color: Cabernet,,,,Wellington Warehouse,51.00,51.00,51.00,85.00,0,0,,,
1,Cycle Counted,1777744483593,75498298,C,1,Equisite Hallie Shirt - IN STORE,Rider > Accessories & Apparel > Shirts,C-54312683110691,Size: XXS,Color: Forest,,,,Wellington Warehouse,51.00,51.00,51.00,85.00,0,0,,,
1,Cycle Counted,1777744483593,76546874,C,1,Equisite Hallie Shirt - IN STORE,Rider > Accessories & Apparel > Shirts,C-50724826022179,Size: M,Color: Midnight Blue,,,,Wellington Warehouse,51.00,51.00,51.00,85.00,0,0,,,
1,Cycle Counted,1777744483593,76743482,C,1,Equisite Hallie Shirt - IN STORE,Rider > Accessories & Apparel > Shirts,C-50724826087715,Size: M,Color: Eucalyptus,,,,Wellington Warehouse,51.00,51.00,51.00,85.00,0,0,,,
1,Cycle Counted,1777744483593,77300538,C,1,Equisite Hallie Shirt - IN STORE,Rider > Accessories & Apparel > Shirts,C-54719983255843,Size: XL,Color: Seastone,,,,Wellington Warehouse,51.00,51.00,51.00,85.00,0,0,,,
1,Cycle Counted,1777744483593,75367226,C,1,Equisite Hallie Shirt - IN STORE,Rider > Accessories & Apparel > Shirts,C-53617714495779,Size: XXS,Color: Midnight Blue,,,,Wellington Warehouse,51.00,51.00,51.00,85.00,0,0,,,
1,Cycle Counted,1777744483593,77333306,C,1,Equisite Hallie Shirt - IN STORE,Rider > Accessories & Apparel > Shirts,C-50724826349859,Size: XL,Color: Midnight Blue,,,,Wellington Warehouse,51.00,51.00,51.00,85.00,0,0,,,
1,Cycle Counted,1777744483593,76940090,C,1,Equisite Hallie Shirt - IN STORE,Rider > Accessories & Apparel > Shirts,C-50724826186019,Size: L,Color: Midnight Blue,,,,Wellington Warehouse,51.00,51.00,51.00,85.00,0,0,,,
2,Cycle Counted,1777744483593,76317498,C,1,Equisite Hallie Shirt - IN STORE,Rider > Accessories & Apparel > Shirts,C-50724825792803,Size: S,Color: White,,,,Wellington Warehouse,51.00,51.00,51.00,85.00,0,0,,,
2,Cycle Counted,1777744483593,75957050,C,1,Equisite Hallie Shirt - IN STORE,Rider > Accessories & Apparel > Shirts,C-50724825760035,Size: XS,Color: Eucalyptus,,,,Wellington Warehouse,51.00,51.00,51.00,85.00,0,0,,,
1,Cycle Counted,1777744483593,75662138,C,1,Equisite Hallie Shirt - IN STORE,Rider > Accessories & Apparel > Shirts,C-53634207449379,Size: XS,Color: Aubergine,,,,Wellington Warehouse,51.00,51.00,51.00,85.00,0,0,,,
1,Cycle Counted,1777744483593,75399994,C,1,Equisite Hallie Shirt - IN STORE,Rider > Accessories & Apparel > Shirts,C-54547180585251,Size: XXS,Color: Peony,,,,Wellington Warehouse,51.00,51.00,51.00,85.00,0,0,,,
1,Cycle Counted,1777744483593,75531066,C,1,Equisite Hallie Shirt - IN STORE,Rider > Accessories & Apparel > Shirts,C-53617714463011,Size: XXS,Color: White,,,,Wellington Warehouse,51.00,51.00,51.00,85.00,0,0,,,
1,Cycle Counted,1777744483593,77398842,C,1,Equisite Hallie Shirt - IN STORE,Rider > Accessories & Apparel > Shirts,C-50724826317091,Size: XL,Color: Jet Black,,,,Wellington Warehouse,51.00,51.00,51.00,85.00,0,0,,,
2,Cycle Counted,1777744483593,76153658,C,1,Equisite Hallie Shirt - IN STORE,Rider > Accessories & Apparel > Shirts,C-50724825858339,Size: S,Color: Midnight Blue,,,,Wellington Warehouse,51.00,51.00,51.00,85.00,0,0,,,
1,Cycle Counted,1777744483593,77497146,C,1,Equisite Hallie Shirt - IN STORE,Rider > Accessories & Apparel > Shirts,C-50724826284323,Size: XL,Color: White,,,,Wellington Warehouse,51.00,51.00,51.00,85.00,0,0,,,
1,Cycle Counted,1777744483593,76415802,C,1,Equisite Hallie Shirt - IN STORE,Rider > Accessories & Apparel > Shirts,C-54459475460387,Size: S,Color: Cabernet,,,,Wellington Warehouse,51.00,51.00,51.00,85.00,0,0,,,
1,Cycle Counted,1777744483593,75793210,C,1,Equisite Hallie Shirt - IN STORE,Rider > Accessories & Apparel > Shirts,C-54547180618019,Size: XS,Color: Peony,,,,Wellington Warehouse,51.00,51.00,51.00,85.00,0,0,,,
1,Cycle Counted,1777744483593,76907322,C,1,Equisite Hallie Shirt - IN STORE,Rider > Accessories & Apparel > Shirts,C-54719983190307,Size: L,Color: Seastone,,,,Wellington Warehouse,51.00,51.00,51.00,85.00,0,0,,,
1,Cycle Counted,1777744483593,76350266,C,1,Equisite Hallie Shirt - IN STORE,Rider > Accessories & Apparel > Shirts,C-50724825923875,Size: S,Color: Eucalyptus,,,,Wellington Warehouse,51.00,51.00,51.00,85.00,0,0,,,
1,Cycle Counted,1777744483593,77005626,C,1,Equisite Hallie Shirt - IN STORE,Rider > Accessories & Apparel > Shirts,C-50724826153251,Size: L,Color: Jet Black,,,,Wellington Warehouse,51.00,51.00,51.00,85.00,0,0,,,
2,Cycle Counted,1777744483593,76022586,C,1,Equisite Hallie Shirt - IN STORE,Rider > Accessories & Apparel > Shirts,C-54459475427619,Size: XS,Color: Cabernet,,,,Wellington Warehouse,51.00,51.00,51.00,85.00,0,0,,,
1,Cycle Counted,1777744483593,75301690,C,1,Equisite Hallie Shirt - IN STORE,Rider > Accessories & Apparel > Shirts,C-54719982895395,Size: XXS,Color: Dove,,,,Wellington Warehouse,51.00,51.00,51.00,85.00,0,0,,,
1,Cycle Counted,1777744483593,75563834,C,1,Equisite Hallie Shirt - IN STORE,Rider > Accessories & Apparel > Shirts,C-53617714397475,Size: XXS,Color: Eucalyptus,,,,Wellington Warehouse,51.00,51.00,51.00,85.00,0,0,,,
1,Cycle Counted,1777744483593,77267770,C,1,Equisite Hallie Shirt - IN STORE,Rider > Accessories & Apparel > Shirts,C-54719983223075,Size: XL,Color: Dove,,,,Wellington Warehouse,51.00,51.00,51.00,85.00,0,0,,,
1,Cycle Counted,1777744483593,76186426,C,1,Equisite Hallie Shirt - IN STORE,Rider > Accessories & Apparel > Shirts,C-54547180650787,Size: S,Color: Peony,,,,Wellington Warehouse,51.00,51.00,51.00,85.00,0,0,,,
1,Cycle Counted,1777744483593,77595450,C,1,Equisite Hallie Shirt - IN STORE,Rider > Accessories & Apparel > Shirts,C-54459475558691,Size: XL,Color: Cabernet,,,,Wellington Warehouse,51.00,51.00,51.00,85.00,0,0,,,
1,Cycle Counted,1777744483593,77169466,C,1,Equisite Hallie Shirt - IN STORE,Rider > Accessories & Apparel > Shirts,C-53322686529827,Size: L,Color: Powder Blue,,,,Wellington Warehouse,51.00,51.00,51.00,85.00,0,0,,,
1,Cycle Counted,1777744483593,76677946,C,1,Equisite Hallie Shirt - IN STORE,Rider > Accessories & Apparel > Shirts,C-54312683208995,Size: M,Color: Forest,,,,Wellington Warehouse,51.00,51.00,51.00,85.00,0,0,,,
1,Cycle Counted,1777744483593,76088122,C,1,Equisite Hallie Shirt - IN STORE,Rider > Accessories & Apparel > Shirts,C-54719983026467,Size: S,Color: Dove,,,,Wellington Warehouse,51.00,51.00,51.00,85.00,0,0,,,
1,Cycle Counted,1777744483593,76514106,C,1,Equisite Hallie Shirt - IN STORE,Rider > Accessories & Apparel > Shirts,C-54719983124771,Size: M,Color: Seastone,,,,Wellington Warehouse,51.00,51.00,51.00,85.00,0,0,,,
1,Cycle Counted,1777744483593,75432762,C,1,Equisite Hallie Shirt - IN STORE,Rider > Accessories & Apparel > Shirts,C-53617714528547,Size: XXS,Color: Jet Black,,,,Wellington Warehouse,51.00,51.00,51.00,85.00,0,0,,,
1,Cycle Counted,1777744483593,76874554,C,1,Equisite Hallie Shirt - IN STORE,Rider > Accessories & Apparel > Shirts,C-54719983157539,Size: L,Color: Dove,,,,Wellington Warehouse,51.00,51.00,51.00,85.00,0,0,,,
1,Cycle Counted,1777744483593,77529914,C,1,Equisite Hallie Shirt - IN STORE,Rider > Accessories & Apparel > Shirts,C-50724826415395,Size: XL,Color: Eucalyptus,,,,Wellington Warehouse,51.00,51.00,51.00,85.00,0,0,,,
2,Cycle Counted,1777744483593,76219194,C,1,Equisite Hallie Shirt - IN STORE,Rider > Accessories & Apparel > Shirts,C-50724825825571,Size: S,Color: Jet Black,,,,Wellington Warehouse,51.00,51.00,51.00,85.00,0,0,,,
1,Cycle Counted,1777744483593,76841786,C,1,Equisite Hallie Shirt - IN STORE,Rider > Accessories & Apparel > Shirts,C-53634207547683,Size: L,Color: Aubergine,,,,Wellington Warehouse,51.00,51.00,51.00,85.00,0,0,,,
1,Cycle Counted,1777744483593,76284730,C,1,Equisite Hallie Shirt - IN STORE,Rider > Accessories & Apparel > Shirts,C-54312683176227,Size: S,Color: Forest,,,,Wellington Warehouse,51.00,51.00,51.00,85.00,0,0,,,
1,Cycle Counted,1777744483593,77071162,C,1,Equisite Hallie Shirt - IN STORE,Rider > Accessories & Apparel > Shirts,C-54312683241763,Size: L,Color: Forest,,,,Wellington Warehouse,51.00,51.00,51.00,85.00,0,0,,,
1,Cycle Counted,1777744483593,75924282,C,1,Equisite Hallie Shirt - IN STORE,Rider > Accessories & Apparel > Shirts,C-50724825628963,Size: XS,Color: White,,,,Wellington Warehouse,51.00,51.00,51.00,85.00,0,0,,,
1,Cycle Counted,1777744483593,76809018,C,1,Equisite Hallie Shirt - IN STORE,Rider > Accessories & Apparel > Shirts,C-54459475493155,Size: M,Color: Cabernet,,,,Wellington Warehouse,51.00,51.00,51.00,85.00,0,0,,,
2,Cycle Counted,1777744483593,75825978,C,1,Equisite Hallie Shirt - IN STORE,Rider > Accessories & Apparel > Shirts,C-50724825661731,Size: XS,Color: Jet Black,,,,Wellington Warehouse,51.00,51.00,51.00,85.00,0,0,,,
1,Cycle Counted,1777744483593,75334458,C,1,Equisite Hallie Shirt - IN STORE,Rider > Accessories & Apparel > Shirts,C-54719982928163,Size: XXS,Color: Seastone,,,,Wellington Warehouse,51.00,51.00,51.00,85.00,0,0,,,
1,Cycle Counted,1777744483593,77235002,C,1,Equisite Hallie Shirt - IN STORE,Rider > Accessories & Apparel > Shirts,C-53634207580451,Size: XL,Color: Aubergine,,,,Wellington Warehouse,51.00,51.00,51.00,85.00,0,0,,,
1,Cycle Counted,1777744483593,76448570,C,1,Equisite Hallie Shirt - IN STORE,Rider > Accessories & Apparel > Shirts,C-53634207514915,Size: M,Color: Aubergine,,,,Wellington Warehouse,51.00,51.00,51.00,85.00,0,0,,,
1,Cycle Counted,1777744483593,76776250,C,1,Equisite Hallie Shirt - IN STORE,Rider > Accessories & Apparel > Shirts,C-53322686497059,Size: M,Color: Powder Blue,,,,Wellington Warehouse,51.00,51.00,51.00,85.00,0,0,,,
1,Cycle Counted,1777744483593,77038394,C,1,Equisite Hallie Shirt - IN STORE,Rider > Accessories & Apparel > Shirts,C-50724826218787,Size: L,Color: Graphite Grey,,,,Wellington Warehouse,51.00,51.00,51.00,85.00,0,0,,,
1,Cycle Counted,1777744483593,77366074,C,1,Equisite Hallie Shirt - IN STORE,Rider > Accessories & Apparel > Shirts,C-54547180749091,Size: XL,Color: Peony,,,,Wellington Warehouse,51.00,51.00,51.00,85.00,0,0,,,
1,Cycle Counted,1777744483593,75694906,C,1,Equisite Hallie Shirt - IN STORE,Rider > Accessories & Apparel > Shirts,C-54719982960931,Size: XS,Color: Dove,,,,Wellington Warehouse,51.00,51.00,51.00,85.00,0,0,,,
1,Cycle Counted,1777744483593,75891514,C,1,Equisite Hallie Shirt - IN STORE,Rider > Accessories & Apparel > Shirts,C-54312683143459,Size: XS,Color: Forest,,,,Wellington Warehouse,51.00,51.00,51.00,85.00,0,0,,,
1,Cycle Counted,1777744483593,76251962,C,1,Equisite Hallie Shirt - IN STORE,Rider > Accessories & Apparel > Shirts,C-50724825891107,Size: S,Color: Graphite Grey,,,,Wellington Warehouse,51.00,51.00,51.00,85.00,0,0,,,
1,Cycle Counted,1777744483593,77562682,C,1,Equisite Hallie Shirt - IN STORE,Rider > Accessories & Apparel > Shirts,C-53322686562595,Size: XL,Color: Powder Blue,,,,Wellington Warehouse,51.00,51.00,51.00,85.00,0,0,,,
2,Cycle Counted,1777744483593,76710714,C,1,Equisite Hallie Shirt - IN STORE,Rider > Accessories & Apparel > Shirts,C-50724825956643,Size: M,Color: White,,,,Wellington Warehouse,51.00,51.00,51.00,85.00,0,0,,,
1,Cycle Counted,1777744483593,77431610,C,1,Equisite Hallie Shirt - IN STORE,Rider > Accessories & Apparel > Shirts,C-50724826382627,Size: XL,Color: Graphite Grey,,,,Wellington Warehouse,51.00,51.00,51.00,85.00,0,0,,,
1,Cycle Counted,1777744483593,77464378,C,1,Equisite Hallie Shirt - IN STORE,Rider > Accessories & Apparel > Shirts,C-54312683274531,Size: XL,Color: Forest,,,,Wellington Warehouse,51.00,51.00,51.00,85.00,0,0,,,
1,Cycle Counted,1777744483593,75465530,C,1,Equisite Hallie Shirt - IN STORE,Rider > Accessories & Apparel > Shirts,C-53617714561315,Size: XXS,Color: Graphite Grey,,,,Wellington Warehouse,51.00,51.00,51.00,85.00,0,0,,,
1,Cycle Counted,1777744483593,76055354,C,1,Equisite Hallie Shirt - IN STORE,Rider > Accessories & Apparel > Shirts,C-53634207482147,Size: S,Color: Aubergine,,,,Wellington Warehouse,51.00,51.00,51.00,85.00,0,0,,,
1,Cycle Counted,1777744483593,75727674,C,1,Equisite Hallie Shirt - IN STORE,Rider > Accessories & Apparel > Shirts,C-54719982993699,Size: XS,Color: Seastone,,,,Wellington Warehouse,51.00,51.00,51.00,85.00,0,0,,,
2,Cycle Counted,1777744483593,75760442,C,1,Equisite Hallie Shirt - IN STORE,Rider > Accessories & Apparel > Shirts,C-50724825694499,Size: XS,Color: Midnight Blue,,,,Wellington Warehouse,51.00,51.00,51.00,85.00,0,0,,,
1,Cycle Counted,1777744483593,75989818,C,1,Equisite Hallie Shirt - IN STORE,Rider > Accessories & Apparel > Shirts,C-53322686431523,Size: XS,Color: Powder Blue,,,,Wellington Warehouse,51.00,51.00,51.00,85.00,0,0,,,
1,Cycle Counted,1777744483593,76645178,C,1,Equisite Hallie Shirt - IN STORE,Rider > Accessories & Apparel > Shirts,C-50724826054947,Size: M,Color: Graphite Grey,,,,Wellington Warehouse,51.00,51.00,51.00,85.00,0,0,,,
1,Cycle Counted,1777744483593,75268922,C,1,Equisite Hallie Shirt - IN STORE,Rider > Accessories & Apparel > Shirts,C-53634207416611,Size: XXS,Color: Aubergine,,,,Wellington Warehouse,51.00,51.00,51.00,85.00,0,0,,,
1,Cycle Counted,1777744483593,77136698,C,1,Equisite Hallie Shirt - IN STORE,Rider > Accessories & Apparel > Shirts,C-50724826251555,Size: L,Color: Eucalyptus,,,,Wellington Warehouse,51.00,51.00,51.00,85.00,0,0,,,
1,Cycle Counted,1777744483593,76481338,C,1,Equisite Hallie Shirt - IN STORE,Rider > Accessories & Apparel > Shirts,C-54719983092003,Size: M,Color: Dove,,,,Wellington Warehouse,51.00,51.00,51.00,85.00,0,0,,,
1,Cycle Counted,1777744483593,16531770,C,1,Equisite Blaire Shirt - IN STORE,Rider > Accessories & Apparel > Shirts,C-52973475430691,Size: XL,Color: Powder Blue,,,,Wellington Warehouse,46.80,46.80,46.80,78.00,0,0,,,
1,Cycle Counted,1777744483593,15778106,C,1,Equisite Blaire Shirt - IN STORE,Rider > Accessories & Apparel > Shirts,C-52973475201315,Size: S,Color: Agave,,,,Wellington Warehouse,46.80,46.80,46.80,78.00,0,0,,,
1,Cycle Counted,1777744483593,15515962,C,1,Equisite Blaire Shirt - IN STORE,Rider > Accessories & Apparel > Shirts,C-52973475135779,Size: XS,Color: Agave,,,,Wellington Warehouse,46.80,46.80,46.80,78.00,0,0,,,
1,Cycle Counted,1777744483593,16073018,C,1,Equisite Blaire Shirt - IN STORE,Rider > Accessories & Apparel > Shirts,C-52973387972899,Size: L,Color: Jet Black,,,,Wellington Warehouse,46.80,46.80,46.80,78.00,0,0,,,
1,Cycle Counted,1777744483593,16564538,C,1,Equisite Blaire Shirt - IN STORE,Rider > Accessories & Apparel > Shirts,C-52973475397923,Size: XL,Color: Agave,,,,Wellington Warehouse,46.80,46.80,46.80,78.00,0,0,,,
1,Cycle Counted,1777744483593,15909178,C,1,Equisite Blaire Shirt - IN STORE,Rider > Accessories & Apparel > Shirts,C-54719959662883,Size: M,Color: Seastone,,,,Wellington Warehouse,46.80,46.80,46.80,78.00,0,0,,,
1,Cycle Counted,1777744483593,15483194,C,1,Equisite Blaire Shirt - IN STORE,Rider > Accessories & Apparel > Shirts,C-52973475168547,Size: XS,Color: Powder Blue,,,,Wellington Warehouse,46.80,46.80,46.80,78.00,0,0,,,
1,Cycle Counted,1777744483593,15286586,C,1,Equisite Blaire Shirt - IN STORE,Rider > Accessories & Apparel > Shirts,C-52973387776291,Size: XS,Color: Jet Black,,,,Wellington Warehouse,46.80,46.80,46.80,78.00,0,0,,,
1,Cycle Counted,1777744483593,16269626,C,1,Equisite Blaire Shirt - IN STORE,Rider > Accessories & Apparel > Shirts,C-52973475365155,Size: L,Color: Powder Blue,,,,Wellington Warehouse,46.80,46.80,46.80,78.00,0,0,,,
1,Cycle Counted,1777744483593,15319354,C,1,Equisite Blaire Shirt - IN STORE,Rider > Accessories & Apparel > Shirts,C-53634206925091,Size: XS,Color: Aubergine,,,,Wellington Warehouse,46.80,46.80,46.80,78.00,0,0,,,
1,Cycle Counted,1777744483593,16040250,C,1,Equisite Blaire Shirt - IN STORE,Rider > Accessories & Apparel > Shirts,C-52973475266851,Size: M,Color: Agave,,,,Wellington Warehouse,46.80,46.80,46.80,78.00,0,0,,,
1,Cycle Counted,1777744483593,16367930,C,1,Equisite Blaire Shirt - IN STORE,Rider > Accessories & Apparel > Shirts,C-53634207056163,Size: XL,Color: Aubergine,,,,Wellington Warehouse,46.80,46.80,46.80,78.00,0,0,,,
1,Cycle Counted,1777744483593,15712570,C,1,Equisite Blaire Shirt - IN STORE,Rider > Accessories & Apparel > Shirts,C-54547178750243,Size: S,Color: Peony,,,,Wellington Warehouse,46.80,46.80,46.80,78.00,0,0,,,
1,Cycle Counted,1777744483593,16138554,C,1,Equisite Blaire Shirt - IN STORE,Rider > Accessories & Apparel > Shirts,C-52973387940131,Size: L,Color: White,,,,Wellington Warehouse,46.80,46.80,46.80,78.00,0,0,,,
1,Cycle Counted,1777744483593,15876410,C,1,Equisite Blaire Shirt - IN STORE,Rider > Accessories & Apparel > Shirts,C-52973387874595,Size: M,Color: White,,,,Wellington Warehouse,46.80,46.80,46.80,78.00,0,0,,,
1,Cycle Counted,1777744483593,15221050,C,1,Equisite Blaire Shirt - IN STORE,Rider > Accessories & Apparel > Shirts,C-53617711481123,Size: XXS,Color: Powder Blue,,,,Wellington Warehouse,46.80,46.80,46.80,78.00,0,0,,,
1,Cycle Counted,1777744483593,15384890,C,1,Equisite Blaire Shirt - IN STORE,Rider > Accessories & Apparel > Shirts,C-54719959597347,Size: XS,Color: Seastone,,,,Wellington Warehouse,46.80,46.80,46.80,78.00,0,0,,,
1,Cycle Counted,1777744483593,15810874,C,1,Equisite Blaire Shirt - IN STORE,Rider > Accessories & Apparel > Shirts,C-52973387907363,Size: M,Color: Jet Black,,,,Wellington Warehouse,46.80,46.80,46.80,78.00,0,0,,,
1,Cycle Counted,1777744483593,16236858,C,1,Equisite Blaire Shirt - IN STORE,Rider > Accessories & Apparel > Shirts,C-54547178881315,Size: L,Color: Peony,,,,Wellington Warehouse,46.80,46.80,46.80,78.00,0,0,,,
1,Cycle Counted,1777744483593,15450426,C,1,Equisite Blaire Shirt - IN STORE,Rider > Accessories & Apparel > Shirts,C-54547178684707,Size: XS,Color: Peony,,,,Wellington Warehouse,46.80,46.80,46.80,78.00,0,0,,,
1,Cycle Counted,1777744483593,15253818,C,1,Equisite Blaire Shirt - IN STORE,Rider > Accessories & Apparel > Shirts,C-53617711546659,Size: XXS,Color: Agave,,,,Wellington Warehouse,46.80,46.80,46.80,78.00,0,0,,,
1,Cycle Counted,1777744483593,15188282,C,1,Equisite Blaire Shirt - IN STORE,Rider > Accessories & Apparel > Shirts,C-54547178619171,Size: XXS,Color: Peony,,,,Wellington Warehouse,46.80,46.80,46.80,78.00,0,0,,,
1,Cycle Counted,1777744483593,15057210,C,1,Equisite Blaire Shirt - IN STORE,Rider > Accessories & Apparel > Shirts,C-53634206892323,Size: XXS,Color: Aubergine,,,,Wellington Warehouse,46.80,46.80,46.80,78.00,0,0,,,
1,Cycle Counted,1777744483593,16007482,C,1,Equisite Blaire Shirt - IN STORE,Rider > Accessories & Apparel > Shirts,C-52973475299619,Size: M,Color: Powder Blue,,,,Wellington Warehouse,46.80,46.80,46.80,78.00,0,0,,,
1,Cycle Counted,1777744483593,16105786,C,1,Equisite Blaire Shirt - IN STORE,Rider > Accessories & Apparel > Shirts,C-53634207023395,Size: L,Color: Aubergine,,,,Wellington Warehouse,46.80,46.80,46.80,78.00,0,0,,,
1,Cycle Counted,1777744483593,15745338,C,1,Equisite Blaire Shirt - IN STORE,Rider > Accessories & Apparel > Shirts,C-52973475234083,Size: S,Color: Powder Blue,,,,Wellington Warehouse,46.80,46.80,46.80,78.00,0,0,,,
1,Cycle Counted,1777744483593,16171322,C,1,Equisite Blaire Shirt - IN STORE,Rider > Accessories & Apparel > Shirts,C-54719959695651,Size: L,Color: Seastone,,,,Wellington Warehouse,46.80,46.80,46.80,78.00,0,0,,,
1,Cycle Counted,1777744483593,15548730,C,1,Equisite Blaire Shirt - IN STORE,Rider > Accessories & Apparel > Shirts,C-52973387841827,Size: S,Color: Jet Black,,,,Wellington Warehouse,46.80,46.80,46.80,78.00,0,0,,,
1,Cycle Counted,1777744483593,15974714,C,1,Equisite Blaire Shirt - IN STORE,Rider > Accessories & Apparel > Shirts,C-54547178815779,Size: M,Color: Peony,,,,Wellington Warehouse,46.80,46.80,46.80,78.00,0,0,,,
1,Cycle Counted,1777744483593,15941946,C,1,Equisite Blaire Shirt - IN STORE,Rider > Accessories & Apparel > Shirts,C-54547178783011,Size: M,Color: Cashmere,,,,Wellington Warehouse,46.80,46.80,46.80,78.00,0,0,,,
1,Cycle Counted,1777744483593,16400698,C,1,Equisite Blaire Shirt - IN STORE,Rider > Accessories & Apparel > Shirts,C-52973388005667,Size: XL,Color: White,,,,Wellington Warehouse,46.80,46.80,46.80,78.00,0,0,,,
1,Cycle Counted,1777744483593,15155514,C,1,Equisite Blaire Shirt - IN STORE,Rider > Accessories & Apparel > Shirts,C-54547178586403,Size: XXS,Color: Cashmere,,,,Wellington Warehouse,46.80,46.80,46.80,78.00,0,0,,,
1,Cycle Counted,1777744483593,16204090,C,1,Equisite Blaire Shirt - IN STORE,Rider > Accessories & Apparel > Shirts,C-54547178848547,Size: L,Color: Cashmere,,,,Wellington Warehouse,46.80,46.80,46.80,78.00,0,0,,,
1,Cycle Counted,1777744483593,15024442,C,1,Equisite Blaire Shirt - IN STORE,Rider > Accessories & Apparel > Shirts,C-53617711579427,Size: XXS,Color: Jet Black,,,,Wellington Warehouse,46.80,46.80,46.80,78.00,0,0,,,
1,Cycle Counted,1777744483593,15647034,C,1,Equisite Blaire Shirt - IN STORE,Rider > Accessories & Apparel > Shirts,C-54719959630115,Size: S,Color: Seastone,,,,Wellington Warehouse,46.80,46.80,46.80,78.00,0,0,,,
1,Cycle Counted,1777744483593,15581498,C,1,Equisite Blaire Shirt - IN STORE,Rider > Accessories & Apparel > Shirts,C-53634206957859,Size: S,Color: Aubergine,,,,Wellington Warehouse,46.80,46.80,46.80,78.00,0,0,,,
1,Cycle Counted,1777744483593,16499002,C,1,Equisite Blaire Shirt - IN STORE,Rider > Accessories & Apparel > Shirts,C-54547178946851,Size: XL,Color: Peony,,,,Wellington Warehouse,46.80,46.80,46.80,78.00,0,0,,,
1,Cycle Counted,1777744483593,16302394,C,1,Equisite Blaire Shirt - IN STORE,Rider > Accessories & Apparel > Shirts,C-52973475332387,Size: L,Color: Agave,,,,Wellington Warehouse,46.80,46.80,46.80,78.00,0,0,,,
1,Cycle Counted,1777744483593,15843642,C,1,Equisite Blaire Shirt - IN STORE,Rider > Accessories & Apparel > Shirts,C-53634206990627,Size: M,Color: Aubergine,,,,Wellington Warehouse,46.80,46.80,46.80,78.00,0,0,,,
1,Cycle Counted,1777744483593,15122746,C,1,Equisite Blaire Shirt - IN STORE,Rider > Accessories & Apparel > Shirts,C-54719959564579,Size: XXS,Color: Seastone,,,,Wellington Warehouse,46.80,46.80,46.80,78.00,0,0,,,
1,Cycle Counted,1777744483593,16433466,C,1,Equisite Blaire Shirt - IN STORE,Rider > Accessories & Apparel > Shirts,C-54719959728419,Size: XL,Color: Seastone,,,,Wellington Warehouse,46.80,46.80,46.80,78.00,0,0,,,
1,Cycle Counted,1777744483593,16466234,C,1,Equisite Blaire Shirt - IN STORE,Rider > Accessories & Apparel > Shirts,C-54547178914083,Size: XL,Color: Cashmere,,,,Wellington Warehouse,46.80,46.80,46.80,78.00,0,0,,,
1,Cycle Counted,1777744483593,16335162,C,1,Equisite Blaire Shirt - IN STORE,Rider > Accessories & Apparel > Shirts,C-52973388038435,Size: XL,Color: Jet Black,,,,Wellington Warehouse,46.80,46.80,46.80,78.00,0,0,,,
1,Cycle Counted,1777744483593,15679802,C,1,Equisite Blaire Shirt - IN STORE,Rider > Accessories & Apparel > Shirts,C-54547178717475,Size: S,Color: Cashmere,,,,Wellington Warehouse,46.80,46.80,46.80,78.00,0,0,,,
1,Cycle Counted,1777744483593,79854394,C,1,Equisite Pauline Shirt IN STORE,Rider > Accessories & Apparel > Shirts,C-65036fbecef50,Size: XL,Color: Cabernet,,,,Wellington Warehouse,90.00,90.00,90.00,150.00,0,0,,,
1,Cycle Counted,1777744483593,79592250,C,1,Equisite Pauline Shirt IN STORE,Rider > Accessories & Apparel > Shirts,C-54312683798819,Size: M,Color: Espresso,,,,Wellington Warehouse,90.00,90.00,90.00,150.00,0,0,,,
1,Cycle Counted,1777744483593,79493946,C,1,Equisite Pauline Shirt IN STORE,Rider > Accessories & Apparel > Shirts,C-65036fb9de9cb,Size: M,Color: White,,,,Wellington Warehouse,90.00,90.00,90.00,150.00,0,0,,,
1,Cycle Counted,1777744483593,79657786,C,1,Equisite Pauline Shirt IN STORE,Rider > Accessories & Apparel > Shirts,C-65036fb87c0fa,Size: L,Color: White,,,,Wellington Warehouse,90.00,90.00,90.00,150.00,0,0,,,
1,Cycle Counted,1777744483593,79723322,C,1,Equisite Pauline Shirt IN STORE,Rider > Accessories & Apparel > Shirts,C-65036fb7ad755,Size: L,Color: Midnight Blue,,,,Wellington Warehouse,90.00,90.00,90.00,150.00,0,0,,,
1,Cycle Counted,1777744483593,79788858,C,1,Equisite Pauline Shirt IN STORE,Rider > Accessories & Apparel > Shirts,C-6596d5acc49a2,Size: XL,Color: Jet Black,,,,Wellington Warehouse,90.00,90.00,90.00,150.00,0,0,,,
1,Cycle Counted,1777744483593,79559482,C,1,Equisite Pauline Shirt IN STORE,Rider > Accessories & Apparel > Shirts,C-65036fb938590,Size: M,Color: Midnight Blue,,,,Wellington Warehouse,90.00,90.00,90.00,150.00,0,0,,,
1,Cycle Counted,1777744483593,79690554,C,1,Equisite Pauline Shirt IN STORE,Rider > Accessories & Apparel > Shirts,C-65036fbecef49,Size: L,Color: Cabernet,,,,Wellington Warehouse,90.00,90.00,90.00,150.00,0,0,,,
1,Cycle Counted,1777744483593,79330106,C,1,Equisite Pauline Shirt IN STORE,Rider > Accessories & Apparel > Shirts,C-65036fbb56356,Size: S,Color: White,,,,Wellington Warehouse,90.00,90.00,90.00,150.00,0,0,,,
1,Cycle Counted,1777744483593,79428410,C,1,Equisite Pauline Shirt IN STORE,Rider > Accessories & Apparel > Shirts,C--54312683766051,Size: S,Color: Espresso,,,,Wellington Warehouse,90.00,90.00,90.00,150.00,0,0,,,
1,Cycle Counted,1777744483593,79362874,C,1,Equisite Pauline Shirt IN STORE,Rider > Accessories & Apparel > Shirts,C-65036fbecef47,Size: S,Color: Cabernet,,,,Wellington Warehouse,90.00,90.00,90.00,150.00,0,0,,,
1,Cycle Counted,1777744483593,79461178,C,1,Equisite Pauline Shirt IN STORE,Rider > Accessories & Apparel > Shirts,C-6596d5aba46e3,Size: M,Color: Jet Black,,,,Wellington Warehouse,90.00,90.00,90.00,150.00,0,0,,,
1,Cycle Counted,1777744483593,79887162,C,1,Equisite Pauline Shirt IN STORE,Rider > Accessories & Apparel > Shirts,C-65036fbc3dc4e,Size: XL,Color: Midnight Blue,,,,Wellington Warehouse,90.00,90.00,90.00,150.00,0,0,,,
1,Cycle Counted,1777744483593,79625018,C,1,Equisite Pauline Shirt IN STORE,Rider > Accessories & Apparel > Shirts,C-6596d5ab08977,Size: L,Color: Jet Black,,,,Wellington Warehouse,90.00,90.00,90.00,150.00,0,0,,,
2,Cycle Counted,1777744483593,79133498,C,1,Equisite Pauline Shirt IN STORE,Rider > Accessories & Apparel > Shirts,C-6596d5ad5b88a,Size: XS,Color: Jet Black,,,,Wellington Warehouse,90.00,90.00,90.00,150.00,0,0,,,
1,Cycle Counted,1777744483593,79264570,C,1,Equisite Pauline Shirt IN STORE,Rider > Accessories & Apparel > Shirts,C-54312683733283,Size: XS,Color: Espresso,,,,Wellington Warehouse,90.00,90.00,90.00,150.00,0,0,,,
1,Cycle Counted,1777744483593,79199034,C,1,Equisite Pauline Shirt IN STORE,Rider > Accessories & Apparel > Shirts,C-65036fbecef46,Size: XS,Color: Cabernet,,,,Wellington Warehouse,90.00,90.00,90.00,150.00,0,0,,,
0,Cycle Counted,1777744483593,79395642,C,1,Equisite Pauline Shirt IN STORE,Rider > Accessories & Apparel > Shirts,C-65036fba8d747,Size: S,Color: Midnight Blue,,,,Wellington Warehouse,90.00,90.00,90.00,150.00,0,0,,,
1,Cycle Counted,1777744483593,79919930,C,1,Equisite Pauline Shirt IN STORE,Rider > Accessories & Apparel > Shirts,C-54312683864355,Size: XL,Color: Espresso,,,,Wellington Warehouse,90.00,90.00,90.00,150.00,0,0,,,
1,Cycle Counted,1777744483593,79821626,C,1,Equisite Pauline Shirt IN STORE,Rider > Accessories & Apparel > Shirts,C-65036fbd3ddf6,Size: XL,Color: White,,,,Wellington Warehouse,90.00,90.00,90.00,150.00,0,0,,,
1,Cycle Counted,1777744483593,79166266,C,1,Equisite Pauline Shirt IN STORE,Rider > Accessories & Apparel > Shirts,C-65036fbecef46,Size: XS,Color: White,,,,Wellington Warehouse,90.00,90.00,90.00,150.00,0,0,,,
1,Cycle Counted,1777744483593,79231802,C,1,Equisite Pauline Shirt IN STORE,Rider > Accessories & Apparel > Shirts,C-65036fbe02c2a,Size: XS,Color: Midnight Blue,,,,Wellington Warehouse,90.00,90.00,90.00,150.00,0,0,,,
1,Cycle Counted,1777744483593,79526714,C,1,Equisite Pauline Shirt IN STORE,Rider > Accessories & Apparel > Shirts,C-65036fbecef48,Size: M,Color: Cabernet,,,,Wellington Warehouse,90.00,90.00,90.00,150.00,0,0,,,
1,Cycle Counted,1777744483593,79756090,C,1,Equisite Pauline Shirt IN STORE,Rider > Accessories & Apparel > Shirts,C-54312683831587,Size: L,Color: Espresso,,,,Wellington Warehouse,90.00,90.00,90.00,150.00,0,0,,,
1,Cycle Counted,1777744483593,79297338,C,1,Equisite Pauline Shirt IN STORE,Rider > Accessories & Apparel > Shirts,C-6596d5ac39ca4,Size: S,Color: Jet Black,,,,Wellington Warehouse,90.00,90.00,90.00,150.00,0,0,,,
1,Cycle Counted,1777744483593,93461050,C,1,Equisite Genevieve Shirt IN STORE,Rider > Accessories & Apparel > Shirts,C-54560705708323,Size: XS,Color: White,,,,Wellington Warehouse,81.00,81.00,81.00,135.00,0,0,,,
1,Cycle Counted,1777744483593,93624890,C,1,Equisite Genevieve Shirt IN STORE,Rider > Accessories & Apparel > Shirts,C-6477f75f134aa-2,Size: S,Color: Midnight Blue,,,,Wellington Warehouse,81.00,81.00,81.00,135.00,0,0,,,
1,Cycle Counted,1777744483593,93723194,C,1,Equisite Genevieve Shirt IN STORE,Rider > Accessories & Apparel > Shirts,C-54560705773859,Size: M,Color: White,,,,Wellington Warehouse,81.00,81.00,81.00,135.00,0,0,,,
1,Cycle Counted,1777744483593,93952570,C,1,Equisite Genevieve Shirt IN STORE,Rider > Accessories & Apparel > Shirts,C-6477f75d3e112,Size: XL,Color: Jet Black,,,,Wellington Warehouse,81.00,81.00,81.00,135.00,0,0,,,
1,Cycle Counted,1777744483593,93592122,C,1,Equisite Genevieve Shirt IN STORE,Rider > Accessories & Apparel > Shirts,C-54560705741091,Size: S,Color: White,,,,Wellington Warehouse,81.00,81.00,81.00,135.00,0,0,,,
1,Cycle Counted,1777744483593,93428282,C,1,Equisite Genevieve Shirt IN STORE,Rider > Accessories & Apparel > Shirts,C-6477f75f134aa,Size: XS,Color: Jet Black,,,,Wellington Warehouse,81.00,81.00,81.00,135.00,0,0,,,
1,Cycle Counted,1777744483593,93985338,C,1,Equisite Genevieve Shirt IN STORE,Rider > Accessories & Apparel > Shirts,C-54560705839395,Size: XL,Color: White,,,,Wellington Warehouse,81.00,81.00,81.00,135.00,0,0,,,
1,Cycle Counted,1777744483593,93559354,C,1,Equisite Genevieve Shirt IN STORE,Rider > Accessories & Apparel > Shirts,C-6477f75b5e69a,Size: S,Color: Jet Black,,,,Wellington Warehouse,81.00,81.00,81.00,135.00,0,0,,,
1,Cycle Counted,1777744483593,93887034,C,1,Equisite Genevieve Shirt IN STORE,Rider > Accessories & Apparel > Shirts,C-6477f75f134aa-4,Size: L,Color: Midnight Blue,,,,Wellington Warehouse,81.00,81.00,81.00,135.00,0,0,,,
1,Cycle Counted,1777744483593,93755962,C,1,Equisite Genevieve Shirt IN STORE,Rider > Accessories & Apparel > Shirts,C-6477f75f134aa-3,Size: M,Color: Midnight Blue,,,,Wellington Warehouse,81.00,81.00,81.00,135.00,0,0,,,
1,Cycle Counted,1777744483593,94018106,C,1,Equisite Genevieve Shirt IN STORE,Rider > Accessories & Apparel > Shirts,C-6477f75f134aa-5,Size: XL,Color: Midnight Blue,,,,Wellington Warehouse,81.00,81.00,81.00,135.00,0,0,,,
1,Cycle Counted,1777744483593,93821498,C,1,Equisite Genevieve Shirt IN STORE,Rider > Accessories & Apparel > Shirts,C-6477f757abfeb,Size: L,Color: Jet Black,,,,Wellington Warehouse,81.00,81.00,81.00,135.00,0,0,,,
1,Cycle Counted,1777744483593,93854266,C,1,Equisite Genevieve Shirt IN STORE,Rider > Accessories & Apparel > Shirts,C-54560705806627,Size: L,Color: White,,,,Wellington Warehouse,81.00,81.00,81.00,135.00,0,0,,,
1,Cycle Counted,1777744483593,93690426,C,1,Equisite Genevieve Shirt IN STORE,Rider > Accessories & Apparel > Shirts,C-6477f7598eaa9,Size: M,Color: Jet Black,,,,Wellington Warehouse,81.00,81.00,81.00,135.00,0,0,,,
0,Cycle Counted,1777744483593,01751354,C,1,Equisite Alesia Shirt IN STORE,Rider > Accessories & Apparel > Shirts,CORRO-47757021413667,Size: M,Color: Bellini,,,,Wellington Warehouse,58.80,58.80,58.80,98.00,0,0,,,
1,Cycle Counted,1777744483593,99949114,C,1,Equisite Alesia Shirt IN STORE,Rider > Accessories & Apparel > Shirts,C-53617717707043,Size: XXS,Color: Jet Black,,,,Wellington Warehouse,58.80,58.80,58.80,98.00,0,0,,,
1,Cycle Counted,1777744483593,00244026,C,1,Equisite Alesia Shirt IN STORE,Rider > Accessories & Apparel > Shirts,C-53617717838115,Size: XXS,Color: Cabernet,,,,Wellington Warehouse,58.80,58.80,58.80,98.00,0,0,,,
0,Cycle Counted,1777744483593,02308410,C,1,Equisite Alesia Shirt IN STORE,Rider > Accessories & Apparel > Shirts,CORRO-6596d5c7e8c01,Size: L,Color: Tuscany,,,,Wellington Warehouse,58.80,58.80,58.80,98.00,0,0,,,
0,Cycle Counted,1777744483593,00801082,C,1,Equisite Alesia Shirt IN STORE,Rider > Accessories & Apparel > Shirts,CORRO-6596d5cd7cd3e,Size: XS,Color: Amalfi,,,,Wellington Warehouse,58.80,58.80,58.80,98.00,0,0,0.023809524,,
1,Cycle Counted,1777744483593,00112954,C,1,Equisite Alesia Shirt IN STORE,Rider > Accessories & Apparel > Shirts,C-53617717739811,Size: XXS,Color: Eucalyptus,,,,Wellington Warehouse,58.80,58.80,58.80,98.00,0,0,,,
1,Cycle Counted,1777744483593,00342330,C,1,Equisite Alesia Shirt IN STORE,Rider > Accessories & Apparel > Shirts,C-53617717903651,Size: XXS,Color: Tuscany,,,,Wellington Warehouse,58.80,58.80,58.80,98.00,0,0,,,
1,Cycle Counted,1777744483593,00866618,C,1,Equisite Alesia Shirt IN STORE,Rider > Accessories & Apparel > Shirts,C-6596d5ce0b756,Size: S,Color: Lilac,,,,Wellington Warehouse,58.80,58.80,58.80,98.00,0,0,,,
1,Cycle Counted,1777744483593,01456442,C,1,Equisite Alesia Shirt IN STORE,Rider > Accessories & Apparel > Shirts,C-47757021348131,Size: M,Color: Powder Blue,,,,Wellington Warehouse,58.80,58.80,58.80,98.00,0,0,,,
1,Cycle Counted,1777744483593,00571706,C,1,Equisite Alesia Shirt IN STORE,Rider > Accessories & Apparel > Shirts,C-54312679538979,Size: XS,Color: Forest,,,,Wellington Warehouse,58.80,58.80,58.80,98.00,0,0,,,
0,Cycle Counted,1777744483593,00833850,C,1,Equisite Alesia Shirt IN STORE,Rider > Accessories & Apparel > Shirts,CORRO-6596d5ce99303,Size: XS,Color: Tuscany,,,,Wellington Warehouse,58.80,58.80,58.80,98.00,0,0,,,
1,Cycle Counted,1777744483593,02046266,C,1,Equisite Alesia Shirt IN STORE,Rider > Accessories & Apparel > Shirts,C-54312679735587,Size: L,Color: Forest,,,,Wellington Warehouse,58.80,58.80,58.80,98.00,0,0,,,
2,Cycle Counted,1777744483593,00440634,C,1,Equisite Alesia Shirt IN STORE,Rider > Accessories & Apparel > Shirts,C-47110139576611,Size: XS,Color: Jet Black,,,,Wellington Warehouse,58.80,58.80,58.80,98.00,0,0,,,
0,Cycle Counted,1777744483593,01587514,C,1,Equisite Alesia Shirt IN STORE,Rider > Accessories & Apparel > Shirts,CORRO-51085713244451,Size: M,Color: Eucalyptus,,,,Wellington Warehouse,58.80,58.80,58.80,98.00,0,0,,,
1,Cycle Counted,1777744483593,02144570,C,1,Equisite Alesia Shirt IN STORE,Rider > Accessories & Apparel > Shirts,C-53322656809251,Size: L,Color: Agave,,,,Wellington Warehouse,58.80,58.80,58.80,98.00,0,0,,,
0,Cycle Counted,1777744483593,99654202,C,1,Equisite Alesia Shirt IN STORE,Rider > Accessories & Apparel > Shirts,CORRO-51085713375523,Size: XL,Color: Eucalyptus,,,,Wellington Warehouse,0.00,0.00,0.00,98.00,0,0,,,
1,Cycle Counted,1777744483593,99850810,C,1,Equisite Alesia Shirt IN STORE,Rider > Accessories & Apparel > Shirts,C-54312679833891,Size: XL,Color: Espresso,,,,Wellington Warehouse,0.00,0.00,0.00,98.00,0,0,,,
1,Cycle Counted,1777744483593,99916346,C,1,Equisite Alesia Shirt IN STORE,Rider > Accessories & Apparel > Shirts,C-53634206400803,Size: XXS,Color: Aubergine,,,,Wellington Warehouse,58.80,58.80,58.80,98.00,0,0,,,
0,Cycle Counted,1777744483593,01784122,C,1,Equisite Alesia Shirt IN STORE,Rider > Accessories & Apparel > Shirts,CORRO-6596d5c89d84f,Size: M,Color: Amalfi,,,,Wellington Warehouse,58.80,58.80,58.80,98.00,0,0,,,
0,Cycle Counted,1777744483593,00637242,C,1,Equisite Alesia Shirt IN STORE,Rider > Accessories & Apparel > Shirts,CORRO-49540107141411,Size: XS,Color: Midnight Blue,,,,Wellington Warehouse,58.80,58.80,58.80,98.00,0,0,0.05,,
1,Cycle Counted,1777744483593,00735546,C,1,Equisite Alesia Shirt IN STORE,Rider > Accessories & Apparel > Shirts,C-49540107108643,Size: XS,Color: Cabernet,,,,Wellington Warehouse,58.80,58.80,58.80,98.00,0,0,,,
0,Cycle Counted,1777744483593,00211258,C,1,Equisite Alesia Shirt IN STORE,Rider > Accessories & Apparel > Shirts,C-54312679506211,Size: XXS,Color: Espresso,,,,Wellington Warehouse,58.80,58.80,58.80,98.00,0,0,,,
0,Cycle Counted,1777744483593,00145722,C,1,Equisite Alesia Shirt IN STORE,Rider > Accessories & Apparel > Shirts,C-53617717674275,Size: XXS,Color: Midnight Blue,,,,Wellington Warehouse,58.80,58.80,58.80,98.00,0,0,,,
0,Cycle Counted,1777744483593,01161530,C,1,Equisite Alesia Shirt IN STORE,Rider > Accessories & Apparel > Shirts,C-53322656743715,Size: S,Color: Agave,,,,Wellington Warehouse,58.80,58.80,58.80,98.00,0,0,,,
2,Cycle Counted,1777744483593,99523130,C,1,Equisite Alesia Shirt IN STORE,Rider > Accessories & Apparel > Shirts,C-48651338318115,Size: XL,Color: White,,,,Wellington Warehouse,0.00,0.00,0.00,98.00,0,0,,,
0,Cycle Counted,1777744483593,01227066,C,1,Equisite Alesia Shirt IN STORE,Rider > Accessories & Apparel > Shirts,C-49540107174179,Size: S,Color: Cabernet,,,,Wellington Warehouse,58.80,58.80,58.80,98.00,0,0,,,
1,Cycle Counted,1777744483593,02177338,C,1,Equisite Alesia Shirt IN STORE,Rider > Accessories & Apparel > Shirts,C-54312679768355,Size: L,Color: Espresso,,,,Wellington Warehouse,58.80,58.80,58.80,98.00,0,0,,,
0,Cycle Counted,1777744483593,01849658,C,1,Equisite Alesia Shirt IN STORE,Rider > Accessories & Apparel > Shirts,CORRO-6596d5ce0b760,Size: L,Color: Lilac,,,,Wellington Warehouse,58.80,58.80,58.80,98.00,0,0,,,
0,Cycle Counted,1777744483593,01816890,C,1,Equisite Alesia Shirt IN STORE,Rider > Accessories & Apparel > Shirts,CORRO-6596d5c9a51f7,Size: M,Color: Tuscany,,,,Wellington Warehouse,58.80,58.80,58.80,98.00,0,0,,,
0,Cycle Counted,1777744483593,01554746,C,1,Equisite Alesia Shirt IN STORE,Rider > Accessories & Apparel > Shirts,C-54312679670051,Size: M,Color: Forest,,,,Wellington Warehouse,58.80,58.80,58.80,98.00,0,0,,,
1,Cycle Counted,1777744483593,00407866,C,1,Equisite Alesia Shirt IN STORE,Rider > Accessories & Apparel > Shirts,C-53634206433571,Size: XS,Color: Aubergine,,,,Wellington Warehouse,58.80,58.80,58.80,98.00,0,0,,,
1,Cycle Counted,1777744483593,00014650,C,1,Equisite Alesia Shirt IN STORE,Rider > Accessories & Apparel > Shirts,C-53617717805347,Size: XXS,Color: White,,,,Wellington Warehouse,58.80,58.80,58.80,98.00,0,0,,,
0,Cycle Counted,1777744483593,00473402,C,1,Equisite Alesia Shirt IN STORE,Rider > Accessories & Apparel > Shirts,CORRO-47757021217059,Size: XS,Color: Powder Blue,,,,Wellington Warehouse,58.80,58.80,58.80,98.00,0,0,0.024390243,,
0,Cycle Counted,1777744483593,02079034,C,1,Equisite Alesia Shirt IN STORE,Rider > Accessories & Apparel > Shirts,CORRO-51085713309987,Size: L,Color: Eucalyptus,,,,Wellington Warehouse,58.80,58.80,58.80,98.00,0,0,,,
0,Cycle Counted,1777744483593,01521978,C,1,Equisite Alesia Shirt IN STORE,Rider > Accessories & Apparel > Shirts,CORRO-51085713277219,Size: M,Color: Graphite Grey,,,,Wellington Warehouse,58.80,58.80,58.80,98.00,0,0,0.025,,
0,Cycle Counted,1777744483593,99785274,C,1,Equisite Alesia Shirt IN STORE,Rider > Accessories & Apparel > Shirts,CORRO-47110140035363,Size: XL,Color: Tuscany,,,,Wellington Warehouse,0.00,0.00,0.00,98.00,0,0,,,
0,Cycle Counted,1777744483593,01063226,C,1,Equisite Alesia Shirt IN STORE,Rider > Accessories & Apparel > Shirts,C-54312679604515,Size: S,Color: Forest,,,,Wellington Warehouse,58.80,58.80,58.80,98.00,0,0,,,
0,Cycle Counted,1777744483593,00604474,C,1,Equisite Alesia Shirt IN STORE,Rider > Accessories & Apparel > Shirts,CORRO-51085713113379,Size: XS,Color: Eucalyptus,,,,Wellington Warehouse,58.80,58.80,58.80,98.00,0,0,0.05,,
0,Cycle Counted,1777744483593,02013498,C,1,Equisite Alesia Shirt IN STORE,Rider > Accessories & Apparel > Shirts,CORRO-51085713342755,Size: L,Color: Graphite Grey,,,,Wellington Warehouse,58.80,58.80,58.80,98.00,0,0,0.029411765,,
1,Cycle Counted,1777744483593,99883578,C,1,Equisite Alesia Shirt IN STORE,Rider > Accessories & Apparel > Shirts,C-54312679801123,Size: XL,Color: Forest,,,,Wellington Warehouse,0.00,0.00,0.00,98.00,0,0,,,
1,Cycle Counted,1777744483593,01489210,C,1,Equisite Alesia Shirt IN STORE,Rider > Accessories & Apparel > Shirts,C-6596d5ce0b759,Size: M,Color: White,,,,Wellington Warehouse,58.80,58.80,58.80,98.00,0,0,,,
0,Cycle Counted,1777744483593,00670010,C,1,Equisite Alesia Shirt IN STORE,Rider > Accessories & Apparel > Shirts,C-53322656710947,Size: XS,Color: Agave,,,,Wellington Warehouse,58.80,58.80,58.80,98.00,0,0,,,
1,Cycle Counted,1777744483593,00047418,C,1,Equisite Alesia Shirt IN STORE,Rider > Accessories & Apparel > Shirts,C-53617717772579,Size: XXS,Color: Graphite Grey,,,,Wellington Warehouse,58.80,58.80,58.80,98.00,0,0,,,
1,Cycle Counted,1777744483593,00899386,C,1,Equisite Alesia Shirt IN STORE,Rider > Accessories & Apparel > Shirts,C-53634206466339,Size: S,Color: Aubergine,,,,Wellington Warehouse,58.80,58.80,58.80,98.00,0,0,,,
1,Cycle Counted,1777744483593,02373946,C,1,Equisite Alesia Shirt IN STORE,Rider > Accessories & Apparel > Shirts,C-53634206564643,Size: XL,Color: Aubergine,,,,Wellington Warehouse,58.80,58.80,58.80,98.00,0,0,,,
1,Cycle Counted,1777744483593,02242874,C,1,Equisite Alesia Shirt IN STORE,Rider > Accessories & Apparel > Shirts,C-47757021479203,Size: L,Color: Bellini,,,,Wellington Warehouse,58.80,58.80,58.80,98.00,0,0,,,
0,Cycle Counted,1777744483593,01620282,C,1,Equisite Alesia Shirt IN STORE,Rider > Accessories & Apparel > Shirts,CORRO-49540107305251,Size: M,Color: Midnight Blue,,,,Wellington Warehouse,58.80,58.80,58.80,98.00,0,0,0.030303031,,
0,Cycle Counted,1777744483593,99686970,C,1,Equisite Alesia Shirt IN STORE,Rider > Accessories & Apparel > Shirts,CORRO-51085713408291,Size: XL,Color: Graphite Grey,,,,Wellington Warehouse,0.00,0.00,0.00,98.00,0,0,,,
1,Cycle Counted,1777744483593,01718586,C,1,Equisite Alesia Shirt IN STORE,Rider > Accessories & Apparel > Shirts,C-49540107239715,Size: M,Color: Cabernet,,,,Wellington Warehouse,58.80,58.80,58.80,98.00,0,0,,,
1,Cycle Counted,1777744483593,01390906,C,1,Equisite Alesia Shirt IN STORE,Rider > Accessories & Apparel > Shirts,C-53634206499107,Size: M,Color: Aubergine,,,,Wellington Warehouse,58.80,58.80,58.80,98.00,0,0,,,
0,Cycle Counted,1777744483593,02439482,C,1,Equisite Alesia Shirt IN STORE,Rider > Accessories & Apparel > Shirts,CORRO-47757021511971,Size: XL,Color: Powder Blue,,,,Wellington Warehouse,58.80,58.80,58.80,98.00,0,0,,,
1,Cycle Counted,1777744483593,00768314,C,1,Equisite Alesia Shirt IN STORE,Rider > Accessories & Apparel > Shirts,C-47757021249827,Size: XS,Color: Bellini,,,,Wellington Warehouse,58.80,58.80,58.80,98.00,0,0,,,
1,Cycle Counted,1777744483593,01685818,C,1,Equisite Alesia Shirt IN STORE,Rider > Accessories & Apparel > Shirts,C-54312679702819,Size: M,Color: Espresso,,,,Wellington Warehouse,58.80,58.80,58.80,98.00,0,0,,,
1,Cycle Counted,1777744483593,01882426,C,1,Equisite Alesia Shirt IN STORE,Rider > Accessories & Apparel > Shirts,C-53634206531875,Size: L,Color: Aubergine,,,,Wellington Warehouse,58.80,58.80,58.80,98.00,0,0,,,
1,Cycle Counted,1777744483593,01980730,C,1,Equisite Alesia Shirt IN STORE,Rider > Accessories & Apparel > Shirts,C-6596d5ce0b761,Size: L,Color: White,,,,Wellington Warehouse,58.80,58.80,58.80,98.00,0,0,,,
1,Cycle Counted,1777744483593,00506170,C,1,Equisite Alesia Shirt IN STORE,Rider > Accessories & Apparel > Shirts,C-6596d5ce0b755,Size: XS,Color: White,,,,Wellington Warehouse,58.80,58.80,58.80,98.00,0,0,,,
1,Cycle Counted,1777744483593,00080186,C,1,Equisite Alesia Shirt IN STORE,Rider > Accessories & Apparel > Shirts,C-54312679473443,Size: XXS,Color: Forest,,,,Wellington Warehouse,58.80,58.80,58.80,98.00,0,0,,,
0,Cycle Counted,1777744483593,99981882,C,1,Equisite Alesia Shirt IN STORE,Rider > Accessories & Apparel > Shirts,C-53617717641507,Size: XXS,Color: Powder Blue,,,,Wellington Warehouse,58.80,58.80,58.80,98.00,0,0,,,
1,Cycle Counted,1777744483593,01259834,C,1,Equisite Alesia Shirt IN STORE,Rider > Accessories & Apparel > Shirts,C-47757021315363,Size: S,Color: Bellini,,,,Wellington Warehouse,58.80,58.80,58.80,98.00,0,0,,,
0,Cycle Counted,1777744483593,01947962,C,1,Equisite Alesia Shirt IN STORE,Rider > Accessories & Apparel > Shirts,CORRO-47757021446435,Size: L,Color: Powder Blue,,,,Wellington Warehouse,58.80,58.80,58.80,98.00,0,0,0.03125,,
1,Cycle Counted,1777744483593,00964922,C,1,Equisite Alesia Shirt IN STORE,Rider > Accessories & Apparel > Shirts,C-47757021282595,Size: S,Color: Powder Blue,,,,Wellington Warehouse,58.80,58.80,58.80,98.00,0,0,,,
1,Cycle Counted,1777744483593,01194298,C,1,Equisite Alesia Shirt IN STORE,Rider > Accessories & Apparel > Shirts,C-54312679637283,Size: S,Color: Espresso,,,,Wellington Warehouse,58.80,58.80,58.80,98.00,0,0,,,
1,Cycle Counted,1777744483593,99719738,C,1,Equisite Alesia Shirt IN STORE,Rider > Accessories & Apparel > Shirts,C-53322656842019,Size: XL,Color: Agave,,,,Wellington Warehouse,0.00,0.00,0.00,98.00,0,0,,,
0,Cycle Counted,1777744483593,01030458,C,1,Equisite Alesia Shirt IN STORE,Rider > Accessories & Apparel > Shirts,CORRO-51085713211683,Size: S,Color: Graphite Grey,,,,Wellington Warehouse,58.80,58.80,58.80,98.00,0,0,0.024390243,,
0,Cycle Counted,1777744483593,99621434,C,1,Equisite Alesia Shirt IN STORE,Rider > Accessories & Apparel > Shirts,CORRO-49540107436323,Size: XL,Color: Midnight Blue,,,,Wellington Warehouse,0.00,0.00,0.00,98.00,0,0,,,
1,Cycle Counted,1777744483593,02406714,C,1,Equisite Alesia Shirt IN STORE,Rider > Accessories & Apparel > Shirts,C-6596d5cc5e407,Size: XL,Color: Jet Black,,,,Wellington Warehouse,58.80,58.80,58.80,98.00,0,0,,,
0,Cycle Counted,1777744483593,02111802,C,1,Equisite Alesia Shirt IN STORE,Rider > Accessories & Apparel > Shirts,CORRO-49540107370787,Size: L,Color: Midnight Blue,,,,Wellington Warehouse,58.80,58.80,58.80,98.00,0,0,,,
0,Cycle Counted,1777744483593,99818042,C,1,Equisite Alesia Shirt IN STORE,Rider > Accessories & Apparel > Shirts,CORRO-47110140002595,Size: XL,Color: Amalfi,,,,Wellington Warehouse,0.00,0.00,0.00,98.00,0,0,,,
0,Cycle Counted,1777744483593,01095994,C,1,Equisite Alesia Shirt IN STORE,Rider > Accessories & Apparel > Shirts,CORRO-51085713178915,Size: S,Color: Eucalyptus,,,,Wellington Warehouse,58.80,58.80,58.80,98.00,0,0,,,
1,Cycle Counted,1777744483593,00309562,C,1,Equisite Alesia Shirt IN STORE,Rider > Accessories & Apparel > Shirts,C-53617717870883,Size: XXS,Color: Amalfi,,,,Wellington Warehouse,58.80,58.80,58.80,98.00,0,0,,,
0,Cycle Counted,1777744483593,01325370,C,1,Equisite Alesia Shirt IN STORE,Rider > Accessories & Apparel > Shirts,CORRO-6596d5cb440ff,Size: S,Color: Tuscany,,,,Wellington Warehouse,58.80,58.80,58.80,98.00,0,0,,,
1,Cycle Counted,1777744483593,99588666,C,1,Equisite Alesia Shirt IN STORE,Rider > Accessories & Apparel > Shirts,C-47757021544739,Size: XL,Color: Bellini,,,,Wellington Warehouse,0.00,0.00,0.00,98.00,0,0,,,
1,Cycle Counted,1777744483593,01653050,C,1,Equisite Alesia Shirt IN STORE,Rider > Accessories & Apparel > Shirts,C-53322656776483,Size: M,Color: Agave,,,,Wellington Warehouse,58.80,58.80,58.80,98.00,0,0,,,
0,Cycle Counted,1777744483593,01292602,C,1,Equisite Alesia Shirt IN STORE,Rider > Accessories & Apparel > Shirts,CORRO-6596d5ca300ea,Size: S,Color: Amalfi,,,,Wellington Warehouse,58.80,58.80,58.80,98.00,0,0,,,
0,Cycle Counted,1777744483593,99555898,C,1,Equisite Alesia Shirt IN STORE,Rider > Accessories & Apparel > Shirts,C-49540107403555,Size: XL,Color: Cabernet,,,,Wellington Warehouse,0.00,0.00,0.00,98.00,0,0,0.03125,,
1,Cycle Counted,1777744483593,02210106,C,1,Equisite Alesia Shirt IN STORE,Rider > Accessories & Apparel > Shirts,C-49540107338019,Size: L,Color: Cabernet,,,,Wellington Warehouse,58.80,58.80,58.80,98.00,0,0,,,
0,Cycle Counted,1777744483593,01128762,C,1,Equisite Alesia Shirt IN STORE,Rider > Accessories & Apparel > Shirts,CORRO-49540107206947,Size: S,Color: Midnight Blue,,,,Wellington Warehouse,58.80,58.80,58.80,98.00,0,0,0.012345679,,
1,Cycle Counted,1777744483593,00702778,C,1,Equisite Alesia Shirt IN STORE,Rider > Accessories & Apparel > Shirts,C-54312679571747,Size: XS,Color: Espresso,,,,Wellington Warehouse,58.80,58.80,58.80,98.00,0,0,,,
1,Cycle Counted,1777744483593,99752506,C,1,Equisite Alesia Shirt IN STORE,Rider > Accessories & Apparel > Shirts,C-53617717543203,Size: XXS,Color: Lilac,,,,Wellington Warehouse,58.80,58.80,58.80,98.00,0,0,,,
0,Cycle Counted,1777744483593,01358138,C,1,Equisite Alesia Shirt IN STORE,Rider > Accessories & Apparel > Shirts,CORRO-6596d5ce0b758,Size: M,Color: Lilac,,,,Wellington Warehouse,58.80,58.80,58.80,98.00,0,0,0.024390243,,
0,Cycle Counted,1777744483593,02341178,C,1,Equisite Alesia Shirt IN STORE,Rider > Accessories & Apparel > Shirts,CORRO-48651338285347,Size: XL,Color: Lilac,,,,Wellington Warehouse,0.00,0.00,0.00,98.00,0,0,,,
1,Cycle Counted,1777744483593,00178490,C,1,Equisite Alesia Shirt IN STORE,Rider > Accessories & Apparel > Shirts,C-53617717608739,Size: XXS,Color: Agave,,,,Wellington Warehouse,58.80,58.80,58.80,98.00,0,0,,,
0,Cycle Counted,1777744483593,02275642,C,1,Equisite Alesia Shirt IN STORE,Rider > Accessories & Apparel > Shirts,CORRO-6596d5c6d5952,Size: L,Color: Amalfi,,,,Wellington Warehouse,58.80,58.80,58.80,98.00,0,0,0.024390243,,
1,Cycle Counted,1777744483593,00997690,C,1,Equisite Alesia Shirt IN STORE,Rider > Accessories & Apparel > Shirts,C-6596d5ce0b757,Size: S,Color: White,,,,Wellington Warehouse,58.80,58.80,58.80,98.00,0,0,,,
0,Cycle Counted,1777744483593,00538938,C,1,Equisite Alesia Shirt IN STORE,Rider > Accessories & Apparel > Shirts,CORRO-51085713146147,Size: XS,Color: Graphite Grey,,,,Wellington Warehouse,58.80,58.80,58.80,98.00,0,0,0.05,,
1,Cycle Counted,1777744483593,00276794,C,1,Equisite Alesia Shirt IN STORE,Rider > Accessories & Apparel > Shirts,C-53617717575971,Size: XXS,Color: Bellini,,,,Wellington Warehouse,58.80,58.80,58.80,98.00,0,0,,,
1,Cycle Counted,1777744483593,00375098,C,1,Equisite Alesia Shirt IN STORE,Rider > Accessories & Apparel > Shirts,C-6596d5ce0b754,Size: XS,Color: Lilac,,,,Wellington Warehouse,58.80,58.80,58.80,98.00,0,0,,,
0,Cycle Counted,1777744483593,01423674,C,1,Equisite Alesia Shirt IN STORE,Rider > Accessories & Apparel > Shirts,C-6596d5c923cd8,Size: M,Color: Jet Black,,,,Wellington Warehouse,58.80,58.80,58.80,98.00,0,0,,,
1,Cycle Counted,1777744483593,14087994,C,1,Equisite Alesia Shirt IN STORE,Rider > Accessories & Apparel > Shirts,C-ALESIACMXS,Size: XS,Color: Cashmere,,,,Wellington Warehouse,58.80,58.80,58.80,98.00,0,0,,,
1,Cycle Counted,1777744483593,14317370,C,1,Equisite Alesia Shirt IN STORE,Rider > Accessories & Apparel > Shirts,C-ALESIAPYM,Size: M,Color: Peony,,,,Wellington Warehouse,58.80,58.80,58.80,98.00,0,0,,,
1,Cycle Counted,1777744483593,14251834,C,1,Equisite Alesia Shirt IN STORE,Rider > Accessories & Apparel > Shirts,C-ALESIASSM,Size: M,Color: Seastone,,,,Wellington Warehouse,58.80,58.80,58.80,98.00,0,0,,,
0,Cycle Counted,1777744483593,14219066,C,1,Equisite Alesia Shirt IN STORE,Rider > Accessories & Apparel > Shirts,C-ALESIAPYS,Size: S,Color: Peony,,,,Wellington Warehouse,58.80,58.80,58.80,98.00,0,0,,,
1,Cycle Counted,1777744483593,14415674,C,1,Equisite Alesia Shirt IN STORE,Rider > Accessories & Apparel > Shirts,C-ALESIAPYL,Size: L,Color: Peony,,,,Wellington Warehouse,58.80,58.80,58.80,98.00,0,0,,,
1,Cycle Counted,1777744483593,13956922,C,1,Equisite Alesia Shirt IN STORE,Rider > Accessories & Apparel > Shirts,C-ALESIASSXXS,Size: XXS,Color: Seastone,,,,Wellington Warehouse,58.80,58.80,58.80,98.00,0,0,,,
1,Cycle Counted,1777744483593,14350138,C,1,Equisite Alesia Shirt IN STORE,Rider > Accessories & Apparel > Shirts,C-ALESIASSL,Size: L,Color: Seastone,,,,Wellington Warehouse,58.80,58.80,58.80,98.00,0,0,,,
1,Cycle Counted,1777744483593,13989690,C,1,Equisite Alesia Shirt IN STORE,Rider > Accessories & Apparel > Shirts,C-ALESIACMXXS,Size: XXS,Color: Cashmere,,,,Wellington Warehouse,58.80,58.80,58.80,98.00,0,0,,,
1,Cycle Counted,1777744483593,14022458,C,1,Equisite Alesia Shirt IN STORE,Rider > Accessories & Apparel > Shirts,C-ALESIAPYXXS,Size: XXS,Color: Peony,,,,Wellington Warehouse,58.80,58.80,58.80,98.00,0,0,,,
1,Cycle Counted,1777744483593,14153530,C,1,Equisite Alesia Shirt IN STORE,Rider > Accessories & Apparel > Shirts,C-ALESIASSS,Size: S,Color: Seastone,,,,Wellington Warehouse,58.80,58.80,58.80,98.00,0,0,,,
1,Cycle Counted,1777744483593,14055226,C,1,Equisite Alesia Shirt IN STORE,Rider > Accessories & Apparel > Shirts,C-ALESIASSXS,Size: XS,Color: Seastone,,,,Wellington Warehouse,58.80,58.80,58.80,98.00,0,0,,,
1,Cycle Counted,1777744483593,25392954,C,1,Equisite Alesia Shirt IN STORE,Rider > Accessories & Apparel > Shirts,C-ALESIADVS,Size: S,Color: Dove,,,,Wellington Warehouse,58.80,58.80,58.80,98.00,0,0,,,
1,Cycle Counted,1777744483593,25458490,C,1,Equisite Alesia Shirt IN STORE,Rider > Accessories & Apparel > Shirts,C-ALESIADVL,Size: L,Color: Dove,,,,Wellington Warehouse,58.80,58.80,58.80,98.00,0,0,,,
1,Cycle Counted,1777744483593,25425722,C,1,Equisite Alesia Shirt IN STORE,Rider > Accessories & Apparel > Shirts,C-ALESIADVM,Size: M,Color: Dove,,,,Wellington Warehouse,58.80,58.80,58.80,98.00,0,0,,,
1,Cycle Counted,1777744483593,25327418,C,1,Equisite Alesia Shirt IN STORE,Rider > Accessories & Apparel > Shirts,C-ALESIADVXXS,Size: XXS,Color: Dove,,,,Wellington Warehouse,58.80,58.80,58.80,98.00,0,0,,,
1,Cycle Counted,1777744483593,25360186,C,1,Equisite Alesia Shirt IN STORE,Rider > Accessories & Apparel > Shirts,C-ALESIADVXS,Size: XS,Color: Dove,,,,Wellington Warehouse,58.80,58.80,58.80,98.00,0,0,,,
1,Cycle Counted,1777744483593,14448442,C,1,Equisite Alesia Shirt IN STORE,Rider > Accessories & Apparel > Shirts,EquisiteAlesiaShirtInStore-XL-Seastone,Size: XL,Color: Seastone,,,,Wellington Warehouse,,,,98.00,0,0,,,
1,Cycle Counted,1777744483593,14481210,C,1,Equisite Alesia Shirt IN STORE,Rider > Accessories & Apparel > Shirts,EquisiteAlesiaShirtInStore-XL-Cashmere,Size: XL,Color: Cashmere,,,,Wellington Warehouse,,,,98.00,0,0,,,
1,Cycle Counted,1777744483593,14513978,C,1,Equisite Alesia Shirt IN STORE,Rider > Accessories & Apparel > Shirts,EquisiteAlesiaShirtInStore-XL-Peony,Size: XL,Color: Peony,,,,Wellington Warehouse,,,,98.00,0,0,,,
1,Cycle Counted,1777744483593,25491258,C,1,Equisite Alesia Shirt IN STORE,Rider > Accessories & Apparel > Shirts,EquisiteAlesiaShirtInStore-XL-Dove,Size: XL,Color: Dove,,,,Wellington Warehouse,,,,98.00,0,0,,,
4,ROW 4 : LVL 1,1774281147461,784299540507,Supplements 2,1,Select the Best Legacy Pellets Advanced Joint Supplement,Horse Care > Supplements > Joint Health,011-540507,Size: 5 Pounds (40 Day Supply),,,,,Wellington Warehouse,31.55,31.55,31.55,39.99,0,0,,,
4,ROW 2 : LVL 1,1767888349951,681744201306,Supplements 1,1,Adeptus Allay Buffering Digestion and Calming Supplement,Horse Care > Supplements > Digestive & Gut Health,20130,Size: 20 Pounds,,,,,Wellington Warehouse,61.62,67.68,70.71,86.00,0,0,,,
0,Other,1777650559284,7350171874652,C,1,Yagya Leather Buckle Belt,Rider > Accessories & Apparel > Belts,1000000001462,Color: Black,Size: M/L,,,,Wellington Warehouse,90.00,90.00,90.00,190.00,0,0,,,
0,Right,1774885231987,7350144777232,Clothes,1,Yagya Leather Buckle Belt,Rider > Accessories & Apparel > Belts,1000000000718,Color: Brown,Size: M/L,,,,Wellington Warehouse,90.00,90.00,90.00,190.00,0,0,,,
0,Shirts,1777650559287,7350171871644,C,1,Yagya Lightweight Long Sleeve,Rider > Accessories & Apparel > Shirts,1000000001181,Size: XS,Color: Camel,,,,Wellington Warehouse,55.00,55.00,55.00,160.00,0,0,,,
0,Shirts,1777650559287,7350171874843,C,1,Yagya Lightweight Long Sleeve,Rider > Accessories & Apparel > Shirts,1000000001481,Size: Large,Color: Fog,,,,Wellington Warehouse,55.00,55.00,55.00,160.00,0,0,,,
0,Shirts,1777650559287,7350171871651,C,1,Yagya Lightweight Long Sleeve,Rider > Accessories & Apparel > Shirts,1000000001182,Size: Small,Color: Camel,,,,Wellington Warehouse,55.00,55.00,55.00,160.00,0,0,,,
0,Shirts,1777650559287,7350171871675,C,1,Yagya Lightweight Long Sleeve,Rider > Accessories & Apparel > Shirts,1000000001184,Size: Large,Color: Camel,,,,Wellington Warehouse,55.00,55.00,55.00,160.00,0,0,,,
0,Shirts,1777650559287,7350171874829,C,1,Yagya Lightweight Long Sleeve,Rider > Accessories & Apparel > Shirts,1000000001479,Size: Small,Color: Fog,,,,Wellington Warehouse,55.00,55.00,55.00,160.00,0,0,0.025641026,,
0,Shirts,1777650559287,7350171874836,C,1,Yagya Lightweight Long Sleeve,Rider > Accessories & Apparel > Shirts,1000000001480,Size: Medium,Color: Fog,,,,Wellington Warehouse,55.00,55.00,55.00,160.00,0,0,,,
0,Shirts,1777650559287,7350171871668,C,1,Yagya Lightweight Long Sleeve,Rider > Accessories & Apparel > Shirts,1000000001183,Size: Medium,Color: Camel,,,,Wellington Warehouse,55.00,55.00,55.00,160.00,0,0,0.025641026,,
0,Shirts,1777650559287,7350171874812,C,1,Yagya Lightweight Long Sleeve,Rider > Accessories & Apparel > Shirts,1000000001478,Size: XS,Color: Fog,,,,Wellington Warehouse,55.00,55.00,55.00,160.00,0,0,0.04,,
0,Shirts,1777650559287,7350171874355,C,1,Yagya Timeless Short Sleeve Show Shirt,Rider > Accessories & Apparel > Shirts,1000000001437,Size: Large,Color: White/White,,,,Wellington Warehouse,90.00,90.00,90.00,180.00,0,0,,,
0,Shirts,1777650559287,7350171874331,C,1,Yagya Timeless Short Sleeve Show Shirt,Rider > Accessories & Apparel > Shirts,1000000001435,Size: Small,Color: White/White,,,,Wellington Warehouse,90.00,90.00,90.00,180.00,0,0,,,
0,Shirts,1777650559287,7350171874324,C,1,Yagya Timeless Short Sleeve Show Shirt,Rider > Accessories & Apparel > Shirts,1000000001434,Size: XS,Color: White/White,,,,Wellington Warehouse,90.00,90.00,90.00,180.00,0,0,0.023809524,,
0,Shirts,1777650559287,7350171874348,C,1,Yagya Timeless Short Sleeve Show Shirt,Rider > Accessories & Apparel > Shirts,1000000001436,Size: Medium,Color: White/White,,,,Wellington Warehouse,90.00,90.00,90.00,180.00,0,0,,,
0,Shirts,1777650559287,7350171873457,C,1,Yagya AirTech Half Zip,Rider > Accessories & Apparel > Shirts,1000000001347,Color: White/White,Size: XS,,,,Wellington Warehouse,65.00,65.00,65.00,140.00,0,0,,,
0,Cycle Counted,1777744483593,7350171873464,C,1,Yagya AirTech Half Zip,Rider > Accessories & Apparel > Shirts,1000000001348,Color: White/White,Size: Small,,,,Wellington Warehouse,65.00,65.00,65.00,140.00,0,0,,,
0,Cycle Counted,1777744483593,7350171873471,C,1,Yagya AirTech Half Zip,Rider > Accessories & Apparel > Shirts,1000000001349,Color: White/White,Size: Medium,,,,Wellington Warehouse,65.00,65.00,65.00,140.00,0,0,0.023809524,,
0,Cycle Counted,1777744483593,7350171873488,C,1,Yagya AirTech Half Zip,Rider > Accessories & Apparel > Shirts,1000000001350,Color: White/White,Size: Large,,,,Wellington Warehouse,65.00,65.00,65.00,140.00,0,0,0.028571429,,
0,Shirts,1777650559287,7350171873389,C,1,Yagya AirTech Half Zip,Rider > Accessories & Apparel > Shirts,1000000001340,Color: Black/Black,Size: XS,,,,Wellington Warehouse,65.00,65.00,65.00,140.00,0,0,,,
0,Cycle Counted,1777744483593,7350171873396,C,1,Yagya AirTech Half Zip,Rider > Accessories & Apparel > Shirts,1000000001341,Color: Black/Black,Size: Small,,,,Wellington Warehouse,65.00,65.00,65.00,140.00,0,0,,,
0,Cycle Counted,1777744483593,7350171873402,C,1,Yagya AirTech Half Zip,Rider > Accessories & Apparel > Shirts,1000000001342,Color: Black/Black,Size: Medium,,,,Wellington Warehouse,65.00,65.00,65.00,140.00,0,0,0.029411765,,
0,Cycle Counted,1777744483593,7350171873419,C,1,Yagya AirTech Half Zip,Rider > Accessories & Apparel > Shirts,1000000001343,Color: Black/Black,Size: Large,,,,Wellington Warehouse,65.00,65.00,65.00,140.00,0,0,,,
14,Grid wall,1770916055031,,Girths,1,Equestrian Wellness Mineral Sun Stick,Rider > Accessories & Apparel > Accessories,MSS,Size: .35 ounces,,,,,Wellington Warehouse,9.00,9.00,9.00,18.00,0,0,0.06,,
10,BIN-04,1774887638160,802025385137,Cavali 2,4,Equestrian Bamboo Socks,Rider > Accessories & Apparel > Socks,MCV09365,Color: Ivory,,,,,Wellington Warehouse,2.70,2.70,2.70,6.00,0,0,0.03448276,,
0,BIN-04,1774887638160,7350171874638,Cavali 2,4,Yagya Signature Riding Sock,Rider > Accessories & Apparel > Socks,1000000001460,Size: One size,Color: Black,,,,Wellington Warehouse,22.00,22.00,22.00,45.00,0,0,0.028571429,,
0,Other,1777650559284,7350171873297,C,1,Yagya Signature Belt,Rider > Accessories & Apparel > Belts,1000000001331,Size: XS/S,Color: Black/Gold,,,,Wellington Warehouse,120.00,120.00,120.00,260.00,0,0,,,
0,Other,1777650559284,7350171873310,C,1,Yagya Signature Belt,Rider > Accessories & Apparel > Belts,1000000001333,Size: XS/S,Color: Brown/Silver,,,,Wellington Warehouse,120.00,120.00,120.00,260.00,0,0,,,
0,Other,1777650559284,7350171873303,C,1,Yagya Signature Belt,Rider > Accessories & Apparel > Belts,1000000001332,Size: M/L,Color: Black/Gold,,,,Wellington Warehouse,120.00,120.00,120.00,260.00,0,0,,,
0,Other,1777650559284,7350171873327,C,1,Yagya Signature Belt,Rider > Accessories & Apparel > Belts,1000000001334,Size: M/L,Color: Brown/Silver,,,,Wellington Warehouse,120.00,120.00,120.00,260.00,0,0,,,
0,Cycle Counted,1777744483593,7350171874188,C,1,Yagya Half Zip Short Sleeve,Rider > Accessories & Apparel > Shirts,1000000001420,Color: Navy,Size: XS,,,,Wellington Warehouse,85.00,85.00,85.00,180.00,0,0,,,
0,Cycle Counted,1777744483593,7350171874195,C,1,Yagya Half Zip Short Sleeve,Rider > Accessories & Apparel > Shirts,1000000001421,Color: Navy,Size: S,,,,Wellington Warehouse,85.00,85.00,85.00,180.00,0,0,,,
0,BIN-04,1774887638160,7350171874621,Cavali 2,4,Yagya Riding Sock,Rider > Accessories & Apparel > Socks,1000000001459,Color: Navy,Size: One Size,,,,Wellington Warehouse,22.00,22.00,22.00,45.00,0,0,,,
2,Other,1777650559284,7350171874591,C,1,Yagya Stockholm Cap,Rider > Accessories & Apparel > Hats,1000000001456,Size: One Size,Color: Grey,,,,Wellington Warehouse,56.00,56.00,56.00,60.00,0,0,,,
0,Shirts,1777650559287,7350171874041,C,1,Yagya Half Zip Long Sleeve,Rider > Accessories & Apparel > Shirts,1000000001406,Color: Navy,Size: XS,,,,Wellington Warehouse,95.00,95.00,95.00,200.00,0,0,,,
0,Cycle Counted,1777744483593,7350171874058,C,1,Yagya Half Zip Long Sleeve,Rider > Accessories & Apparel > Shirts,1000000001407,Color: Navy,Size: S,,,,Wellington Warehouse,95.00,95.00,95.00,200.00,0,0,,,
0,Cycle Counted,1777744483593,7350171874065,C,1,Yagya Half Zip Long Sleeve,Rider > Accessories & Apparel > Shirts,1000000001408,Color: Navy,Size: M,,,,Wellington Warehouse,95.00,95.00,95.00,200.00,0,0,,,
6,ROW 1 : LVL 3,1774281650389,086621346376,Hoof/Treats,3,Reducine Absorbent for Horses,Horse Care > First Aid & Wellness > Wound Care & Topicals,100510714,Title: Default Title,,,,,Wellington Warehouse,17.32,17.32,17.32,22.95,0,0,,,
0,Cycle Counted,1777744483593,7350171874201,C,1,Yagya Half Zip Short Sleeve,Rider > Accessories & Apparel > Shirts,1000000001422,Color: Navy,Size: M,,,,Wellington Warehouse,85.00,85.00,85.00,180.00,0,0,,,
0,ROW 5 : LVL 2,1774281573048,"42701114, 42701114",Grooming/Cavali,2,Show the Bows - Kentucky Blues Bows,Rider > Accessories & Apparel > Accessories,PFBOW25,Title: Default Title,,,,,Wellington Warehouse,48.75,48.75,48.75,69.99,0,0,,,
5,BIN-01,1775240024369,"42701114, 42701114",Cavali 4,1,Show the Bows - Kentucky Blues Bows,Rider > Accessories & Apparel > Accessories,PFBOW25,Title: Default Title,,,,,Wellington Warehouse,48.75,48.75,48.75,69.99,0,0,,,
0,Shirts,1777650559287,,C,1,Solid Citizen Jessica Seersucker Equestrian Button-Down Shirt,Rider > Accessories & Apparel > Shirts,SolidCitizenJessicaSeersuckerEquestrianButtonDownShirt-Ivory-XS,Color: Ivory,Size: XS,,,,Wellington Warehouse,0.00,0.00,0.00,145.00,0,0,0.03125,,
0,Shirts,1777650559287,,C,1,Solid Citizen Jessica Seersucker Equestrian Button-Down Shirt,Rider > Accessories & Apparel > Shirts,SolidCitizenJessicaSeersuckerEquestrianButtonDownShirt-Ivory-S,Color: Ivory,Size: S,,,,Wellington Warehouse,0.00,0.00,0.00,145.00,0,0,,,
0,Shirts,1777650559287,,C,1,Solid Citizen Jessica Seersucker Equestrian Button-Down Shirt,Rider > Accessories & Apparel > Shirts,SolidCitizenJessicaSeersuckerEquestrianButtonDownShirt-Ivory-M,Color: Ivory,Size: M,,,,Wellington Warehouse,0.00,0.00,0.00,145.00,0,0,0.020833334,,
0,Shirts,1777650559287,,C,1,Solid Citizen Jessica Seersucker Equestrian Button-Down Shirt,Rider > Accessories & Apparel > Shirts,SolidCitizenJessicaSeersuckerEquestrianButtonDownShirt-Ivory-L,Color: Ivory,Size: L,,,,Wellington Warehouse,0.00,0.00,0.00,145.00,0,0,,,
4,ROW 3 : LVL 1,1774281545036,691037928209,Grooming,1,EnviroEquine Enriched Shampoo IN STORE,"Horse Care > Grooming & Bathing > Shampoos, Conditioners, & Sprays > Shampoos",C-EEENSH032OZ,Size: 32 Ounces,,,,,Wellington Warehouse,22.75,22.75,22.75,34.95,0,0,0.025641026,,
4,ROW 3 : LVL 1,1774281545036,691037927967,Grooming,1,EnviroEquine Show Ring Ready Shampoo IN STORE,"Horse Care > Grooming & Bathing > Shampoos, Conditioners, & Sprays > Shampoos",C-691037928002,Size: 32 Ounces,,,,,Wellington Warehouse,22.72,22.72,22.72,34.95,0,0,0.04761905,,
1,Breeches,1777650559285,62150714,C,1,TKEQ Sculpt Breeches,Rider > Accessories & Apparel > Breeches,sculptBREECH-cairo-24,Color: Cairo,Size: 24,,,,Wellington Warehouse,95.00,95.00,95.00,199.00,0,0,,,
2,Breeches,1777650559285,62183482,C,1,TKEQ Sculpt Breeches,Rider > Accessories & Apparel > Breeches,sculptBREECH-cairo-26,Color: Cairo,Size: 26,,,,Wellington Warehouse,95.00,95.00,95.00,199.00,0,0,,,
2,Breeches,1777650559285,62216250,C,1,TKEQ Sculpt Breeches,Rider > Accessories & Apparel > Breeches,sculptBREECH-cairo-28,Color: Cairo,Size: 28,,,,Wellington Warehouse,95.00,95.00,95.00,199.00,0,0,,,
1,Breeches,1777650559285,62249018,C,1,TKEQ Sculpt Breeches,Rider > Accessories & Apparel > Breeches,sculptBREECH-cairo-30,Color: Cairo,Size: 30,,,,Wellington Warehouse,95.00,95.00,95.00,199.00,0,0,,,
0,Breeches,1777650559285,62281786,C,1,TKEQ Sculpt Breeches,Rider > Accessories & Apparel > Breeches,sculptBREECH-cairo-32,Color: Cairo,Size: 32,,,,Wellington Warehouse,95.00,95.00,95.00,199.00,0,0,,,
0,Shirts,1777650559287,70703162,C,1,TKEQ Kennedy Seamless 2.0 Long Sleeve,Rider > Accessories & Apparel > Shirts,Ken-2.0-LS-L/XL-candy,Size: XS/S,Color: Iced Out,,,,Wellington Warehouse,41.00,41.00,41.00,85.00,0,0,,,
0,Shirts,1777650559287,70735930,C,1,TKEQ Kennedy Seamless 2.0 Long Sleeve,Rider > Accessories & Apparel > Shirts,Ken-2.0-LS-XSS-candy,Size: XS/S,Color: Candy,,,,Wellington Warehouse,41.00,41.00,41.00,85.00,0,0,0.025641026,,
1,Shirts,1777650559287,70768698,C,1,TKEQ Kennedy Seamless 2.0 Long Sleeve,Rider > Accessories & Apparel > Shirts,Ken-2.0-LS-SM-ice,Size: S/M,Color: Iced Out,,,,Wellington Warehouse,41.00,41.00,41.00,85.00,0,0,,,
1,Shirts,1777650559287,70801466,C,1,TKEQ Kennedy Seamless 2.0 Long Sleeve,Rider > Accessories & Apparel > Shirts,Ken-2.0-LS-SM-candy,Size: S/M,Color: Candy,,,,Wellington Warehouse,41.00,41.00,41.00,85.00,0,0,,,
0,Shirts,1777650559287,70834234,C,1,TKEQ Kennedy Seamless 2.0 Long Sleeve,Rider > Accessories & Apparel > Shirts,Ken-2.0-LS-ML-ice,Size: M/L,Color: Iced Out,,,,Wellington Warehouse,41.00,41.00,41.00,85.00,0,0,0.020408163,,
1,Shirts,1777650559287,70867002,C,1,TKEQ Kennedy Seamless 2.0 Long Sleeve,Rider > Accessories & Apparel > Shirts,Ken-2.0-LS-ML-candy,Size: M/L,Color: Candy,,,,Wellington Warehouse,41.00,41.00,41.00,85.00,0,0,,,
1,Shirts,1777650559287,70899770,C,1,TKEQ Kennedy Seamless 2.0 Long Sleeve,Rider > Accessories & Apparel > Shirts,Ken-2.0-LS-L/XL-ice,Size: L/XL,Color: Iced Out,,,,Wellington Warehouse,41.00,41.00,41.00,85.00,0,0,,,
1,Shirts,1777650559287,70932538,C,1,TKEQ Kennedy Seamless 2.0 Long Sleeve,Rider > Accessories & Apparel > Shirts,Ken-2.0-LS-L/XL-candy,Size: L/XL,Color: Candy,,,,Wellington Warehouse,41.00,41.00,41.00,85.00,0,0,,,
8,ROW 3 : LVL 2,1774281614627,025784300603,Grooming/Tack Cleaner,2,Fiebing's 100% Pure Neatsfoot Oil,Tack & Equipment > Leather Care,088-30060,Size: 32 Ounces,,,,,Wellington Warehouse,13.44,13.44,13.44,24.19,0,0,,,
7,ROW 2 : LVL 2,1767888398018,,Supplements 1,2,Poseidon Stress Paste,Horse Care > Supplements > Calming & Focus,POS-STRESS-ST,Size: Single Tube,,,,,Wellington Warehouse,16.63,16.63,16.63,26.00,0,0,,,
0,ROW 2 : LVL 2,1767888398018,,Supplements 1,2,Poseidon Stress Paste,Horse Care > Supplements > Calming & Focus,POS-STRESS-4PK,Size: 4-Pack,,,,,Wellington Warehouse,66.52,66.52,66.52,99.99,0,0,0.025,,
0,ROW 2 : LVL 2,1767888398018,,Supplements 1,2,Poseidon Digestive HP,Horse Care > Supplements > Digestive & Gut Health,POS-DIGESTHP-10,Size: 10 Pound,,,,,Wellington Warehouse,93.10,93.10,93.10,133.00,0,0,0.025,,
3,ROW 2 : LVL 2,1767888398018,,Supplements 1,2,Poseidon MetaboLize,Horse Care > Supplements > Metabolic,PoseidonMetabolize-180g,Size: 180g,,,,,Wellington Warehouse,98.00,98.00,98.00,140.00,0,0,,,
0,Cycle Counted,1777744483593,,C,1,Eloveá Quito Waterproof Leather Stable Boots by Jake Adams Equestrian,Rider > Footwear > Boots,PB-QUITO-35,Size: 35,,,,,Wellington Warehouse,158.95,158.95,158.95,289.00,0,0,,Wed Apr 15 2026 17:08:27 GMT+0000 (Coordinated Universal Time),JAE00001
0,Cycle Counted,1777744483593,,C,1,Eloveá Quito Waterproof Leather Stable Boots by Jake Adams Equestrian,Rider > Footwear > Boots,PB-QUITO-36,Size: 36,,,,,Wellington Warehouse,158.95,158.95,158.95,289.00,0,0,,Wed Apr 15 2026 17:08:27 GMT+0000 (Coordinated Universal Time),JAE00001
0,Cycle Counted,1777744483593,,C,1,Eloveá Quito Waterproof Leather Stable Boots by Jake Adams Equestrian,Rider > Footwear > Boots,PB-QUITO-37,Size: 37,,,,,Wellington Warehouse,158.95,158.95,158.95,289.00,0,0,,Wed Apr 15 2026 17:08:27 GMT+0000 (Coordinated Universal Time),JAE00001
0,Cycle Counted,1777744483593,,C,1,Eloveá Quito Waterproof Leather Stable Boots by Jake Adams Equestrian,Rider > Footwear > Boots,PB-QUITO-38,Size: 38,,,,,Wellington Warehouse,158.95,158.95,158.95,289.00,0,0,,Wed Apr 15 2026 17:08:27 GMT+0000 (Coordinated Universal Time),JAE00001
0,Cycle Counted,1777744483593,,C,1,Eloveá Quito Waterproof Leather Stable Boots by Jake Adams Equestrian,Rider > Footwear > Boots,PB-QUITO-39,Size: 39,,,,,Wellington Warehouse,158.95,158.95,158.95,289.00,0,0,0.025,Wed Apr 15 2026 17:08:27 GMT+0000 (Coordinated Universal Time),JAE00001
0,Cycle Counted,1777744483593,,C,1,Eloveá Quito Waterproof Leather Stable Boots by Jake Adams Equestrian,Rider > Footwear > Boots,PB-QUITO-40,Size: 40,,,,,Wellington Warehouse,158.95,158.95,158.95,289.00,0,0,0.02631579,Wed Apr 15 2026 17:08:27 GMT+0000 (Coordinated Universal Time),JAE00001
0,Cycle Counted,1777744483593,,C,1,Eloveá Quito Waterproof Leather Stable Boots by Jake Adams Equestrian,Rider > Footwear > Boots,PB-QUITO-41,Size: 41,,,,,Wellington Warehouse,158.95,158.95,158.95,289.00,0,0,0.025641026,Wed Apr 15 2026 17:08:27 GMT+0000 (Coordinated Universal Time),JAE00001
0,Cycle Counted,1777744483593,,C,1,Eloveá Quito Waterproof Leather Stable Boots by Jake Adams Equestrian,Rider > Footwear > Boots,PB-QUITO-44,Size: 44,,,,,Wellington Warehouse,158.95,158.95,158.95,289.00,0,0,,Wed Apr 15 2026 17:08:27 GMT+0000 (Coordinated Universal Time),JAE00001
0,Cycle Counted,1777744483593,,C,1,Eloveá Quito Waterproof Leather Stable Boots by Jake Adams Equestrian,Rider > Footwear > Boots,PB-QUITO-45,Size: 45,,,,,Wellington Warehouse,158.95,158.95,158.95,289.00,0,0,,Wed Apr 15 2026 17:08:27 GMT+0000 (Coordinated Universal Time),JAE00001
10,BIN-05,1768232470960,"9355776324821, 9355776324821",Shelf 1,5,WeatherBeeta Comfitec Fine Mesh Fly Mask,Horse Wear > Fly & Insect Control > Fly Masks,1029731005,Size: Small,Color: Grey,,,,Wellington Warehouse,10.35,10.35,10.35,18.39,0,5,,,
13,BIN-05,1768232470960,9355776324838,Shelf 1,5,WeatherBeeta Comfitec Fine Mesh Fly Mask,Horse Wear > Fly & Insect Control > Fly Masks,1029731006,Size: Medium,Color: Grey,,,,Wellington Warehouse,10.35,10.35,10.35,18.39,0,7,,,
11,BIN-05,1768232470960,9355776324845,Shelf 1,5,WeatherBeeta Comfitec Fine Mesh Fly Mask,Horse Wear > Fly & Insect Control > Fly Masks,1029731007,Size: Large,Color: Grey,,,,Wellington Warehouse,10.35,10.35,10.35,18.39,0,7,,,
9,BIN-05,1768232470960,9355776324852,Shelf 1,5,WeatherBeeta Comfitec Fine Mesh Fly Mask,Horse Wear > Fly & Insect Control > Fly Masks,1029731008,Size: Extra Large,Color: Grey,,,,Wellington Warehouse,10.35,10.35,10.35,18.39,0,5,,,
0,BIN-02,1768845069690,9355776451473,Shelf 15,2,Weatherbeeta ComfiTec Hexi Shield Fly Wraps,Horse Wear > Fly & Insect Control > Fly Boots,1027309003,Color: Grey/Silver,Size: Small,,,,Wellington Warehouse,26.25,26.25,26.25,47.99,0,5,0.013333334,,
0,BIN-02,1768845069690,9355776451480,Shelf 15,2,Weatherbeeta ComfiTec Hexi Shield Fly Wraps,Horse Wear > Fly & Insect Control > Fly Boots,1027309004,Color: Grey/Silver,Size: X Large,,,,Wellington Warehouse,26.25,26.25,26.25,47.99,0,5,0.03448276,,
1,BIN-01,1776354991786,688499335577,Grooming Small,1,Tough-1 Great Grip Mane & Tail Brush,Horse Care > Grooming & Bathing > Brushes & Tools > Brushes & Combs,68-907-11-0,Color: Pink,,,,,Wellington Warehouse,3.69,3.69,3.69,6.99,0,0,0.022727273,,
28,BIN-05,1776354991790,757475997723,Grooming Small,5,Tiger's Tongue Scrubby Bath Cloth,"Horse Care > Grooming & Bathing > Brushes & Tools > Grooming Gloves, Curry Combs & Deshedding Tools",1095,Title: Default Title,,,,,Wellington Warehouse,4.00,4.00,4.00,8.50,0,0,0.027777778,,
3,BIN-02,1776354991787,757475467899,Grooming Small,2,Epona Nature's Sweat Scraper,Horse Care > Grooming & Bathing > Brushes & Tools > Sweat Scrapers,1099,Title: Default Title,,,,,Wellington Warehouse,4.76,4.76,4.76,9.97,0,0,0.046875,,
8,BIN-02,1776354991787,5407008892562,Grooming Small,2,Grooming Deluxe Mane Brush,Horse Care > Grooming & Bathing > Brushes & Tools > Brushes & Combs,82141-05,Title: Default Title,,,,,Wellington Warehouse,10.41,10.41,10.41,49.99,0,0,,,
4,BIN 1,1776787262019,635901212414,Bits 1,1,Toklat Full Cheek Slow Twist Snaffle,Tack & Equipment > Bits > English Bits,88-15265,"Size: 5""",,,,,Wellington Warehouse,25.95,25.95,25.95,51.95,0,0,,,
4,BIN 1,1776787262019,635901134686,Bits 1,1,Toklat Full Cheek Slow Twist Snaffle,Tack & Equipment > Bits > English Bits,88-15267,"Size: 5 1/2""",,,,,Wellington Warehouse,25.95,25.95,25.95,51.95,0,0,,,
3,BIN 1,1776787262019,635901214418,Bits 1,1,Toklat Hunter Dee Waterford,Tack & Equipment > Bits > English Bits,88-55297,"Size: 5 1/2""",,,,,Wellington Warehouse,29.95,29.95,29.95,59.95,0,0,,,
3,BIN 1,1776787262019,635901214395,Bits 1,1,Toklat Hunter Dee Waterford,Tack & Equipment > Bits > English Bits,88-55295,"Size: 5""",,,,,Wellington Warehouse,29.95,29.95,29.95,59.95,0,0,,,
0,Shirts,1777650559287,7350144777850,C,1,Yagya Lightweight Long Sleeve,Rider > Accessories & Apparel > Shirts,1000000000780,Size: Small,Color: Black,,,,Wellington Warehouse,55.00,55.00,55.00,160.00,0,0,,,
62,ROW 2 : LVL 1,1774281650391,66474042,Hoof/Treats,1,Snaks 5th Avenchew Cavali Club Horse Cookies,,PF25COOKIES,Title: Default Title,,,,,Wellington Warehouse,20.00,20.00,20.00,29.99,0,0,,,
0,Breeches,1777650559285,7350171872443,C,1,Yagya Timeless Riding Breeches,Rider > Accessories & Apparel > Breeches,1000000001260,Color: Tan,Size: M,,,,Wellington Warehouse,195.00,195.00,195.00,390.00,0,0,0.055555556,,
0,Breeches,1777650559285,7350171872450,C,1,Yagya Timeless Riding Breeches,Rider > Accessories & Apparel > Breeches,1000000001261,Color: Tan,Size: L,,,,Wellington Warehouse,195.00,195.00,195.00,390.00,0,0,,,
0,Breeches,1777650559285,7350171872436,C,1,Yagya Timeless Riding Breeches,Rider > Accessories & Apparel > Breeches,1000000001259,Color: Tan,Size: S,,,,Wellington Warehouse,195.00,195.00,195.00,390.00,0,0,0.028571429,,
0,Breeches,1777650559285,7350171872429,C,1,Yagya Timeless Riding Breeches,Rider > Accessories & Apparel > Breeches,1000000001258,Color: Tan,Size: XS,,,,Wellington Warehouse,195.00,195.00,195.00,390.00,0,0,0.012048192,,
14,LVL 1,1770059667422,084369187268,Buckets,1,DuraFlex 8 Quart Plastic Round Bucket,Stable > Stable Supplies > Feed & Water Buckets,P8WHITE6,Color: White,,,,,Wellington Warehouse,4.17,4.17,4.17,6.99,0,0,0.018867925,,
2,LVL 1,1770059667422,,Buckets,1,DuraFlex 8 Quart Plastic Round Bucket,Stable > Stable Supplies > Feed & Water Buckets,P8NAVY6,Color: Navy,,,,,Wellington Warehouse,4.17,4.17,4.17,6.99,0,0,0.012820513,,
1,BIN-05,1768845014313,5404022034237,Shelf 13,5,Dy'on 5/8 Rubber Reins - D Collection,"Tack & Equipment > Bridles, Headstalls & Reins > English Bridles & Reins > Reins",DY05BBLP,Size: Pony,Color: Black,,,,Wellington Warehouse,72.66,72.66,72.66,234.99,0,0,,,
9,BIN-04,1773766441666,649982084020,Shelf 16,4,Horseware Ireland Field Safe Halter,Tack & Equipment > Halters & Leads > Halters > Nylon & Rope Halters,DHHF40-BOOO-PY,Size: Pony,Color: Navy,,,,Wellington Warehouse,20.00,20.00,20.00,39.95,0,0,,,
0,Right,1774885231987,7350171873549,Clothes,1,Yagya AirTech Full Zip,Rider > Accessories & Apparel > Shirts,1000000001356,Color: Black/Black,Size: Medium,,,,Wellington Warehouse,65.00,65.00,65.00,150.00,0,0,,,
0,Right,1774885231987,7350171873556,Clothes,1,Yagya AirTech Full Zip,Rider > Accessories & Apparel > Shirts,1000000001357,Color: Black/Black,Size: Large,,,,Wellington Warehouse,65.00,65.00,65.00,150.00,0,0,,,
0,Right,1774885231987,7350171873525,Clothes,1,Yagya AirTech Full Zip,Rider > Accessories & Apparel > Shirts,1000000001354,Color: Black/Black,Size: XS,,,,Wellington Warehouse,65.00,65.00,65.00,150.00,0,0,,,
0,Right,1774885231987,7350171873532,Clothes,1,Yagya AirTech Full Zip,Rider > Accessories & Apparel > Shirts,1000000001355,Color: Black/Black,Size: Small,,,,Wellington Warehouse,65.00,65.00,65.00,150.00,0,0,,,
0,Breeches,1777650559285,7350171870203,C,1,Yagya Timeless Riding Breeches,Rider > Accessories & Apparel > Breeches,1000000001037,Color: White,Size: XS,,,,Wellington Warehouse,195.00,195.00,195.00,390.00,0,0,0.012345679,,
0,Breeches,1777650559285,7350171870210,C,1,Yagya Timeless Riding Breeches,Rider > Accessories & Apparel > Breeches,1000000001038,Color: White,Size: S,,,,Wellington Warehouse,195.00,195.00,195.00,390.00,0,0,0.012987013,,
0,Shirts,1777650559287,7350171870364,C,1,Yagya Timeless Mesh Show Shirt,Rider > Accessories & Apparel > Shirts,1000000001053,Size: Medium,Color: White/White,,,,Wellington Warehouse,80.00,80.00,80.00,230.00,0,0,0.027777778,,
0,Shirts,1777650559287,7350171870371,C,1,Yagya Timeless Mesh Show Shirt,Rider > Accessories & Apparel > Shirts,1000000001054,Size: Large,Color: White/White,,,,Wellington Warehouse,80.00,80.00,80.00,230.00,0,0,,,
0,Shirts,1777650559287,7350171870340,C,1,Yagya Timeless Mesh Show Shirt,Rider > Accessories & Apparel > Shirts,1000000001051,Size: XS,Color: White/White,,,,Wellington Warehouse,80.00,80.00,80.00,230.00,0,0,,,
0,Shirts,1777650559287,7350171870357,C,1,Yagya Timeless Mesh Show Shirt,Rider > Accessories & Apparel > Shirts,1000000001052,Size: Small,Color: White/White,,,,Wellington Warehouse,80.00,80.00,80.00,230.00,0,0,,,
0,Shirts,1777650559287,7350171873082,C,1,Yagya Timeless Mesh Show Shirt,Rider > Accessories & Apparel > Shirts,1000000001310,Size: Medium,Color: Black,,,,Wellington Warehouse,80.00,80.00,80.00,230.00,0,0,0.012048192,,
0,Shirts,1777650559287,7350171873099,C,1,Yagya Timeless Mesh Show Shirt,Rider > Accessories & Apparel > Shirts,1000000001311,Size: Large,Color: Black,,,,Wellington Warehouse,80.00,80.00,80.00,230.00,0,0,,,
0,Shirts,1777650559287,7350171873068,C,1,Yagya Timeless Mesh Show Shirt,Rider > Accessories & Apparel > Shirts,1000000001308,Size: XS,Color: Black,,,,Wellington Warehouse,80.00,80.00,80.00,230.00,0,0,0.03846154,,
0,Shirts,1777650559287,7350171873075,C,1,Yagya Timeless Mesh Show Shirt,Rider > Accessories & Apparel > Shirts,1000000001309,Size: Small,Color: Black,,,,Wellington Warehouse,80.00,80.00,80.00,230.00,0,0,,,
1,Breeches,1777650559285,"5063240156772, 5063240156772",C,1,LeMieux Brilliance Knee Grip Breeches,Rider > Accessories & Apparel > Breeches,IT08826016,Color: White,Size: 12,,,,Wellington Warehouse,75.68,75.68,75.68,149.95,0,0,,Thu May 28 2026 13:52:35 GMT+0000 (Coordinated Universal Time),LEM00001
1,Breeches,1777650559285,"5063240030188, 5063240030188",C,1,LeMieux Brilliance Knee Grip Breeches,Rider > Accessories & Apparel > Breeches,IT09156014,Color: Espresso,Size: 8,,,,Wellington Warehouse,75.68,75.68,75.68,149.95,0,0,,Thu May 28 2026 13:52:35 GMT+0000 (Coordinated Universal Time),LEM00001
1,Breeches,1777650559285,"5063240030225, 5063240030225",C,1,LeMieux Brilliance Knee Grip Breeches,Rider > Accessories & Apparel > Breeches,IT09156018,Color: Espresso,Size: 4,,,,Wellington Warehouse,75.68,75.68,75.68,149.95,0,0,,Thu May 28 2026 13:52:35 GMT+0000 (Coordinated Universal Time),LEM00001
1,Breeches,1777650559285,"5063240156734, 5063240156734",C,1,LeMieux Brilliance Knee Grip Breeches,Rider > Accessories & Apparel > Breeches,IT08825015,Color: Navy,Size: 10,,,,Wellington Warehouse,75.68,75.68,75.68,149.95,0,0,,Thu May 28 2026 13:52:35 GMT+0000 (Coordinated Universal Time),LEM00001
1,Breeches,1777650559285,"5063240156789, 5063240156789",C,1,LeMieux Brilliance Knee Grip Breeches,Rider > Accessories & Apparel > Breeches,IT08826017,Color: White,Size: 2,,,,Wellington Warehouse,75.68,75.68,75.68,149.95,0,0,0.04,Thu May 28 2026 13:52:35 GMT+0000 (Coordinated Universal Time),LEM00001
1,Breeches,1777650559285,"5063240156765, 5063240156765",C,1,LeMieux Brilliance Knee Grip Breeches,Rider > Accessories & Apparel > Breeches,IT08826015,Color: White,Size: 10,,,,Wellington Warehouse,75.68,75.68,75.68,149.95,0,0,,Thu May 28 2026 13:52:35 GMT+0000 (Coordinated Universal Time),LEM00001
1,Breeches,1777650559285,"5063240165484, 5063240165484",C,1,LeMieux Brilliance Knee Grip Breeches,Rider > Accessories & Apparel > Breeches,IT08825014,Color: Navy,Size: 8,,,,Wellington Warehouse,75.68,75.68,75.68,149.95,0,0,,Thu May 28 2026 13:52:35 GMT+0000 (Coordinated Universal Time),LEM00001
0,Breeches,1777650559285,"5063240029335, 5063240029335",C,1,LeMieux Brilliance Knee Grip Breeches,Rider > Accessories & Apparel > Breeches,IT09156013,Color: Espresso,Size: 6,,,,Wellington Warehouse,75.68,75.68,75.68,149.95,0,0,0.040816326,Thu May 28 2026 13:52:35 GMT+0000 (Coordinated Universal Time),LEM00001
0,Breeches,1777650559285,"5063240165491, 5063240165491",C,1,LeMieux Brilliance Knee Grip Breeches,Rider > Accessories & Apparel > Breeches,IT08825013,Color: Navy,Size: 6,,,,Wellington Warehouse,75.68,75.68,75.68,149.95,0,0,0.012048192,Thu May 28 2026 13:52:35 GMT+0000 (Coordinated Universal Time),LEM00001
1,Breeches,1777650559285,"5063240030195, 5063240030195",C,1,LeMieux Brilliance Knee Grip Breeches,Rider > Accessories & Apparel > Breeches,IT09156015,Color: Espresso,Size: 10,,,,Wellington Warehouse,75.68,75.68,75.68,149.95,0,0,,Thu May 28 2026 13:52:35 GMT+0000 (Coordinated Universal Time),LEM00001
1,Breeches,1777650559285,"5063240165453, 5063240165453",C,1,LeMieux Brilliance Knee Grip Breeches,Rider > Accessories & Apparel > Breeches,IT08825018,Color: Navy,Size: 4,,,,Wellington Warehouse,75.68,75.68,75.68,149.95,0,0,,Thu May 28 2026 13:52:35 GMT+0000 (Coordinated Universal Time),LEM00001
1,Breeches,1777650559285,"5063240156796, 5063240156796",C,1,LeMieux Brilliance Knee Grip Breeches,Rider > Accessories & Apparel > Breeches,IT08826018,Color: White,Size: 4,,,,Wellington Warehouse,75.68,75.68,75.68,149.95,0,0,,Thu May 28 2026 13:52:35 GMT+0000 (Coordinated Universal Time),LEM00001
0,Breeches,1777650559285,"5063240156758, 5063240156758",C,1,LeMieux Brilliance Knee Grip Breeches,Rider > Accessories & Apparel > Breeches,IT08826014,Color: White,Size: 8,,,,Wellington Warehouse,75.68,75.68,75.68,149.95,0,0,0.04,Thu May 28 2026 13:52:35 GMT+0000 (Coordinated Universal Time),LEM00001
1,Breeches,1777650559285,"5063240165477, 5063240165477",C,1,LeMieux Brilliance Knee Grip Breeches,Rider > Accessories & Apparel > Breeches,IT08825016,Color: Navy,Size: 12,,,,Wellington Warehouse,75.68,75.68,75.68,149.95,0,0,,Thu May 28 2026 13:52:35 GMT+0000 (Coordinated Universal Time),LEM00001
1,Breeches,1777650559285,"5063240030201, 5063240030201",C,1,LeMieux Brilliance Knee Grip Breeches,Rider > Accessories & Apparel > Breeches,IT09156016,Color: Espresso,Size: 12,,,,Wellington Warehouse,75.68,75.68,75.68,149.95,0,0,,Thu May 28 2026 13:52:35 GMT+0000 (Coordinated Universal Time),LEM00001
1,Breeches,1777650559285,"5063240030218, 5063240030218",C,1,LeMieux Brilliance Knee Grip Breeches,Rider > Accessories & Apparel > Breeches,IT09156017,Color: Espresso,Size: 2,,,,Wellington Warehouse,75.68,75.68,75.68,149.95,0,0,,Thu May 28 2026 13:52:35 GMT+0000 (Coordinated Universal Time),LEM00001
1,Breeches,1777650559285,"5063240156741, 5063240156741",C,1,LeMieux Brilliance Knee Grip Breeches,Rider > Accessories & Apparel > Breeches,IT08826013,Color: White,Size: 6,,,,Wellington Warehouse,75.68,75.68,75.68,149.95,0,0,,Thu May 28 2026 13:52:35 GMT+0000 (Coordinated Universal Time),LEM00001
1,Breeches,1777650559285,"5063240165460, 5063240165460",C,1,LeMieux Brilliance Knee Grip Breeches,Rider > Accessories & Apparel > Breeches,IT08825017,Color: Navy,Size: 2,,,,Wellington Warehouse,75.68,75.68,75.68,149.95,0,0,,Thu May 28 2026 13:52:35 GMT+0000 (Coordinated Universal Time),LEM00001
1,Breeches,1777650559285,"5063240156703, 5063240156703",C,1,LeMieux Brilliance Knee Grip Breeches,Rider > Accessories & Apparel > Breeches,IT08824017,Color: Black,Size: 2,,,,Wellington Warehouse,75.68,75.68,75.68,149.95,0,0,,Thu May 28 2026 13:52:35 GMT+0000 (Coordinated Universal Time),LEM00001
1,Breeches,1777650559285,"5063240156697, 5063240156697",C,1,LeMieux Brilliance Knee Grip Breeches,Rider > Accessories & Apparel > Breeches,IT08824016,Color: Black,Size: 12,,,,Wellington Warehouse,75.68,75.68,75.68,149.95,0,0,,Thu May 28 2026 13:52:35 GMT+0000 (Coordinated Universal Time),LEM00001
0,Breeches,1777650559285,"5063240156666, 5063240156666",C,1,LeMieux Brilliance Knee Grip Breeches,Rider > Accessories & Apparel > Breeches,IT08824013,Color: Black,Size: 6,,,,Wellington Warehouse,75.68,75.68,75.68,149.95,0,0,0.035714287,Thu May 28 2026 13:52:35 GMT+0000 (Coordinated Universal Time),LEM00001
1,Breeches,1777650559285,"5063240156673, 5063240156673",C,1,LeMieux Brilliance Knee Grip Breeches,Rider > Accessories & Apparel > Breeches,IT08824014,Color: Black,Size: 8,,,,Wellington Warehouse,75.68,75.68,75.68,149.95,0,0,,Thu May 28 2026 13:52:35 GMT+0000 (Coordinated Universal Time),LEM00001
1,Breeches,1777650559285,"5063240156710, 5063240156710",C,1,LeMieux Brilliance Knee Grip Breeches,Rider > Accessories & Apparel > Breeches,IT08824018,Color: Black,Size: 4,,,,Wellington Warehouse,75.68,75.68,75.68,149.95,0,0,,Thu May 28 2026 13:52:35 GMT+0000 (Coordinated Universal Time),LEM00001
1,Breeches,1777650559285,"5063240156680, 5063240156680",C,1,LeMieux Brilliance Knee Grip Breeches,Rider > Accessories & Apparel > Breeches,IT08824015,Color: Black,Size: 10,,,,Wellington Warehouse,75.68,75.68,75.68,149.95,0,0,,Thu May 28 2026 13:52:35 GMT+0000 (Coordinated Universal Time),LEM00001
0,Breeches,1777650559285,"5063240156567, 5063240156567",C,1,LeMieux Brilliance Full Seat Breeches,Rider > Accessories & Apparel > Breeches,IT08821018,Color: Black,Size: 4,,,,Wellington Warehouse,75.68,75.68,75.68,149.95,0,0,0.018181818,Thu May 28 2026 13:18:55 GMT+0000 (Coordinated Universal Time),LEM00001
1,Breeches,1777650559285,"5063240156635, 5063240156635",C,1,LeMieux Brilliance Full Seat Breeches,Rider > Accessories & Apparel > Breeches,IT08822018,Color: Navy,Size: 4,,,,Wellington Warehouse,75.68,75.68,75.68,149.95,0,0,,Thu May 28 2026 13:18:55 GMT+0000 (Coordinated Universal Time),LEM00001
1,Breeches,1777650559285,"5063240030270, 5063240030270",C,1,LeMieux Brilliance Full Seat Breeches,Rider > Accessories & Apparel > Breeches,IT09157016,Color: Espresso,Size: 12,,,,Wellington Warehouse,75.68,75.68,75.68,149.95,0,0,,Thu May 28 2026 13:18:55 GMT+0000 (Coordinated Universal Time),LEM00001
1,Breeches,1777650559285,"5063240156581, 5063240156581",C,1,LeMieux Brilliance Full Seat Breeches,Rider > Accessories & Apparel > Breeches,IT08822013,Color: Navy,Size: 6,,,,Wellington Warehouse,75.68,75.68,75.68,149.95,0,0,,Thu May 28 2026 13:18:55 GMT+0000 (Coordinated Universal Time),LEM00001
1,Breeches,1777650559285,"5063240030249, 5063240030249",C,1,LeMieux Brilliance Full Seat Breeches,Rider > Accessories & Apparel > Breeches,IT09157013,Color: Espresso,Size: 6,,,,Wellington Warehouse,75.68,75.68,75.68,149.95,0,0,,Thu May 28 2026 13:18:55 GMT+0000 (Coordinated Universal Time),LEM00001
1,Breeches,1777650559285,"5063240156628, 5063240156628",C,1,LeMieux Brilliance Full Seat Breeches,Rider > Accessories & Apparel > Breeches,IT08822017,Color: Navy,Size: 2,,,,Wellington Warehouse,75.68,75.68,75.68,149.95,0,0,,Thu May 28 2026 13:18:55 GMT+0000 (Coordinated Universal Time),LEM00001
1,Breeches,1777650559285,"5063240156550, 5063240156550",C,1,LeMieux Brilliance Full Seat Breeches,Rider > Accessories & Apparel > Breeches,IT08821017,Color: Black,Size: 2,,,,Wellington Warehouse,75.68,75.68,75.68,149.95,0,0,,Thu May 28 2026 13:18:55 GMT+0000 (Coordinated Universal Time),LEM00001
1,Breeches,1777650559285,"5063240156529, 5063240156529",C,1,LeMieux Brilliance Full Seat Breeches,Rider > Accessories & Apparel > Breeches,IT08821014,Color: Black,Size: 8,,,,Wellington Warehouse,75.68,75.68,75.68,149.95,0,0,,Thu May 28 2026 13:18:55 GMT+0000 (Coordinated Universal Time),LEM00001
0,Breeches,1777650559285,"5063240165545, 5063240165545",C,1,LeMieux Brilliance Full Seat Breeches,Rider > Accessories & Apparel > Breeches,IT08823018,Color: White,Size: 4,,,,Wellington Warehouse,75.68,75.68,75.68,149.95,0,0,0.021276595,Thu May 28 2026 13:18:55 GMT+0000 (Coordinated Universal Time),LEM00001
1,Breeches,1777650559285,"5063240165514, 5063240165514",C,1,LeMieux Brilliance Full Seat Breeches,Rider > Accessories & Apparel > Breeches,IT08823015,Color: White,Size: 10,,,,Wellington Warehouse,75.68,75.68,75.68,149.95,0,0,,Thu May 28 2026 13:18:55 GMT+0000 (Coordinated Universal Time),LEM00001
1,Breeches,1777650559285,"5063240156598, 5063240156598",C,1,LeMieux Brilliance Full Seat Breeches,Rider > Accessories & Apparel > Breeches,IT08822014,Color: Navy,Size: 8,,,,Wellington Warehouse,75.68,75.68,75.68,149.95,0,0,,Thu May 28 2026 13:18:55 GMT+0000 (Coordinated Universal Time),LEM00001
1,Breeches,1777650559285,"5063240156512, 5063240156512",C,1,LeMieux Brilliance Full Seat Breeches,Rider > Accessories & Apparel > Breeches,IT08821013,Color: Black,Size: 6,,,,Wellington Warehouse,75.68,75.68,75.68,149.95,0,0,,Thu May 28 2026 13:18:55 GMT+0000 (Coordinated Universal Time),LEM00001
1,Breeches,1777650559285,"5063240030294, 5063240030294",C,1,LeMieux Brilliance Full Seat Breeches,Rider > Accessories & Apparel > Breeches,IT09157018,Color: Espresso,Size: 4,,,,Wellington Warehouse,75.68,75.68,75.68,149.95,0,0,,Thu May 28 2026 13:18:55 GMT+0000 (Coordinated Universal Time),LEM00001
0,Breeches,1777650559285,"5063240030263, 5063240030263",C,1,LeMieux Brilliance Full Seat Breeches,Rider > Accessories & Apparel > Breeches,IT09157015,Color: Espresso,Size: 10,,,,Wellington Warehouse,75.68,75.68,75.68,149.95,0,0,0.25,Thu May 28 2026 13:18:55 GMT+0000 (Coordinated Universal Time),LEM00001
1,Breeches,1777650559285,"5063240156536, 5063240156536",C,1,LeMieux Brilliance Full Seat Breeches,Rider > Accessories & Apparel > Breeches,IT08821015,Color: Black,Size: 10,,,,Wellington Warehouse,75.68,75.68,75.68,149.95,0,0,,Thu May 28 2026 13:18:55 GMT+0000 (Coordinated Universal Time),LEM00001
1,Breeches,1777650559285,"5063240156604, 5063240156604",C,1,LeMieux Brilliance Full Seat Breeches,Rider > Accessories & Apparel > Breeches,IT08822015,Color: Navy,Size: 10,,,,Wellington Warehouse,75.68,75.68,75.68,149.95,0,0,,Thu May 28 2026 13:18:55 GMT+0000 (Coordinated Universal Time),LEM00001
1,Breeches,1777650559285,"5063240156659, 5063240156659",C,1,LeMieux Brilliance Full Seat Breeches,Rider > Accessories & Apparel > Breeches,IT08823013,Color: White,Size: 6,,,,Wellington Warehouse,75.68,75.68,75.68,149.95,0,0,,Thu May 28 2026 13:18:55 GMT+0000 (Coordinated Universal Time),LEM00001
1,Breeches,1777650559285,"5063240030287, 5063240030287",C,1,LeMieux Brilliance Full Seat Breeches,Rider > Accessories & Apparel > Breeches,IT09157017,Color: Espresso,Size: 2,,,,Wellington Warehouse,75.68,75.68,75.68,149.95,0,0,,Thu May 28 2026 13:18:55 GMT+0000 (Coordinated Universal Time),LEM00001
1,Breeches,1777650559285,"5063240030256, 5063240030256",C,1,LeMieux Brilliance Full Seat Breeches,Rider > Accessories & Apparel > Breeches,IT09157014,Color: Espresso,Size: 8,,,,Wellington Warehouse,75.68,75.68,75.68,149.95,0,0,,Thu May 28 2026 13:18:55 GMT+0000 (Coordinated Universal Time),LEM00001
1,Breeches,1777650559285,"5063240165538, 5063240165538",C,1,LeMieux Brilliance Full Seat Breeches,Rider > Accessories & Apparel > Breeches,IT08823017,Color: White,Size: 2,,,,Wellington Warehouse,75.68,75.68,75.68,149.95,0,0,,Thu May 28 2026 13:18:55 GMT+0000 (Coordinated Universal Time),LEM00001
1,Breeches,1777650559285,"5063240165521, 5063240165521",C,1,LeMieux Brilliance Full Seat Breeches,Rider > Accessories & Apparel > Breeches,IT08823016,Color: White,Size: 12,,,,Wellington Warehouse,75.68,75.68,75.68,149.95,0,0,,Thu May 28 2026 13:18:55 GMT+0000 (Coordinated Universal Time),LEM00001
1,Breeches,1777650559285,"5063240156543, 5063240156543",C,1,LeMieux Brilliance Full Seat Breeches,Rider > Accessories & Apparel > Breeches,IT08821016,Color: Black,Size: 12,,,,Wellington Warehouse,75.68,75.68,75.68,149.95,0,0,,Thu May 28 2026 13:18:55 GMT+0000 (Coordinated Universal Time),LEM00001
1,Breeches,1777650559285,"5063240165507, 5063240165507",C,1,LeMieux Brilliance Full Seat Breeches,Rider > Accessories & Apparel > Breeches,IT08823014,Color: White,Size: 8,,,,Wellington Warehouse,75.68,75.68,75.68,149.95,0,0,,Thu May 28 2026 13:18:55 GMT+0000 (Coordinated Universal Time),LEM00001
1,Breeches,1777650559285,"5063240156611, 5063240156611",C,1,LeMieux Brilliance Full Seat Breeches,Rider > Accessories & Apparel > Breeches,IT08822016,Color: Navy,Size: 12,,,,Wellington Warehouse,75.68,75.68,75.68,149.95,0,0,,Thu May 28 2026 13:18:55 GMT+0000 (Coordinated Universal Time),LEM00001
1,Shirts,1777650559287,"5063240157083, 5063240157083",C,1,LeMieux Brilliance Heyden Lightweight Base Layer,Rider > Accessories & Apparel > Shirts,IT08832017,Size: 2,Color: Black,,,,Wellington Warehouse,52.02,52.02,52.02,99.95,0,0,,Thu May 28 2026 15:31:21 GMT+0000 (Coordinated Universal Time),LEM00001
1,Shirts,1777650559287,"5063240157144, 5063240157144",C,1,LeMieux Brilliance Heyden Lightweight Base Layer,Rider > Accessories & Apparel > Shirts,IT08833016,Size: 12,Color: Espresso,,,,Wellington Warehouse,52.02,52.02,52.02,99.95,0,0,,Thu May 28 2026 15:31:21 GMT+0000 (Coordinated Universal Time),LEM00001
1,Shirts,1777650559287,"5063240157120, 5063240157120",C,1,LeMieux Brilliance Heyden Lightweight Base Layer,Rider > Accessories & Apparel > Shirts,IT08833014,Size: 8,Color: Espresso,,,,Wellington Warehouse,52.02,52.02,52.02,99.95,0,0,,Thu May 28 2026 15:31:21 GMT+0000 (Coordinated Universal Time),LEM00001
1,Shirts,1777650559287,"5063240157205, 5063240157205",C,1,LeMieux Brilliance Heyden Lightweight Base Layer,Rider > Accessories & Apparel > Shirts,IT08834015,Size: 10,Color: Navy,,,,Wellington Warehouse,52.02,52.02,52.02,99.95,0,0,,Thu May 28 2026 15:31:21 GMT+0000 (Coordinated Universal Time),LEM00001
1,Shirts,1777650559287,"5063240157069, 5063240157069",C,1,LeMieux Brilliance Heyden Lightweight Base Layer,Rider > Accessories & Apparel > Shirts,IT08832015,Size: 10,Color: Black,,,,Wellington Warehouse,52.02,52.02,52.02,99.95,0,0,,Thu May 28 2026 15:31:21 GMT+0000 (Coordinated Universal Time),LEM00001
1,Shirts,1777650559287,"5063240157045, 5063240157045",C,1,LeMieux Brilliance Heyden Lightweight Base Layer,Rider > Accessories & Apparel > Shirts,IT08832013,Size: 6,Color: Black,,,,Wellington Warehouse,52.02,52.02,52.02,99.95,0,0,,Thu May 28 2026 15:31:21 GMT+0000 (Coordinated Universal Time),LEM00001
1,Shirts,1777650559287,"5063240157236, 5063240157236",C,1,LeMieux Brilliance Heyden Lightweight Base Layer,Rider > Accessories & Apparel > Shirts,IT08834018,Size: 4,Color: Navy,,,,Wellington Warehouse,52.02,52.02,52.02,99.95,0,0,,Thu May 28 2026 15:31:21 GMT+0000 (Coordinated Universal Time),LEM00001
1,Shirts,1777650559287,"5063240157076, 5063240157076",C,1,LeMieux Brilliance Heyden Lightweight Base Layer,Rider > Accessories & Apparel > Shirts,IT08832016,Size: 12,Color: Black,,,,Wellington Warehouse,52.02,52.02,52.02,99.95,0,0,,Thu May 28 2026 15:31:21 GMT+0000 (Coordinated Universal Time),LEM00001
1,Shirts,1777650559287,"5063240157090, 5063240157090",C,1,LeMieux Brilliance Heyden Lightweight Base Layer,Rider > Accessories & Apparel > Shirts,IT08832018,Size: 4,Color: Black,,,,Wellington Warehouse,52.02,52.02,52.02,99.95,0,0,0.018181818,Thu May 28 2026 15:31:21 GMT+0000 (Coordinated Universal Time),LEM00001
1,Shirts,1777650559287,"5063240157137, 5063240157137",C,1,LeMieux Brilliance Heyden Lightweight Base Layer,Rider > Accessories & Apparel > Shirts,IT08833015,Size: 10,Color: Espresso,,,,Wellington Warehouse,52.02,52.02,52.02,99.95,0,0,,Thu May 28 2026 15:31:21 GMT+0000 (Coordinated Universal Time),LEM00001
0,Shirts,1777650559287,"5063240157113, 5063240157113",C,1,LeMieux Brilliance Heyden Lightweight Base Layer,Rider > Accessories & Apparel > Shirts,IT08833013,Size: 6,Color: Espresso,,,,Wellington Warehouse,52.02,52.02,52.02,99.95,0,0,0.020408163,Thu May 28 2026 15:31:21 GMT+0000 (Coordinated Universal Time),LEM00001
1,Shirts,1777650559287,"5063240157168, 5063240157168",C,1,LeMieux Brilliance Heyden Lightweight Base Layer,Rider > Accessories & Apparel > Shirts,IT08833018,Size: 4,Color: Espresso,,,,Wellington Warehouse,52.02,52.02,52.02,99.95,0,0,,Thu May 28 2026 15:31:21 GMT+0000 (Coordinated Universal Time),LEM00001
0,Shirts,1777650559287,"5063240157182, 5063240157182",C,1,LeMieux Brilliance Heyden Lightweight Base Layer,Rider > Accessories & Apparel > Shirts,IT08834013,Size: 6,Color: Navy,,,,Wellington Warehouse,52.02,52.02,52.02,99.95,0,0,0.012048192,Thu May 28 2026 15:31:21 GMT+0000 (Coordinated Universal Time),LEM00001
1,Shirts,1777650559287,"5063240157151, 5063240157151",C,1,LeMieux Brilliance Heyden Lightweight Base Layer,Rider > Accessories & Apparel > Shirts,IT08833017,Size: 2,Color: Espresso,,,,Wellington Warehouse,52.02,52.02,52.02,99.95,0,0,,Thu May 28 2026 15:31:21 GMT+0000 (Coordinated Universal Time),LEM00001
1,Shirts,1777650559287,"5063240157052, 5063240157052",C,1,LeMieux Brilliance Heyden Lightweight Base Layer,Rider > Accessories & Apparel > Shirts,IT08832014,Size: 8,Color: Black,,,,Wellington Warehouse,52.02,52.02,52.02,99.95,0,0,,Thu May 28 2026 15:31:21 GMT+0000 (Coordinated Universal Time),LEM00001
1,Shirts,1777650559287,"5063240157199, 5063240157199",C,1,LeMieux Brilliance Heyden Lightweight Base Layer,Rider > Accessories & Apparel > Shirts,IT08834014,Size: 8,Color: Navy,,,,Wellington Warehouse,52.02,52.02,52.02,99.95,0,0,,Thu May 28 2026 15:31:21 GMT+0000 (Coordinated Universal Time),LEM00001
1,Shirts,1777650559287,5063240157212,C,1,LeMieux Brilliance Heyden Lightweight Base Layer,Rider > Accessories & Apparel > Shirts,IT08834016,Size: 12,Color: Navy,,,,Wellington Warehouse,52.02,52.02,52.02,99.95,0,0,,Thu May 28 2026 15:31:21 GMT+0000 (Coordinated Universal Time),LEM00001
0,Shirts,1777650559287,"5063240157229, 5063240157229",C,1,LeMieux Brilliance Heyden Lightweight Base Layer,Rider > Accessories & Apparel > Shirts,IT08834017,Size: 2,Color: Navy,,,,Wellington Warehouse,52.02,52.02,52.02,99.95,0,0,0.021276595,Thu May 28 2026 15:31:21 GMT+0000 (Coordinated Universal Time),LEM00001
1,Shirts,1777650559287,"5063240159988, 5063240159988",C,1,LeMieux Brilliance T-Shirt,Rider > Accessories & Apparel > Shirts,IT08891018,Color: Navy,Size: 4,,,,Wellington Warehouse,28.35,28.35,28.35,54.95,0,0,,Thu May 28 2026 15:31:21 GMT+0000 (Coordinated Universal Time),LEM00001
1,Shirts,1777650559287,"5063240159964, 5063240159964",C,1,LeMieux Brilliance T-Shirt,Rider > Accessories & Apparel > Shirts,IT08891016,Color: Navy,Size: 12,,,,Wellington Warehouse,28.35,28.35,28.35,54.95,0,0,,Thu May 28 2026 15:31:21 GMT+0000 (Coordinated Universal Time),LEM00001
1,Shirts,1777650559287,"5063240159971, 5063240159971",C,1,LeMieux Brilliance T-Shirt,Rider > Accessories & Apparel > Shirts,IT08891017,Color: Navy,Size: 2,,,,Wellington Warehouse,28.35,28.35,28.35,54.95,0,0,,Thu May 28 2026 15:31:21 GMT+0000 (Coordinated Universal Time),LEM00001
1,Shirts,1777650559287,"5063240159919, 5063240159919",C,1,LeMieux Brilliance T-Shirt,Rider > Accessories & Apparel > Shirts,IT08890018,Color: Black,Size: 4,,,,Wellington Warehouse,28.35,28.35,28.35,54.95,0,0,,Thu May 28 2026 15:31:21 GMT+0000 (Coordinated Universal Time),LEM00001
1,Shirts,1777650559287,"5063240159902, 5063240159902",C,1,LeMieux Brilliance T-Shirt,Rider > Accessories & Apparel > Shirts,IT08890017,Color: Black,Size: 2,,,,Wellington Warehouse,28.35,28.35,28.35,54.95,0,0,,Thu May 28 2026 15:31:21 GMT+0000 (Coordinated Universal Time),LEM00001
1,Shirts,1777650559287,"5063240159889, 5063240159889",C,1,LeMieux Brilliance T-Shirt,Rider > Accessories & Apparel > Shirts,IT08890015,Color: Black,Size: 10,,,,Wellington Warehouse,28.35,28.35,28.35,54.95,0,0,,Thu May 28 2026 15:31:21 GMT+0000 (Coordinated Universal Time),LEM00001
1,Shirts,1777650559287,"5063240161165, 5063240161165",C,1,LeMieux Brilliance T-Shirt,Rider > Accessories & Apparel > Shirts,IT08890013,Color: Black,Size: 6,,,,Wellington Warehouse,28.35,28.35,28.35,54.95,0,0,,Thu May 28 2026 15:31:21 GMT+0000 (Coordinated Universal Time),LEM00001
0,Shirts,1777650559287,"5063240161172, 5063240161172",C,1,LeMieux Brilliance T-Shirt,Rider > Accessories & Apparel > Shirts,IT08891013,Color: Navy,Size: 6,,,,Wellington Warehouse,28.35,28.35,28.35,54.95,0,0,0.012048192,Thu May 28 2026 15:31:21 GMT+0000 (Coordinated Universal Time),LEM00001
1,Shirts,1777650559287,"5063240159896, 5063240159896",C,1,LeMieux Brilliance T-Shirt,Rider > Accessories & Apparel > Shirts,IT08890016,Color: Black,Size: 12,,,,Wellington Warehouse,28.35,28.35,28.35,54.95,0,0,,Thu May 28 2026 15:31:21 GMT+0000 (Coordinated Universal Time),LEM00001
1,Shirts,1777650559287,"5063240159957, 5063240159957",C,1,LeMieux Brilliance T-Shirt,Rider > Accessories & Apparel > Shirts,IT08891015,Color: Navy,Size: 10,,,,Wellington Warehouse,28.35,28.35,28.35,54.95,0,0,,Thu May 28 2026 15:31:21 GMT+0000 (Coordinated Universal Time),LEM00001
1,Shirts,1777650559287,"5063240159872, 5063240159872",C,1,LeMieux Brilliance T-Shirt,Rider > Accessories & Apparel > Shirts,IT08890014,Color: Black,Size: 8,,,,Wellington Warehouse,28.35,28.35,28.35,54.95,0,0,,Thu May 28 2026 15:31:21 GMT+0000 (Coordinated Universal Time),LEM00001
1,Shirts,1777650559287,"5063240159940, 5063240159940",C,1,LeMieux Brilliance T-Shirt,Rider > Accessories & Apparel > Shirts,IT08891014,Color: Navy,Size: 8,,,,Wellington Warehouse,28.35,28.35,28.35,54.95,0,0,,Thu May 28 2026 15:31:21 GMT+0000 (Coordinated Universal Time),LEM00001
2,Other,1777650559284,"5063240052739, 5063240052739",C,1,LeMieux Crystal Insert Belt,Rider > Accessories & Apparel > Belts,IT05552004,Size: Medium,Color: Brown,,,,Wellington Warehouse,37.33,37.33,37.33,74.95,0,0,,Thu May 28 2026 15:32:11 GMT+0000 (Coordinated Universal Time),LEM00001
1,Other,1777650559284,"5063240026662, 5063240026662",C,1,LeMieux Crystal Insert Belt,Rider > Accessories & Apparel > Belts,IT04760005,Size: Large,Color: Black,,,,Wellington Warehouse,37.33,37.33,37.33,74.95,0,0,,Thu May 28 2026 15:32:11 GMT+0000 (Coordinated Universal Time),LEM00001
1,Other,1777650559284,"5063240026631, 5063240026631",C,1,LeMieux Crystal Insert Belt,Rider > Accessories & Apparel > Belts,IT04760002,Size: Extra Small,Color: Black,,,,Wellington Warehouse,37.33,37.33,37.33,74.95,0,0,,Thu May 28 2026 15:32:11 GMT+0000 (Coordinated Universal Time),LEM00001
1,Other,1777650559284,"5063240052746, 5063240052746",C,1,LeMieux Crystal Insert Belt,Rider > Accessories & Apparel > Belts,IT05552005,Size: Large,Color: Brown,,,,Wellington Warehouse,37.33,37.33,37.33,74.95,0,0,,Thu May 28 2026 15:32:11 GMT+0000 (Coordinated Universal Time),LEM00001
1,BIN-03,1767722133134,"5063240162735, 5063240162735",Shelf 6,3,LeMieux Brilliance Fleece Edged Brushing Boot,Tack & Equipment > Boots & Wraps > Protective Boots > Front Boots,IT08957006,Color: White,Size: Extra Large,,,,Wellington Warehouse,42.56,42.56,42.56,84.95,0,0,,Thu May 28 2026 15:32:48 GMT+0000 (Coordinated Universal Time),LEM00001
2,BIN-03,1767722133134,"5063240162698, 5063240162698",Shelf 6,3,LeMieux Brilliance Fleece Edged Brushing Boot,Tack & Equipment > Boots & Wraps > Protective Boots > Front Boots,IT08956005,Color: Black,Size: Large,,,,Wellington Warehouse,42.56,42.56,42.56,84.95,0,0,,Thu May 28 2026 15:32:48 GMT+0000 (Coordinated Universal Time),LEM00001
2,BIN-03,1767722133134,"5063240162711, 5063240162711",Shelf 6,3,LeMieux Brilliance Fleece Edged Brushing Boot,Tack & Equipment > Boots & Wraps > Protective Boots > Front Boots,IT08957004,Color: White,Size: Medium,,,,Wellington Warehouse,42.56,42.56,42.56,84.95,0,0,,Thu May 28 2026 15:32:48 GMT+0000 (Coordinated Universal Time),LEM00001
2,BIN-03,1767722133134,"5063240162728, 5063240162728",Shelf 6,3,LeMieux Brilliance Fleece Edged Brushing Boot,Tack & Equipment > Boots & Wraps > Protective Boots > Front Boots,IT08957005,Color: White,Size: Large,,,,Wellington Warehouse,42.56,42.56,42.56,84.95,0,0,,Thu May 28 2026 15:32:48 GMT+0000 (Coordinated Universal Time),LEM00001
1,BIN-03,1767722133134,"5063240162704, 5063240162704",Shelf 6,3,LeMieux Brilliance Fleece Edged Brushing Boot,Tack & Equipment > Boots & Wraps > Protective Boots > Front Boots,IT08956006,Color: Black,Size: Extra Large,,,,Wellington Warehouse,42.56,42.56,42.56,84.95,0,0,,Thu May 28 2026 15:32:48 GMT+0000 (Coordinated Universal Time),LEM00001
2,BIN-03,1767722133134,"5063240162681, 5063240162681",Shelf 6,3,LeMieux Brilliance Fleece Edged Brushing Boot,Tack & Equipment > Boots & Wraps > Protective Boots > Front Boots,IT08956004,Color: Black,Size: Medium,,,,Wellington Warehouse,42.56,42.56,42.56,84.95,0,0,,Thu May 28 2026 15:32:48 GMT+0000 (Coordinated Universal Time),LEM00001
2,BIN-02,1767553027608,5063240136231,Shelf 4,2,LeMieux 360 Vision Fly Mask,Horse Wear > Fly & Insect Control > Fly Masks,IT08372006,Size: X-Large,Style: Half,Color: Grey,,,Wellington Warehouse,27.81,27.81,27.81,49.95,0,0,,,
3,BIN-02,1767553027608,5063240136279,Shelf 4,2,LeMieux 360 Vision Fly Mask,Horse Wear > Fly & Insect Control > Fly Masks,IT08373005,Size: Large,Style: Full,Color: Grey,,,Wellington Warehouse,29.35,29.35,29.35,54.95,0,0,,,
3,BIN-02,1767553027608,5063240136224,Shelf 4,2,LeMieux 360 Vision Fly Mask,Horse Wear > Fly & Insect Control > Fly Masks,IT08372005,Size: Large,Style: Half,Color: Grey,,,Wellington Warehouse,27.81,27.81,27.81,49.95,0,0,,,
2,BIN-02,1767553027608,5063240136217,Shelf 4,2,LeMieux 360 Vision Fly Mask,Horse Wear > Fly & Insect Control > Fly Masks,IT08372004,Size: Medium,Style: Half,Color: Grey,,,Wellington Warehouse,27.81,27.81,27.81,49.95,0,0,,,
2,BIN-02,1767553027608,5063240136262,Shelf 4,2,LeMieux 360 Vision Fly Mask,Horse Wear > Fly & Insect Control > Fly Masks,IT08373004,Size: Medium,Style: Full,Color: Grey,,,Wellington Warehouse,29.35,29.35,29.35,54.95,0,0,,,
0,Right,1774885231987,,Clothes,1,Yagya Lightweight Long Sleeve,Rider > Accessories & Apparel > Shirts,1000000000778,Size: XXS,Color: Black,,,,Wellington Warehouse,55.00,55.00,55.00,160.00,0,0,0.020833334,,
4,ROW 2 : LVL 1,1767888349951,715401670096,Supplements 1,1,Finish Line Total Control Plus,Horse Care > Supplements > Digestive & Gut Health,67009,Size: 9.3 Pounds,,,,,Wellington Warehouse,112.38,112.38,112.38,149.95,0,0,,,
2,Trailer SC Jackets,1785524151962,"1786724144723, 1786724144723",JUST TO COUNT,1,Solid Citizen Mel Mock Neck,Rider > Accessories & Apparel > Shirts,SCLA10EB-MOCHA-XS,Color: Mocha,Size: XS,,,,Wellington Warehouse,67.00,67.00,67.00,134.00,0,0,,Fri Aug 14 2026 16:15:08 GMT+0000 (Coordinated Universal Time),SOC00002
1,Trailer SC Jackets,1785524151962,"1786724837157, 1786724837157",JUST TO COUNT,1,Solid Citizen Mel Mock Neck,Rider > Accessories & Apparel > Shirts,SCLA10EB-OLIVE-L,Color: Olive Green,Size: L,,,,Wellington Warehouse,67.00,67.00,67.00,134.00,0,0,,Fri Aug 14 2026 16:33:17 GMT+0000 (Coordinated Universal Time),SOC00002
1,Trailer SC Jackets,1785524151962,"1786724773821, 1786724773821",JUST TO COUNT,1,Solid Citizen Mel Mock Neck,Rider > Accessories & Apparel > Shirts,SCLA10EB-MOCHA-L,Color: Mocha,Size: L,,,,Wellington Warehouse,67.00,67.00,67.00,134.00,0,0,,Fri Aug 14 2026 16:15:08 GMT+0000 (Coordinated Universal Time),SOC00002
2,Trailer SC Jackets,1785524151962,"1786724828458, 1786724828458",JUST TO COUNT,1,Solid Citizen Mel Mock Neck,Rider > Accessories & Apparel > Shirts,SCLA10EB-OLIVE-M,Color: Olive Green,Size: M,,,,Wellington Warehouse,67.00,67.00,67.00,134.00,0,1,,Fri Aug 14 2026 16:33:17 GMT+0000 (Coordinated Universal Time),SOC00002
2,Trailer SC Jackets,1785524151962,"1786724813533, 1786724813533",JUST TO COUNT,1,Solid Citizen Mel Mock Neck,Rider > Accessories & Apparel > Shirts,SCLA10EB-OLIVE-XS,Color: Olive Green,Size: XS,,,,Wellington Warehouse,67.00,67.00,67.00,134.00,0,0,,Fri Aug 14 2026 16:33:17 GMT+0000 (Coordinated Universal Time),SOC00002
2,Trailer SC Jackets,1785524151962,"1786724788776, 1786724788776",JUST TO COUNT,1,Solid Citizen Mel Mock Neck,Rider > Accessories & Apparel > Shirts,SCLA10EB-OLIVE-S,Color: Olive Green,Size: S,,,,Wellington Warehouse,67.00,67.00,67.00,134.00,0,1,,Fri Aug 14 2026 16:33:17 GMT+0000 (Coordinated Universal Time),SOC00002
3,Trailer SC Jackets,1785524151962,"1786724764165, 1786724764165",JUST TO COUNT,1,Solid Citizen Mel Mock Neck,Rider > Accessories & Apparel > Shirts,SCLA10EB-MOCHA-M,Color: Mocha,Size: M,,,,Wellington Warehouse,67.00,67.00,67.00,134.00,0,0,,Fri Aug 14 2026 16:15:08 GMT+0000 (Coordinated Universal Time),SOC00002
3,Trailer SC Jackets,1785524151962,"1786724751364, 1786724751364",JUST TO COUNT,1,Solid Citizen Mel Mock Neck,Rider > Accessories & Apparel > Shirts,SCLA10EB-MOCHA-S,Color: Mocha,Size: S,,,,Wellington Warehouse,67.00,67.00,67.00,134.00,0,0,,Fri Aug 14 2026 16:15:08 GMT+0000 (Coordinated Universal Time),SOC00002
3,Trailer SC Jackets,1785524151962,"1786725139421, 1786725139421",JUST TO COUNT,1,Solid Citizen Kelly Long Sleeve Polo,Rider > Accessories & Apparel > Shirts,SCLA11-OLIVE-M,Color: Olive Green,Size: M,,,,Wellington Warehouse,67.00,67.00,67.00,164.00,0,0,,Fri Aug 14 2026 16:36:12 GMT+0000 (Coordinated Universal Time),SOC00002
1,Trailer SC Jackets,1785524151962,1786725147409,JUST TO COUNT,1,Solid Citizen Kelly Long Sleeve Polo,Rider > Accessories & Apparel > Shirts,SCLA11-OLIVE-L,Color: Olive Green,Size: L,,,,Wellington Warehouse,67.00,67.00,67.00,164.00,0,0,,Fri Aug 14 2026 16:36:12 GMT+0000 (Coordinated Universal Time),SOC00002
2,Trailer SC Jackets,1785524151962,"1786725123206, 1786725123206",JUST TO COUNT,1,Solid Citizen Kelly Long Sleeve Polo,Rider > Accessories & Apparel > Shirts,SCLA11-OLIVE-XS,Color: Olive Green,Size: XS,,,,Wellington Warehouse,67.00,67.00,67.00,164.00,0,0,,Fri Aug 14 2026 16:36:12 GMT+0000 (Coordinated Universal Time),SOC00002
1,Trailer SC Jackets,1785524151962,"1786725178070, 1786725178070",JUST TO COUNT,1,Solid Citizen Kelly Long Sleeve Polo,Rider > Accessories & Apparel > Shirts,SCLA11-BLACK-L,Color: Black,Size: L,,,,Wellington Warehouse,67.00,67.00,67.00,164.00,0,0,,Fri Aug 14 2026 16:36:12 GMT+0000 (Coordinated Universal Time),SOC00002
3,Trailer SC Jackets,1785524151962,1786725132862,JUST TO COUNT,1,Solid Citizen Kelly Long Sleeve Polo,Rider > Accessories & Apparel > Shirts,SCLA11-OLIVE-S,Color: Olive Green,Size: S,,,,Wellington Warehouse,67.00,67.00,67.00,164.00,0,0,,Fri Aug 14 2026 16:36:12 GMT+0000 (Coordinated Universal Time),SOC00002
3,Trailer SC Jackets,1785524151962,"1786725168945, 1786725168945",JUST TO COUNT,1,Solid Citizen Kelly Long Sleeve Polo,Rider > Accessories & Apparel > Shirts,SCLA11-BLACK-M,Color: Black,Size: M,,,,Wellington Warehouse,67.00,67.00,67.00,164.00,0,0,,Fri Aug 14 2026 16:36:12 GMT+0000 (Coordinated Universal Time),SOC00002
3,Trailer SC Jackets,1785524151962,"1786725161012, 1786725161012",JUST TO COUNT,1,Solid Citizen Kelly Long Sleeve Polo,Rider > Accessories & Apparel > Shirts,SCLA11-BLACK-S,Color: Black,Size: S,,,,Wellington Warehouse,67.00,67.00,67.00,164.00,0,0,,Fri Aug 14 2026 16:36:12 GMT+0000 (Coordinated Universal Time),SOC00002
2,Trailer SC Jackets,1785524151962,1786725154261,JUST TO COUNT,1,Solid Citizen Kelly Long Sleeve Polo,Rider > Accessories & Apparel > Shirts,SCLA11-BLACK-XS,Color: Black,Size: XS,,,,Wellington Warehouse,67.00,67.00,67.00,164.00,0,0,,Fri Aug 14 2026 16:36:12 GMT+0000 (Coordinated Universal Time),SOC00002
4,Trailer SC Jackets,1785524151962,"1787336414955, 1787336414955",JUST TO COUNT,1,Solid Citizen Stella Show Shirt,Rider > Accessories & Apparel > Shirts,SCLA13-BLACK-S,Color: Black,Size: S,,,,Wellington Warehouse,82.00,82.00,82.00,180.00,0,0,,,
4,Trailer SC Jackets,1785524151962,"1787336748573, 1787336748573",JUST TO COUNT,1,Solid Citizen Stella Show Shirt,Rider > Accessories & Apparel > Shirts,SCLA13-BLACK-M,Color: Black,Size: M,,,,Wellington Warehouse,82.00,82.00,82.00,180.00,0,0,,,
2,Trailer SC Jackets,1785524151962,"1787336883476, 1787336883476",JUST TO COUNT,1,Solid Citizen Stella Show Shirt,Rider > Accessories & Apparel > Shirts,SCLA13-BLACK-L,Color: Black,Size: L,,,,Wellington Warehouse,82.00,82.00,82.00,180.00,0,0,,,
3,Trailer SC Jackets,1785524151962,"1787336234858, 1787336234858",JUST TO COUNT,1,Solid Citizen Stella Show Shirt,Rider > Accessories & Apparel > Shirts,SCLA13-BLACK-XS,Color: Black,Size: XS,,,,Wellington Warehouse,82.00,82.00,82.00,180.00,0,0,,,
1,Trailer SC Jackets,1785524151962,,JUST TO COUNT,1,Solid Citizen Winnie Warm Up WindBreaker,Rider > Accessories & Apparel > Shirts,SC58-COCO-M,Color: Coco Brown,Size: M,,,,Wellington Warehouse,67.00,67.00,67.00,190.00,0,0,0.037037037,Fri Jul 31 2026 18:56:27 GMT+0000 (Coordinated Universal Time),COT00001
1,Trailer SC Jackets,1785524151962,,JUST TO COUNT,1,Solid Citizen Winnie Warm Up WindBreaker,Rider > Accessories & Apparel > Shirts,SC58-OLIVE-XS,Color: Olive Green,Size: XS,,,,Wellington Warehouse,67.00,67.00,67.00,190.00,0,0,,Fri Jul 31 2026 18:56:27 GMT+0000 (Coordinated Universal Time),COT00001
1,Trailer SC Jackets,1785524151962,,JUST TO COUNT,1,Solid Citizen Winnie Warm Up WindBreaker,Rider > Accessories & Apparel > Shirts,SC58-COCO-L,Color: Coco Brown,Size: L,,,,Wellington Warehouse,67.00,67.00,67.00,190.00,0,0,,Fri Jul 31 2026 18:56:27 GMT+0000 (Coordinated Universal Time),COT00001
1,Trailer SC Jackets,1785524151962,,JUST TO COUNT,1,Solid Citizen Winnie Warm Up WindBreaker,Rider > Accessories & Apparel > Shirts,SC58-OLIVE-M,Color: Olive Green,Size: M,,,,Wellington Warehouse,67.00,67.00,67.00,190.00,0,0,,Fri Jul 31 2026 18:56:27 GMT+0000 (Coordinated Universal Time),COT00001
1,Trailer SC Jackets,1785524151962,,JUST TO COUNT,1,Solid Citizen Winnie Warm Up WindBreaker,Rider > Accessories & Apparel > Shirts,SC58-COCO-S,Color: Coco Brown,Size: S,,,,Wellington Warehouse,67.00,67.00,67.00,190.00,0,0,0.03846154,Fri Jul 31 2026 18:56:27 GMT+0000 (Coordinated Universal Time),COT00001
1,Trailer SC Jackets,1785524151962,,JUST TO COUNT,1,Solid Citizen Winnie Warm Up WindBreaker,Rider > Accessories & Apparel > Shirts,SC58-COCO-XS,Color: Coco Brown,Size: XS,,,,Wellington Warehouse,67.00,67.00,67.00,190.00,0,0,,Fri Jul 31 2026 18:56:27 GMT+0000 (Coordinated Universal Time),COT00001
1,Trailer SC Jackets,1785524151962,,JUST TO COUNT,1,Solid Citizen Winnie Warm Up WindBreaker,Rider > Accessories & Apparel > Shirts,SC58-OLIVE-L,Color: Olive Green,Size: L,,,,Wellington Warehouse,67.00,67.00,67.00,190.00,0,0,,Fri Jul 31 2026 18:56:27 GMT+0000 (Coordinated Universal Time),COT00001
1,Trailer SC Jackets,1785524151962,,JUST TO COUNT,1,Solid Citizen Winnie Warm Up WindBreaker,Rider > Accessories & Apparel > Shirts,SC58-OLIVE-S,Color: Olive Green,Size: S,,,,Wellington Warehouse,67.00,67.00,67.00,190.00,0,0,0.037037037,Fri Jul 31 2026 18:56:27 GMT+0000 (Coordinated Universal Time),COT00001
1,Trailer SC Jackets,1785524151962,,JUST TO COUNT,1,Solid Citizen Whitney Whipstitch,Rider > Accessories & Apparel > Shirts,SC59-BROWN-XS,Color: Brown,Size: XS,,,,Wellington Warehouse,90.00,90.00,90.00,140.00,0,0,,Fri Jul 31 2026 18:56:27 GMT+0000 (Coordinated Universal Time),COT00001
1,Trailer SC Jackets,1785524151962,,JUST TO COUNT,1,Solid Citizen Whitney Whipstitch,Rider > Accessories & Apparel > Shirts,SC59-BROWN-S,Color: Brown,Size: S,,,,Wellington Warehouse,90.00,90.00,90.00,140.00,0,0,0.04,Fri Jul 31 2026 18:56:27 GMT+0000 (Coordinated Universal Time),COT00001
1,Trailer SC Jackets,1785524151962,,JUST TO COUNT,1,Solid Citizen Whitney Whipstitch,Rider > Accessories & Apparel > Shirts,SC59-BROWN-M,Color: Brown,Size: M,,,,Wellington Warehouse,90.00,90.00,90.00,140.00,0,0,,Fri Jul 31 2026 18:56:27 GMT+0000 (Coordinated Universal Time),COT00001
1,Trailer SC Jackets,1785524151962,,JUST TO COUNT,1,Solid Citizen Whitney Whipstitch,Rider > Accessories & Apparel > Shirts,SC59-BROWN-L,Color: Brown,Size: L,,,,Wellington Warehouse,90.00,90.00,90.00,140.00,0,0,,Fri Jul 31 2026 18:56:27 GMT+0000 (Coordinated Universal Time),COT00001
1,Trailer SC Jackets,1785524151962,,JUST TO COUNT,1,Solid Citizen Bowie Quilted Barn Jacket,Rider > Accessories & Apparel > Shirts,SC57-NAVY-S,Color: Navy,Size: S,,,,Wellington Warehouse,70.00,70.00,70.00,250.00,0,0,,Fri Jul 31 2026 18:56:27 GMT+0000 (Coordinated Universal Time),COT00001
1,Trailer SC Jackets,1785524151962,,JUST TO COUNT,1,Solid Citizen Bowie Quilted Barn Jacket,Rider > Accessories & Apparel > Shirts,SC57-NAVY-M,Color: Navy,Size: M,,,,Wellington Warehouse,70.00,70.00,70.00,250.00,0,0,,Fri Jul 31 2026 18:56:27 GMT+0000 (Coordinated Universal Time),COT00001
1,Trailer SC Jackets,1785524151962,,JUST TO COUNT,1,Solid Citizen Bowie Quilted Barn Jacket,Rider > Accessories & Apparel > Shirts,SC57-NAVY-L,Color: Navy,Size: L,,,,Wellington Warehouse,70.00,70.00,70.00,250.00,0,0,,Fri Jul 31 2026 18:56:27 GMT+0000 (Coordinated Universal Time),COT00001
1,Trailer SC Jackets,1785524151962,,JUST TO COUNT,1,Solid Citizen Bowie Quilted Barn Jacket,Rider > Accessories & Apparel > Shirts,SC57-NAVY-XS,Color: Navy,Size: XS,,,,Wellington Warehouse,70.00,70.00,70.00,250.00,0,0,,Fri Jul 31 2026 18:56:27 GMT+0000 (Coordinated Universal Time),COT00001
4,ROW 2 : LVL 2,1774281650392,,Hoof/Treats,2,Enviro Equine Healthy Pony Treats,Horse Care > Treats & Toys > Treats,HPOT32,Size: 32 Ounce,,,,,Wellington Warehouse,26.00,26.00,26.00,40.00,0,0,,,
4,ROW 2 : LVL 2,1774281650392,,Hoof/Treats,2,Enviro Equine Healthy Hound Treats,Dog > Treats & Accessories,HHHT16,Size: 16 Ounce,,,,,Wellington Warehouse,26.00,26.00,26.00,45.00,0,0,,,
1,ROW 2 : LVL 1,1767888349951,681744201276,Supplements 1,1,Adeptus Gleam & Gain Supreme,Horse Care > Supplements > Skin & Coat,20127,Size: 20lb,,,,,Wellington Warehouse,138.91,141.61,144.30,177.95,0,0,0.125,,
1,BIN-02,1768845014310,5404022045622,Shelf 13,2,Dy'on Cavesson Hunter Noseband Bridle - US Collection,"Tack & Equipment > Bridles, Headstalls & Reins > English Bridles & Reins > Bridles",USKOAKBRF,Size: Full,Color: Brown,,,,Wellington Warehouse,186.85,186.85,186.85,694.99,0,0,,,
1,BIN-02,1768845014310,5404022060359,Shelf 13,2,Dy'on Anatomic Flash Noseband Bridle - US Collection,"Tack & Equipment > Bridles, Headstalls & Reins > English Bridles & Reins > Bridles",USABABBRC,Size: Cob,Color: Brown,,,,Wellington Warehouse,193.77,193.77,193.77,674.99,0,0,,,
1,BIN-02,1768845014310,5404022060373,Shelf 13,2,Dy'on Anatomic Flash Noseband Bridle - US Collection,"Tack & Equipment > Bridles, Headstalls & Reins > English Bridles & Reins > Bridles",USABABBRO,Size: Oversize,Color: Brown,,,,Wellington Warehouse,193.77,193.77,193.77,674.99,0,0,,,
4,BIN-02,1768845014310,5404022063404,Shelf 13,2,Dy'on Flash Noseband Double Bridle - New English Collection,"Tack & Equipment > Bridles, Headstalls & Reins > English Bridles & Reins > Bridles",NELAAABRF,Size: Full,Color: Brown,,,,Wellington Warehouse,193.77,193.77,193.77,704.99,0,0,,,
3,BIN-05,1768845014313,5404022035210,Shelf 13,5,Dy'on Running Martingale Attachment - D Collection,Tack & Equipment > Martingales & Breastplates,DY07ABLF,Size: Full,Color: Black,,,,Wellington Warehouse,35.29,35.29,35.29,124.99,0,0,,,
1,BIN-05,1768845014313,5404022032936,Shelf 13,5,Dy'on Cheekpieces - D Collection,"Tack & Equipment > Bridles, Headstalls & Reins > English Bridles & Reins > Bridle Accessories",DY03ABRO,Size: Oversized,,,,,Wellington Warehouse,24.86,24.86,24.86,89.99,0,0,,,
1,BIN-05,1768845014313,5404022032929,Shelf 13,5,Dy'on Cheekpieces - D Collection,"Tack & Equipment > Bridles, Headstalls & Reins > English Bridles & Reins > Bridle Accessories",DY03ABRF,Size: Full,,,,,Wellington Warehouse,24.86,24.86,24.86,89.99,0,0,,,
1,BIN-05,1768845014313,5404022032905,Shelf 13,5,Dy'on Cheekpieces - D Collection,"Tack & Equipment > Bridles, Headstalls & Reins > English Bridles & Reins > Bridle Accessories",DY03ABRP,Size: Pony,,,,,Wellington Warehouse,24.86,24.86,24.86,89.99,0,0,,,
1,BIN-05,1768845014313,5404022032912,Shelf 13,5,Dy'on Cheekpieces - D Collection,"Tack & Equipment > Bridles, Headstalls & Reins > English Bridles & Reins > Bridle Accessories",DY03ABRC,Size: Cob,,,,,Wellington Warehouse,24.86,24.86,24.86,89.99,0,0,,,
1,BIN-05,1768845014313,5404022030086,Shelf 13,5,Dy'on Head Strap For Noseband,"Tack & Equipment > Bridles, Headstalls & Reins > English Bridles & Reins > Bridle Accessories",AB99FBRF,Size: Full,,,,,Wellington Warehouse,25.61,25.61,25.61,44.99,0,0,,,
1,BIN-05,1768845014313,5404022030079,Shelf 13,5,Dy'on Head Strap For Noseband,"Tack & Equipment > Bridles, Headstalls & Reins > English Bridles & Reins > Bridle Accessories",AB99FBRC,Size: Cob,,,,,Wellington Warehouse,25.61,25.61,25.61,44.99,0,0,,,
1,BIN-05,1768845014313,5404022046735,Shelf 13,5,"Dy'on 1/2"" Rubber Reins With 7 Leather Loops - US Collection","Tack & Equipment > Bridles, Headstalls & Reins > English Bridles & Reins > Reins",US05CBRC,Size: Cob,Color: Brown,,,,Wellington Warehouse,93.42,93.42,93.42,249.99,0,0,,,
1,BIN-05,1768845014313,5404022033506,Shelf 13,5,Dy'on Anatomic Flash Noseband - D Collection,"Tack & Equipment > Bridles, Headstalls & Reins > English Bridles & Reins > Bridle Accessories",DY04BBRO,Size: Oversize,,,,,Wellington Warehouse,60.47,60.47,60.47,269.99,0,0,,,
1,BIN-05,1768845014313,5404022032738,Shelf 13,5,Dy'on White Swarovski V-Shaped Browband - D Collection,"Tack & Equipment > Bridles, Headstalls & Reins > English Bridles & Reins > Bridle Accessories",DY02HBRF,Size: Full,,,,,Wellington Warehouse,28.08,28.08,28.08,274.99,0,0,,,